ISO-10303-21;
HEADER;
FILE_DESCRIPTION(('KiCad electronic assembly'),'2;1');
FILE_NAME('OSCARPCB.step','2026-03-03T15:38:11',('Pcbnew'),('Kicad'),
  'Open CASCADE STEP processor 7.9','KiCad to STEP converter','Unknown'
  );
FILE_SCHEMA(('AUTOMOTIVE_DESIGN { 1 0 10303 214 1 1 1 1 }'));
ENDSEC;
DATA;
#1 = APPLICATION_PROTOCOL_DEFINITION('international standard',
  'automotive_design',2000,#2);
#2 = APPLICATION_CONTEXT(
  'core data for automotive mechanical design processes');
#3 = SHAPE_DEFINITION_REPRESENTATION(#4,#10);
#4 = PRODUCT_DEFINITION_SHAPE('','',#5);
#5 = PRODUCT_DEFINITION('design','',#6,#9);
#6 = PRODUCT_DEFINITION_FORMATION('','',#7);
#7 = PRODUCT('OSCARPCB 1','OSCARPCB 1','',(#8));
#8 = PRODUCT_CONTEXT('',#2,'mechanical');
#9 = PRODUCT_DEFINITION_CONTEXT('part definition',#2,'design');
#10 = SHAPE_REPRESENTATION('',(#11,#15,#19,#23,#27,#31,#35),#39);
#11 = AXIS2_PLACEMENT_3D('',#12,#13,#14);
#12 = CARTESIAN_POINT('',(0.,0.,0.));
#13 = DIRECTION('',(0.,0.,1.));
#14 = DIRECTION('',(1.,0.,-0.));
#15 = AXIS2_PLACEMENT_3D('',#16,#17,#18);
#16 = CARTESIAN_POINT('',(109.,-138.275,1.595));
#17 = DIRECTION('',(0.,0.,1.));
#18 = DIRECTION('',(-1.,1.224646799147E-16,0.));
#19 = AXIS2_PLACEMENT_3D('',#20,#21,#22);
#20 = CARTESIAN_POINT('',(94.975,-122.025,1.595));
#21 = DIRECTION('',(0.,0.,1.));
#22 = DIRECTION('',(-1.,1.224646799147E-16,0.));
#23 = AXIS2_PLACEMENT_3D('',#24,#25,#26);
#24 = CARTESIAN_POINT('',(136.025,-135.75,1.595));
#25 = DIRECTION('',(0.,0.,1.));
#26 = DIRECTION('',(1.,0.,0.));
#27 = AXIS2_PLACEMENT_3D('',#28,#29,#30);
#28 = CARTESIAN_POINT('',(96.,-95.92,1.595));
#29 = DIRECTION('',(0.,0.,1.));
#30 = DIRECTION('',(1.,0.,0.));
#31 = AXIS2_PLACEMENT_3D('',#32,#33,#34);
#32 = CARTESIAN_POINT('',(139.5,-108.62,1.595));
#33 = DIRECTION('',(0.,0.,1.));
#34 = DIRECTION('',(-1.,1.224646799147E-16,0.));
#35 = AXIS2_PLACEMENT_3D('',#36,#37,#38);
#36 = CARTESIAN_POINT('',(0.,0.,0.));
#37 = DIRECTION('',(0.,0.,1.));
#38 = DIRECTION('',(1.,0.,-0.));
#39 = ( GEOMETRIC_REPRESENTATION_CONTEXT(3) 
GLOBAL_UNCERTAINTY_ASSIGNED_CONTEXT((#43)) GLOBAL_UNIT_ASSIGNED_CONTEXT(
(#40,#41,#42)) REPRESENTATION_CONTEXT('Context #1',
  '3D Context with UNIT and UNCERTAINTY') );
#40 = ( LENGTH_UNIT() NAMED_UNIT(*) SI_UNIT(.MILLI.,.METRE.) );
#41 = ( NAMED_UNIT(*) PLANE_ANGLE_UNIT() SI_UNIT($,.RADIAN.) );
#42 = ( NAMED_UNIT(*) SI_UNIT($,.STERADIAN.) SOLID_ANGLE_UNIT() );
#43 = UNCERTAINTY_MEASURE_WITH_UNIT(LENGTH_MEASURE(1.E-07),#40,
  'distance_accuracy_value','confusion accuracy');
#44 = PRODUCT_RELATED_PRODUCT_CATEGORY('part',$,(#7));
#45 = SHAPE_DEFINITION_REPRESENTATION(#46,#52);
#46 = PRODUCT_DEFINITION_SHAPE('','',#47);
#47 = PRODUCT_DEFINITION('design','',#48,#51);
#48 = PRODUCT_DEFINITION_FORMATION('','',#49);
#49 = PRODUCT('PinHeader_1x02_P2.54mm_Vertical',
  'PinHeader_1x02_P2.54mm_Vertical','',(#50));
#50 = PRODUCT_CONTEXT('',#2,'mechanical');
#51 = PRODUCT_DEFINITION_CONTEXT('part definition',#2,'design');
#52 = ADVANCED_BREP_SHAPE_REPRESENTATION('',(#11,#53),#1485);
#53 = MANIFOLD_SOLID_BREP('',#54);
#54 = CLOSED_SHELL('',(#55,#95,#126,#157,#322,#487,#504,#521,#538,#555,
    #572,#589,#606,#623,#640,#657,#669,#700,#724,#748,#765,#796,#820,
    #844,#861,#892,#916,#940,#957,#988,#1012,#1036,#1053,#1084,#1108,
    #1132,#1149,#1180,#1204,#1228,#1245,#1276,#1300,#1324,#1341,#1372,
    #1396,#1420,#1437,#1449,#1461,#1473));
#55 = ADVANCED_FACE('',(#56),#90,.F.);
#56 = FACE_BOUND('',#57,.F.);
#57 = EDGE_LOOP('',(#58,#68,#76,#84));
#58 = ORIENTED_EDGE('',*,*,#59,.T.);
#59 = EDGE_CURVE('',#60,#62,#64,.T.);
#60 = VERTEX_POINT('',#61);
#61 = CARTESIAN_POINT('',(-1.016,1.27,0.));
#62 = VERTEX_POINT('',#63);
#63 = CARTESIAN_POINT('',(-1.016,1.27,2.54));
#64 = LINE('',#65,#66);
#65 = CARTESIAN_POINT('',(-1.016,1.27,0.));
#66 = VECTOR('',#67,1.);
#67 = DIRECTION('',(0.,0.,1.));
#68 = ORIENTED_EDGE('',*,*,#69,.T.);
#69 = EDGE_CURVE('',#62,#70,#72,.T.);
#70 = VERTEX_POINT('',#71);
#71 = CARTESIAN_POINT('',(-1.27,1.016,2.54));
#72 = LINE('',#73,#74);
#73 = CARTESIAN_POINT('',(-1.016,1.27,2.54));
#74 = VECTOR('',#75,1.);
#75 = DIRECTION('',(-0.707106781187,-0.707106781187,0.));
#76 = ORIENTED_EDGE('',*,*,#77,.F.);
#77 = EDGE_CURVE('',#78,#70,#80,.T.);
#78 = VERTEX_POINT('',#79);
#79 = CARTESIAN_POINT('',(-1.27,1.016,0.));
#80 = LINE('',#81,#82);
#81 = CARTESIAN_POINT('',(-1.27,1.016,0.));
#82 = VECTOR('',#83,1.);
#83 = DIRECTION('',(0.,0.,1.));
#84 = ORIENTED_EDGE('',*,*,#85,.F.);
#85 = EDGE_CURVE('',#60,#78,#86,.T.);
#86 = LINE('',#87,#88);
#87 = CARTESIAN_POINT('',(-1.016,1.27,0.));
#88 = VECTOR('',#89,1.);
#89 = DIRECTION('',(-0.707106781187,-0.707106781187,0.));
#90 = PLANE('',#91);
#91 = AXIS2_PLACEMENT_3D('',#92,#93,#94);
#92 = CARTESIAN_POINT('',(-1.016,1.27,0.));
#93 = DIRECTION('',(0.707106781187,-0.707106781187,0.));
#94 = DIRECTION('',(-0.707106781187,-0.707106781187,0.));
#95 = ADVANCED_FACE('',(#96),#121,.F.);
#96 = FACE_BOUND('',#97,.F.);
#97 = EDGE_LOOP('',(#98,#108,#114,#115));
#98 = ORIENTED_EDGE('',*,*,#99,.T.);
#99 = EDGE_CURVE('',#100,#102,#104,.T.);
#100 = VERTEX_POINT('',#101);
#101 = CARTESIAN_POINT('',(1.016,1.27,0.));
#102 = VERTEX_POINT('',#103);
#103 = CARTESIAN_POINT('',(1.016,1.27,2.54));
#104 = LINE('',#105,#106);
#105 = CARTESIAN_POINT('',(1.016,1.27,0.));
#106 = VECTOR('',#107,1.);
#107 = DIRECTION('',(0.,0.,1.));
#108 = ORIENTED_EDGE('',*,*,#109,.T.);
#109 = EDGE_CURVE('',#102,#62,#110,.T.);
#110 = LINE('',#111,#112);
#111 = CARTESIAN_POINT('',(1.016,1.27,2.54));
#112 = VECTOR('',#113,1.);
#113 = DIRECTION('',(-1.,0.,0.));
#114 = ORIENTED_EDGE('',*,*,#59,.F.);
#115 = ORIENTED_EDGE('',*,*,#116,.F.);
#116 = EDGE_CURVE('',#100,#60,#117,.T.);
#117 = LINE('',#118,#119);
#118 = CARTESIAN_POINT('',(1.016,1.27,0.));
#119 = VECTOR('',#120,1.);
#120 = DIRECTION('',(-1.,0.,0.));
#121 = PLANE('',#122);
#122 = AXIS2_PLACEMENT_3D('',#123,#124,#125);
#123 = CARTESIAN_POINT('',(1.016,1.27,0.));
#124 = DIRECTION('',(0.,-1.,0.));
#125 = DIRECTION('',(-1.,0.,0.));
#126 = ADVANCED_FACE('',(#127),#152,.F.);
#127 = FACE_BOUND('',#128,.F.);
#128 = EDGE_LOOP('',(#129,#130,#138,#146));
#129 = ORIENTED_EDGE('',*,*,#77,.T.);
#130 = ORIENTED_EDGE('',*,*,#131,.T.);
#131 = EDGE_CURVE('',#70,#132,#134,.T.);
#132 = VERTEX_POINT('',#133);
#133 = CARTESIAN_POINT('',(-1.27,-1.016,2.54));
#134 = LINE('',#135,#136);
#135 = CARTESIAN_POINT('',(-1.27,1.016,2.54));
#136 = VECTOR('',#137,1.);
#137 = DIRECTION('',(0.,-1.,0.));
#138 = ORIENTED_EDGE('',*,*,#139,.F.);
#139 = EDGE_CURVE('',#140,#132,#142,.T.);
#140 = VERTEX_POINT('',#141);
#141 = CARTESIAN_POINT('',(-1.27,-1.016,0.));
#142 = LINE('',#143,#144);
#143 = CARTESIAN_POINT('',(-1.27,-1.016,0.));
#144 = VECTOR('',#145,1.);
#145 = DIRECTION('',(0.,0.,1.));
#146 = ORIENTED_EDGE('',*,*,#147,.F.);
#147 = EDGE_CURVE('',#78,#140,#148,.T.);
#148 = LINE('',#149,#150);
#149 = CARTESIAN_POINT('',(-1.27,1.016,0.));
#150 = VECTOR('',#151,1.);
#151 = DIRECTION('',(0.,-1.,0.));
#152 = PLANE('',#153);
#153 = AXIS2_PLACEMENT_3D('',#154,#155,#156);
#154 = CARTESIAN_POINT('',(-1.27,1.016,0.));
#155 = DIRECTION('',(1.,0.,0.));
#156 = DIRECTION('',(0.,-1.,0.));
#157 = ADVANCED_FACE('',(#158,#249,#283),#317,.F.);
#158 = FACE_BOUND('',#159,.F.);
#159 = EDGE_LOOP('',(#160,#161,#162,#170,#178,#186,#194,#202,#210,#218,
    #226,#234,#242,#248));
#160 = ORIENTED_EDGE('',*,*,#85,.T.);
#161 = ORIENTED_EDGE('',*,*,#147,.T.);
#162 = ORIENTED_EDGE('',*,*,#163,.T.);
#163 = EDGE_CURVE('',#140,#164,#166,.T.);
#164 = VERTEX_POINT('',#165);
#165 = CARTESIAN_POINT('',(-1.016,-1.27,0.));
#166 = LINE('',#167,#168);
#167 = CARTESIAN_POINT('',(-1.27,-1.016,0.));
#168 = VECTOR('',#169,1.);
#169 = DIRECTION('',(0.707106781187,-0.707106781187,0.));
#170 = ORIENTED_EDGE('',*,*,#171,.T.);
#171 = EDGE_CURVE('',#164,#172,#174,.T.);
#172 = VERTEX_POINT('',#173);
#173 = CARTESIAN_POINT('',(-1.27,-1.524,0.));
#174 = LINE('',#175,#176);
#175 = CARTESIAN_POINT('',(-1.016,-1.27,0.));
#176 = VECTOR('',#177,1.);
#177 = DIRECTION('',(-0.707106781187,-0.707106781187,0.));
#178 = ORIENTED_EDGE('',*,*,#179,.T.);
#179 = EDGE_CURVE('',#172,#180,#182,.T.);
#180 = VERTEX_POINT('',#181);
#181 = CARTESIAN_POINT('',(-1.27,-3.556,0.));
#182 = LINE('',#183,#184);
#183 = CARTESIAN_POINT('',(-1.27,-1.524,0.));
#184 = VECTOR('',#185,1.);
#185 = DIRECTION('',(0.,-1.,0.));
#186 = ORIENTED_EDGE('',*,*,#187,.T.);
#187 = EDGE_CURVE('',#180,#188,#190,.T.);
#188 = VERTEX_POINT('',#189);
#189 = CARTESIAN_POINT('',(-1.016,-3.81,0.));
#190 = LINE('',#191,#192);
#191 = CARTESIAN_POINT('',(-1.27,-3.556,0.));
#192 = VECTOR('',#193,1.);
#193 = DIRECTION('',(0.707106781187,-0.707106781187,0.));
#194 = ORIENTED_EDGE('',*,*,#195,.T.);
#195 = EDGE_CURVE('',#188,#196,#198,.T.);
#196 = VERTEX_POINT('',#197);
#197 = CARTESIAN_POINT('',(1.016,-3.81,0.));
#198 = LINE('',#199,#200);
#199 = CARTESIAN_POINT('',(-1.016,-3.81,0.));
#200 = VECTOR('',#201,1.);
#201 = DIRECTION('',(1.,0.,0.));
#202 = ORIENTED_EDGE('',*,*,#203,.T.);
#203 = EDGE_CURVE('',#196,#204,#206,.T.);
#204 = VERTEX_POINT('',#205);
#205 = CARTESIAN_POINT('',(1.27,-3.556,0.));
#206 = LINE('',#207,#208);
#207 = CARTESIAN_POINT('',(1.016,-3.81,0.));
#208 = VECTOR('',#209,1.);
#209 = DIRECTION('',(0.707106781187,0.707106781187,0.));
#210 = ORIENTED_EDGE('',*,*,#211,.T.);
#211 = EDGE_CURVE('',#204,#212,#214,.T.);
#212 = VERTEX_POINT('',#213);
#213 = CARTESIAN_POINT('',(1.27,-1.524,0.));
#214 = LINE('',#215,#216);
#215 = CARTESIAN_POINT('',(1.27,-3.556,0.));
#216 = VECTOR('',#217,1.);
#217 = DIRECTION('',(0.,1.,0.));
#218 = ORIENTED_EDGE('',*,*,#219,.T.);
#219 = EDGE_CURVE('',#212,#220,#222,.T.);
#220 = VERTEX_POINT('',#221);
#221 = CARTESIAN_POINT('',(1.016,-1.27,0.));
#222 = LINE('',#223,#224);
#223 = CARTESIAN_POINT('',(1.27,-1.524,0.));
#224 = VECTOR('',#225,1.);
#225 = DIRECTION('',(-0.707106781187,0.707106781187,0.));
#226 = ORIENTED_EDGE('',*,*,#227,.T.);
#227 = EDGE_CURVE('',#220,#228,#230,.T.);
#228 = VERTEX_POINT('',#229);
#229 = CARTESIAN_POINT('',(1.27,-1.016,0.));
#230 = LINE('',#231,#232);
#231 = CARTESIAN_POINT('',(1.016,-1.27,0.));
#232 = VECTOR('',#233,1.);
#233 = DIRECTION('',(0.707106781187,0.707106781187,0.));
#234 = ORIENTED_EDGE('',*,*,#235,.T.);
#235 = EDGE_CURVE('',#228,#236,#238,.T.);
#236 = VERTEX_POINT('',#237);
#237 = CARTESIAN_POINT('',(1.27,1.016,0.));
#238 = LINE('',#239,#240);
#239 = CARTESIAN_POINT('',(1.27,-1.016,0.));
#240 = VECTOR('',#241,1.);
#241 = DIRECTION('',(0.,1.,0.));
#242 = ORIENTED_EDGE('',*,*,#243,.T.);
#243 = EDGE_CURVE('',#236,#100,#244,.T.);
#244 = LINE('',#245,#246);
#245 = CARTESIAN_POINT('',(1.27,1.016,0.));
#246 = VECTOR('',#247,1.);
#247 = DIRECTION('',(-0.707106781187,0.707106781187,0.));
#248 = ORIENTED_EDGE('',*,*,#116,.T.);
#249 = FACE_BOUND('',#250,.F.);
#250 = EDGE_LOOP('',(#251,#261,#269,#277));
#251 = ORIENTED_EDGE('',*,*,#252,.T.);
#252 = EDGE_CURVE('',#253,#255,#257,.T.);
#253 = VERTEX_POINT('',#254);
#254 = CARTESIAN_POINT('',(0.32,-0.32,0.));
#255 = VERTEX_POINT('',#256);
#256 = CARTESIAN_POINT('',(-0.32,-0.32,0.));
#257 = LINE('',#258,#259);
#258 = CARTESIAN_POINT('',(-0.16,-0.32,0.));
#259 = VECTOR('',#260,1.);
#260 = DIRECTION('',(-1.,0.,0.));
#261 = ORIENTED_EDGE('',*,*,#262,.T.);
#262 = EDGE_CURVE('',#255,#263,#265,.T.);
#263 = VERTEX_POINT('',#264);
#264 = CARTESIAN_POINT('',(-0.32,0.32,0.));
#265 = LINE('',#266,#267);
#266 = CARTESIAN_POINT('',(-0.32,-0.795,0.));
#267 = VECTOR('',#268,1.);
#268 = DIRECTION('',(0.,1.,0.));
#269 = ORIENTED_EDGE('',*,*,#270,.F.);
#270 = EDGE_CURVE('',#271,#263,#273,.T.);
#271 = VERTEX_POINT('',#272);
#272 = CARTESIAN_POINT('',(0.32,0.32,0.));
#273 = LINE('',#274,#275);
#274 = CARTESIAN_POINT('',(-0.16,0.32,0.));
#275 = VECTOR('',#276,1.);
#276 = DIRECTION('',(-1.,0.,0.));
#277 = ORIENTED_EDGE('',*,*,#278,.F.);
#278 = EDGE_CURVE('',#253,#271,#279,.T.);
#279 = LINE('',#280,#281);
#280 = CARTESIAN_POINT('',(0.32,-0.795,0.));
#281 = VECTOR('',#282,1.);
#282 = DIRECTION('',(0.,1.,0.));
#283 = FACE_BOUND('',#284,.F.);
#284 = EDGE_LOOP('',(#285,#295,#303,#311));
#285 = ORIENTED_EDGE('',*,*,#286,.T.);
#286 = EDGE_CURVE('',#287,#289,#291,.T.);
#287 = VERTEX_POINT('',#288);
#288 = CARTESIAN_POINT('',(0.32,-2.86,0.));
#289 = VERTEX_POINT('',#290);
#290 = CARTESIAN_POINT('',(-0.32,-2.86,0.));
#291 = LINE('',#292,#293);
#292 = CARTESIAN_POINT('',(-0.16,-2.86,0.));
#293 = VECTOR('',#294,1.);
#294 = DIRECTION('',(-1.,0.,0.));
#295 = ORIENTED_EDGE('',*,*,#296,.T.);
#296 = EDGE_CURVE('',#289,#297,#299,.T.);
#297 = VERTEX_POINT('',#298);
#298 = CARTESIAN_POINT('',(-0.32,-2.22,0.));
#299 = LINE('',#300,#301);
#300 = CARTESIAN_POINT('',(-0.32,-2.065,0.));
#301 = VECTOR('',#302,1.);
#302 = DIRECTION('',(0.,1.,0.));
#303 = ORIENTED_EDGE('',*,*,#304,.F.);
#304 = EDGE_CURVE('',#305,#297,#307,.T.);
#305 = VERTEX_POINT('',#306);
#306 = CARTESIAN_POINT('',(0.32,-2.22,0.));
#307 = LINE('',#308,#309);
#308 = CARTESIAN_POINT('',(-0.16,-2.22,0.));
#309 = VECTOR('',#310,1.);
#310 = DIRECTION('',(-1.,0.,0.));
#311 = ORIENTED_EDGE('',*,*,#312,.F.);
#312 = EDGE_CURVE('',#287,#305,#313,.T.);
#313 = LINE('',#314,#315);
#314 = CARTESIAN_POINT('',(0.32,-2.065,0.));
#315 = VECTOR('',#316,1.);
#316 = DIRECTION('',(0.,1.,0.));
#317 = PLANE('',#318);
#318 = AXIS2_PLACEMENT_3D('',#319,#320,#321);
#319 = CARTESIAN_POINT('',(1.473843703412E-17,-1.27,0.));
#320 = DIRECTION('',(0.,0.,1.));
#321 = DIRECTION('',(1.,0.,-0.));
#322 = ADVANCED_FACE('',(#323,#414,#448),#482,.T.);
#323 = FACE_BOUND('',#324,.T.);
#324 = EDGE_LOOP('',(#325,#326,#327,#335,#343,#351,#359,#367,#375,#383,
    #391,#399,#407,#413));
#325 = ORIENTED_EDGE('',*,*,#69,.T.);
#326 = ORIENTED_EDGE('',*,*,#131,.T.);
#327 = ORIENTED_EDGE('',*,*,#328,.T.);
#328 = EDGE_CURVE('',#132,#329,#331,.T.);
#329 = VERTEX_POINT('',#330);
#330 = CARTESIAN_POINT('',(-1.016,-1.27,2.54));
#331 = LINE('',#332,#333);
#332 = CARTESIAN_POINT('',(-1.27,-1.016,2.54));
#333 = VECTOR('',#334,1.);
#334 = DIRECTION('',(0.707106781187,-0.707106781187,0.));
#335 = ORIENTED_EDGE('',*,*,#336,.T.);
#336 = EDGE_CURVE('',#329,#337,#339,.T.);
#337 = VERTEX_POINT('',#338);
#338 = CARTESIAN_POINT('',(-1.27,-1.524,2.54));
#339 = LINE('',#340,#341);
#340 = CARTESIAN_POINT('',(-1.016,-1.27,2.54));
#341 = VECTOR('',#342,1.);
#342 = DIRECTION('',(-0.707106781187,-0.707106781187,0.));
#343 = ORIENTED_EDGE('',*,*,#344,.T.);
#344 = EDGE_CURVE('',#337,#345,#347,.T.);
#345 = VERTEX_POINT('',#346);
#346 = CARTESIAN_POINT('',(-1.27,-3.556,2.54));
#347 = LINE('',#348,#349);
#348 = CARTESIAN_POINT('',(-1.27,-1.524,2.54));
#349 = VECTOR('',#350,1.);
#350 = DIRECTION('',(0.,-1.,0.));
#351 = ORIENTED_EDGE('',*,*,#352,.T.);
#352 = EDGE_CURVE('',#345,#353,#355,.T.);
#353 = VERTEX_POINT('',#354);
#354 = CARTESIAN_POINT('',(-1.016,-3.81,2.54));
#355 = LINE('',#356,#357);
#356 = CARTESIAN_POINT('',(-1.27,-3.556,2.54));
#357 = VECTOR('',#358,1.);
#358 = DIRECTION('',(0.707106781187,-0.707106781187,0.));
#359 = ORIENTED_EDGE('',*,*,#360,.T.);
#360 = EDGE_CURVE('',#353,#361,#363,.T.);
#361 = VERTEX_POINT('',#362);
#362 = CARTESIAN_POINT('',(1.016,-3.81,2.54));
#363 = LINE('',#364,#365);
#364 = CARTESIAN_POINT('',(-1.016,-3.81,2.54));
#365 = VECTOR('',#366,1.);
#366 = DIRECTION('',(1.,0.,0.));
#367 = ORIENTED_EDGE('',*,*,#368,.T.);
#368 = EDGE_CURVE('',#361,#369,#371,.T.);
#369 = VERTEX_POINT('',#370);
#370 = CARTESIAN_POINT('',(1.27,-3.556,2.54));
#371 = LINE('',#372,#373);
#372 = CARTESIAN_POINT('',(1.016,-3.81,2.54));
#373 = VECTOR('',#374,1.);
#374 = DIRECTION('',(0.707106781187,0.707106781187,0.));
#375 = ORIENTED_EDGE('',*,*,#376,.T.);
#376 = EDGE_CURVE('',#369,#377,#379,.T.);
#377 = VERTEX_POINT('',#378);
#378 = CARTESIAN_POINT('',(1.27,-1.524,2.54));
#379 = LINE('',#380,#381);
#380 = CARTESIAN_POINT('',(1.27,-3.556,2.54));
#381 = VECTOR('',#382,1.);
#382 = DIRECTION('',(0.,1.,0.));
#383 = ORIENTED_EDGE('',*,*,#384,.T.);
#384 = EDGE_CURVE('',#377,#385,#387,.T.);
#385 = VERTEX_POINT('',#386);
#386 = CARTESIAN_POINT('',(1.016,-1.27,2.54));
#387 = LINE('',#388,#389);
#388 = CARTESIAN_POINT('',(1.27,-1.524,2.54));
#389 = VECTOR('',#390,1.);
#390 = DIRECTION('',(-0.707106781187,0.707106781187,0.));
#391 = ORIENTED_EDGE('',*,*,#392,.T.);
#392 = EDGE_CURVE('',#385,#393,#395,.T.);
#393 = VERTEX_POINT('',#394);
#394 = CARTESIAN_POINT('',(1.27,-1.016,2.54));
#395 = LINE('',#396,#397);
#396 = CARTESIAN_POINT('',(1.016,-1.27,2.54));
#397 = VECTOR('',#398,1.);
#398 = DIRECTION('',(0.707106781187,0.707106781187,0.));
#399 = ORIENTED_EDGE('',*,*,#400,.T.);
#400 = EDGE_CURVE('',#393,#401,#403,.T.);
#401 = VERTEX_POINT('',#402);
#402 = CARTESIAN_POINT('',(1.27,1.016,2.54));
#403 = LINE('',#404,#405);
#404 = CARTESIAN_POINT('',(1.27,-1.016,2.54));
#405 = VECTOR('',#406,1.);
#406 = DIRECTION('',(0.,1.,0.));
#407 = ORIENTED_EDGE('',*,*,#408,.T.);
#408 = EDGE_CURVE('',#401,#102,#409,.T.);
#409 = LINE('',#410,#411);
#410 = CARTESIAN_POINT('',(1.27,1.016,2.54));
#411 = VECTOR('',#412,1.);
#412 = DIRECTION('',(-0.707106781187,0.707106781187,0.));
#413 = ORIENTED_EDGE('',*,*,#109,.T.);
#414 = FACE_BOUND('',#415,.T.);
#415 = EDGE_LOOP('',(#416,#426,#434,#442));
#416 = ORIENTED_EDGE('',*,*,#417,.T.);
#417 = EDGE_CURVE('',#418,#420,#422,.T.);
#418 = VERTEX_POINT('',#419);
#419 = CARTESIAN_POINT('',(0.32,-0.32,2.54));
#420 = VERTEX_POINT('',#421);
#421 = CARTESIAN_POINT('',(-0.32,-0.32,2.54));
#422 = LINE('',#423,#424);
#423 = CARTESIAN_POINT('',(-0.16,-0.32,2.54));
#424 = VECTOR('',#425,1.);
#425 = DIRECTION('',(-1.,0.,0.));
#426 = ORIENTED_EDGE('',*,*,#427,.T.);
#427 = EDGE_CURVE('',#420,#428,#430,.T.);
#428 = VERTEX_POINT('',#429);
#429 = CARTESIAN_POINT('',(-0.32,0.32,2.54));
#430 = LINE('',#431,#432);
#431 = CARTESIAN_POINT('',(-0.32,-0.795,2.54));
#432 = VECTOR('',#433,1.);
#433 = DIRECTION('',(0.,1.,0.));
#434 = ORIENTED_EDGE('',*,*,#435,.F.);
#435 = EDGE_CURVE('',#436,#428,#438,.T.);
#436 = VERTEX_POINT('',#437);
#437 = CARTESIAN_POINT('',(0.32,0.32,2.54));
#438 = LINE('',#439,#440);
#439 = CARTESIAN_POINT('',(-0.16,0.32,2.54));
#440 = VECTOR('',#441,1.);
#441 = DIRECTION('',(-1.,0.,0.));
#442 = ORIENTED_EDGE('',*,*,#443,.F.);
#443 = EDGE_CURVE('',#418,#436,#444,.T.);
#444 = LINE('',#445,#446);
#445 = CARTESIAN_POINT('',(0.32,-0.795,2.54));
#446 = VECTOR('',#447,1.);
#447 = DIRECTION('',(0.,1.,0.));
#448 = FACE_BOUND('',#449,.T.);
#449 = EDGE_LOOP('',(#450,#460,#468,#476));
#450 = ORIENTED_EDGE('',*,*,#451,.T.);
#451 = EDGE_CURVE('',#452,#454,#456,.T.);
#452 = VERTEX_POINT('',#453);
#453 = CARTESIAN_POINT('',(0.32,-2.86,2.54));
#454 = VERTEX_POINT('',#455);
#455 = CARTESIAN_POINT('',(-0.32,-2.86,2.54));
#456 = LINE('',#457,#458);
#457 = CARTESIAN_POINT('',(-0.16,-2.86,2.54));
#458 = VECTOR('',#459,1.);
#459 = DIRECTION('',(-1.,0.,0.));
#460 = ORIENTED_EDGE('',*,*,#461,.T.);
#461 = EDGE_CURVE('',#454,#462,#464,.T.);
#462 = VERTEX_POINT('',#463);
#463 = CARTESIAN_POINT('',(-0.32,-2.22,2.54));
#464 = LINE('',#465,#466);
#465 = CARTESIAN_POINT('',(-0.32,-2.065,2.54));
#466 = VECTOR('',#467,1.);
#467 = DIRECTION('',(0.,1.,0.));
#468 = ORIENTED_EDGE('',*,*,#469,.F.);
#469 = EDGE_CURVE('',#470,#462,#472,.T.);
#470 = VERTEX_POINT('',#471);
#471 = CARTESIAN_POINT('',(0.32,-2.22,2.54));
#472 = LINE('',#473,#474);
#473 = CARTESIAN_POINT('',(-0.16,-2.22,2.54));
#474 = VECTOR('',#475,1.);
#475 = DIRECTION('',(-1.,0.,0.));
#476 = ORIENTED_EDGE('',*,*,#477,.F.);
#477 = EDGE_CURVE('',#452,#470,#478,.T.);
#478 = LINE('',#479,#480);
#479 = CARTESIAN_POINT('',(0.32,-2.065,2.54));
#480 = VECTOR('',#481,1.);
#481 = DIRECTION('',(0.,1.,0.));
#482 = PLANE('',#483);
#483 = AXIS2_PLACEMENT_3D('',#484,#485,#486);
#484 = CARTESIAN_POINT('',(1.473843703412E-17,-1.27,2.54));
#485 = DIRECTION('',(0.,0.,1.));
#486 = DIRECTION('',(1.,0.,-0.));
#487 = ADVANCED_FACE('',(#488),#499,.F.);
#488 = FACE_BOUND('',#489,.F.);
#489 = EDGE_LOOP('',(#490,#496,#497,#498));
#490 = ORIENTED_EDGE('',*,*,#491,.T.);
#491 = EDGE_CURVE('',#236,#401,#492,.T.);
#492 = LINE('',#493,#494);
#493 = CARTESIAN_POINT('',(1.27,1.016,0.));
#494 = VECTOR('',#495,1.);
#495 = DIRECTION('',(0.,0.,1.));
#496 = ORIENTED_EDGE('',*,*,#408,.T.);
#497 = ORIENTED_EDGE('',*,*,#99,.F.);
#498 = ORIENTED_EDGE('',*,*,#243,.F.);
#499 = PLANE('',#500);
#500 = AXIS2_PLACEMENT_3D('',#501,#502,#503);
#501 = CARTESIAN_POINT('',(1.27,1.016,0.));
#502 = DIRECTION('',(-0.707106781187,-0.707106781187,0.));
#503 = DIRECTION('',(-0.707106781187,0.707106781187,0.));
#504 = ADVANCED_FACE('',(#505),#516,.F.);
#505 = FACE_BOUND('',#506,.F.);
#506 = EDGE_LOOP('',(#507,#508,#509,#515));
#507 = ORIENTED_EDGE('',*,*,#139,.T.);
#508 = ORIENTED_EDGE('',*,*,#328,.T.);
#509 = ORIENTED_EDGE('',*,*,#510,.F.);
#510 = EDGE_CURVE('',#164,#329,#511,.T.);
#511 = LINE('',#512,#513);
#512 = CARTESIAN_POINT('',(-1.016,-1.27,0.));
#513 = VECTOR('',#514,1.);
#514 = DIRECTION('',(0.,0.,1.));
#515 = ORIENTED_EDGE('',*,*,#163,.F.);
#516 = PLANE('',#517);
#517 = AXIS2_PLACEMENT_3D('',#518,#519,#520);
#518 = CARTESIAN_POINT('',(-1.27,-1.016,0.));
#519 = DIRECTION('',(0.707106781187,0.707106781187,0.));
#520 = DIRECTION('',(0.707106781187,-0.707106781187,0.));
#521 = ADVANCED_FACE('',(#522),#533,.F.);
#522 = FACE_BOUND('',#523,.F.);
#523 = EDGE_LOOP('',(#524,#530,#531,#532));
#524 = ORIENTED_EDGE('',*,*,#525,.T.);
#525 = EDGE_CURVE('',#228,#393,#526,.T.);
#526 = LINE('',#527,#528);
#527 = CARTESIAN_POINT('',(1.27,-1.016,0.));
#528 = VECTOR('',#529,1.);
#529 = DIRECTION('',(0.,0.,1.));
#530 = ORIENTED_EDGE('',*,*,#400,.T.);
#531 = ORIENTED_EDGE('',*,*,#491,.F.);
#532 = ORIENTED_EDGE('',*,*,#235,.F.);
#533 = PLANE('',#534);
#534 = AXIS2_PLACEMENT_3D('',#535,#536,#537);
#535 = CARTESIAN_POINT('',(1.27,-1.016,0.));
#536 = DIRECTION('',(-1.,0.,0.));
#537 = DIRECTION('',(0.,1.,0.));
#538 = ADVANCED_FACE('',(#539),#550,.F.);
#539 = FACE_BOUND('',#540,.F.);
#540 = EDGE_LOOP('',(#541,#542,#543,#549));
#541 = ORIENTED_EDGE('',*,*,#510,.T.);
#542 = ORIENTED_EDGE('',*,*,#336,.T.);
#543 = ORIENTED_EDGE('',*,*,#544,.F.);
#544 = EDGE_CURVE('',#172,#337,#545,.T.);
#545 = LINE('',#546,#547);
#546 = CARTESIAN_POINT('',(-1.27,-1.524,0.));
#547 = VECTOR('',#548,1.);
#548 = DIRECTION('',(0.,0.,1.));
#549 = ORIENTED_EDGE('',*,*,#171,.F.);
#550 = PLANE('',#551);
#551 = AXIS2_PLACEMENT_3D('',#552,#553,#554);
#552 = CARTESIAN_POINT('',(-1.016,-1.27,0.));
#553 = DIRECTION('',(0.707106781187,-0.707106781187,0.));
#554 = DIRECTION('',(-0.707106781187,-0.707106781187,0.));
#555 = ADVANCED_FACE('',(#556),#567,.F.);
#556 = FACE_BOUND('',#557,.F.);
#557 = EDGE_LOOP('',(#558,#564,#565,#566));
#558 = ORIENTED_EDGE('',*,*,#559,.T.);
#559 = EDGE_CURVE('',#220,#385,#560,.T.);
#560 = LINE('',#561,#562);
#561 = CARTESIAN_POINT('',(1.016,-1.27,0.));
#562 = VECTOR('',#563,1.);
#563 = DIRECTION('',(0.,0.,1.));
#564 = ORIENTED_EDGE('',*,*,#392,.T.);
#565 = ORIENTED_EDGE('',*,*,#525,.F.);
#566 = ORIENTED_EDGE('',*,*,#227,.F.);
#567 = PLANE('',#568);
#568 = AXIS2_PLACEMENT_3D('',#569,#570,#571);
#569 = CARTESIAN_POINT('',(1.016,-1.27,0.));
#570 = DIRECTION('',(-0.707106781187,0.707106781187,0.));
#571 = DIRECTION('',(0.707106781187,0.707106781187,0.));
#572 = ADVANCED_FACE('',(#573),#584,.F.);
#573 = FACE_BOUND('',#574,.F.);
#574 = EDGE_LOOP('',(#575,#576,#577,#583));
#575 = ORIENTED_EDGE('',*,*,#544,.T.);
#576 = ORIENTED_EDGE('',*,*,#344,.T.);
#577 = ORIENTED_EDGE('',*,*,#578,.F.);
#578 = EDGE_CURVE('',#180,#345,#579,.T.);
#579 = LINE('',#580,#581);
#580 = CARTESIAN_POINT('',(-1.27,-3.556,0.));
#581 = VECTOR('',#582,1.);
#582 = DIRECTION('',(0.,0.,1.));
#583 = ORIENTED_EDGE('',*,*,#179,.F.);
#584 = PLANE('',#585);
#585 = AXIS2_PLACEMENT_3D('',#586,#587,#588);
#586 = CARTESIAN_POINT('',(-1.27,-1.524,0.));
#587 = DIRECTION('',(1.,0.,0.));
#588 = DIRECTION('',(0.,-1.,0.));
#589 = ADVANCED_FACE('',(#590),#601,.F.);
#590 = FACE_BOUND('',#591,.F.);
#591 = EDGE_LOOP('',(#592,#598,#599,#600));
#592 = ORIENTED_EDGE('',*,*,#593,.T.);
#593 = EDGE_CURVE('',#212,#377,#594,.T.);
#594 = LINE('',#595,#596);
#595 = CARTESIAN_POINT('',(1.27,-1.524,0.));
#596 = VECTOR('',#597,1.);
#597 = DIRECTION('',(0.,0.,1.));
#598 = ORIENTED_EDGE('',*,*,#384,.T.);
#599 = ORIENTED_EDGE('',*,*,#559,.F.);
#600 = ORIENTED_EDGE('',*,*,#219,.F.);
#601 = PLANE('',#602);
#602 = AXIS2_PLACEMENT_3D('',#603,#604,#605);
#603 = CARTESIAN_POINT('',(1.27,-1.524,0.));
#604 = DIRECTION('',(-0.707106781187,-0.707106781187,0.));
#605 = DIRECTION('',(-0.707106781187,0.707106781187,0.));
#606 = ADVANCED_FACE('',(#607),#618,.F.);
#607 = FACE_BOUND('',#608,.F.);
#608 = EDGE_LOOP('',(#609,#610,#611,#617));
#609 = ORIENTED_EDGE('',*,*,#578,.T.);
#610 = ORIENTED_EDGE('',*,*,#352,.T.);
#611 = ORIENTED_EDGE('',*,*,#612,.F.);
#612 = EDGE_CURVE('',#188,#353,#613,.T.);
#613 = LINE('',#614,#615);
#614 = CARTESIAN_POINT('',(-1.016,-3.81,0.));
#615 = VECTOR('',#616,1.);
#616 = DIRECTION('',(0.,0.,1.));
#617 = ORIENTED_EDGE('',*,*,#187,.F.);
#618 = PLANE('',#619);
#619 = AXIS2_PLACEMENT_3D('',#620,#621,#622);
#620 = CARTESIAN_POINT('',(-1.27,-3.556,0.));
#621 = DIRECTION('',(0.707106781187,0.707106781187,0.));
#622 = DIRECTION('',(0.707106781187,-0.707106781187,0.));
#623 = ADVANCED_FACE('',(#624),#635,.F.);
#624 = FACE_BOUND('',#625,.F.);
#625 = EDGE_LOOP('',(#626,#632,#633,#634));
#626 = ORIENTED_EDGE('',*,*,#627,.T.);
#627 = EDGE_CURVE('',#204,#369,#628,.T.);
#628 = LINE('',#629,#630);
#629 = CARTESIAN_POINT('',(1.27,-3.556,0.));
#630 = VECTOR('',#631,1.);
#631 = DIRECTION('',(0.,0.,1.));
#632 = ORIENTED_EDGE('',*,*,#376,.T.);
#633 = ORIENTED_EDGE('',*,*,#593,.F.);
#634 = ORIENTED_EDGE('',*,*,#211,.F.);
#635 = PLANE('',#636);
#636 = AXIS2_PLACEMENT_3D('',#637,#638,#639);
#637 = CARTESIAN_POINT('',(1.27,-3.556,0.));
#638 = DIRECTION('',(-1.,0.,0.));
#639 = DIRECTION('',(0.,1.,0.));
#640 = ADVANCED_FACE('',(#641),#652,.F.);
#641 = FACE_BOUND('',#642,.F.);
#642 = EDGE_LOOP('',(#643,#644,#645,#651));
#643 = ORIENTED_EDGE('',*,*,#612,.T.);
#644 = ORIENTED_EDGE('',*,*,#360,.T.);
#645 = ORIENTED_EDGE('',*,*,#646,.F.);
#646 = EDGE_CURVE('',#196,#361,#647,.T.);
#647 = LINE('',#648,#649);
#648 = CARTESIAN_POINT('',(1.016,-3.81,0.));
#649 = VECTOR('',#650,1.);
#650 = DIRECTION('',(0.,0.,1.));
#651 = ORIENTED_EDGE('',*,*,#195,.F.);
#652 = PLANE('',#653);
#653 = AXIS2_PLACEMENT_3D('',#654,#655,#656);
#654 = CARTESIAN_POINT('',(-1.016,-3.81,0.));
#655 = DIRECTION('',(0.,1.,0.));
#656 = DIRECTION('',(1.,0.,0.));
#657 = ADVANCED_FACE('',(#658),#664,.F.);
#658 = FACE_BOUND('',#659,.F.);
#659 = EDGE_LOOP('',(#660,#661,#662,#663));
#660 = ORIENTED_EDGE('',*,*,#646,.T.);
#661 = ORIENTED_EDGE('',*,*,#368,.T.);
#662 = ORIENTED_EDGE('',*,*,#627,.F.);
#663 = ORIENTED_EDGE('',*,*,#203,.F.);
#664 = PLANE('',#665);
#665 = AXIS2_PLACEMENT_3D('',#666,#667,#668);
#666 = CARTESIAN_POINT('',(1.016,-3.81,0.));
#667 = DIRECTION('',(-0.707106781187,0.707106781187,0.));
#668 = DIRECTION('',(0.707106781187,0.707106781187,0.));
#669 = ADVANCED_FACE('',(#670),#695,.F.);
#670 = FACE_BOUND('',#671,.F.);
#671 = EDGE_LOOP('',(#672,#680,#688,#694));
#672 = ORIENTED_EDGE('',*,*,#673,.F.);
#673 = EDGE_CURVE('',#674,#253,#676,.T.);
#674 = VERTEX_POINT('',#675);
#675 = CARTESIAN_POINT('',(0.32,-0.32,-2.84));
#676 = LINE('',#677,#678);
#677 = CARTESIAN_POINT('',(0.32,-0.32,-3.));
#678 = VECTOR('',#679,1.);
#679 = DIRECTION('',(0.,0.,1.));
#680 = ORIENTED_EDGE('',*,*,#681,.F.);
#681 = EDGE_CURVE('',#682,#674,#684,.T.);
#682 = VERTEX_POINT('',#683);
#683 = CARTESIAN_POINT('',(-0.32,-0.32,-2.84));
#684 = LINE('',#685,#686);
#685 = CARTESIAN_POINT('',(-0.32,-0.32,-2.84));
#686 = VECTOR('',#687,1.);
#687 = DIRECTION('',(1.,0.,0.));
#688 = ORIENTED_EDGE('',*,*,#689,.T.);
#689 = EDGE_CURVE('',#682,#255,#690,.T.);
#690 = LINE('',#691,#692);
#691 = CARTESIAN_POINT('',(-0.32,-0.32,-3.));
#692 = VECTOR('',#693,1.);
#693 = DIRECTION('',(0.,0.,1.));
#694 = ORIENTED_EDGE('',*,*,#252,.F.);
#695 = PLANE('',#696);
#696 = AXIS2_PLACEMENT_3D('',#697,#698,#699);
#697 = CARTESIAN_POINT('',(-0.32,-0.32,-3.));
#698 = DIRECTION('',(0.,1.,0.));
#699 = DIRECTION('',(0.,-0.,1.));
#700 = ADVANCED_FACE('',(#701),#719,.T.);
#701 = FACE_BOUND('',#702,.T.);
#702 = EDGE_LOOP('',(#703,#704,#712,#718));
#703 = ORIENTED_EDGE('',*,*,#673,.F.);
#704 = ORIENTED_EDGE('',*,*,#705,.T.);
#705 = EDGE_CURVE('',#674,#706,#708,.T.);
#706 = VERTEX_POINT('',#707);
#707 = CARTESIAN_POINT('',(0.32,0.32,-2.84));
#708 = LINE('',#709,#710);
#709 = CARTESIAN_POINT('',(0.32,-0.32,-2.84));
#710 = VECTOR('',#711,1.);
#711 = DIRECTION('',(0.,1.,0.));
#712 = ORIENTED_EDGE('',*,*,#713,.T.);
#713 = EDGE_CURVE('',#706,#271,#714,.T.);
#714 = LINE('',#715,#716);
#715 = CARTESIAN_POINT('',(0.32,0.32,-3.));
#716 = VECTOR('',#717,1.);
#717 = DIRECTION('',(0.,0.,1.));
#718 = ORIENTED_EDGE('',*,*,#278,.F.);
#719 = PLANE('',#720);
#720 = AXIS2_PLACEMENT_3D('',#721,#722,#723);
#721 = CARTESIAN_POINT('',(0.32,-0.32,-3.));
#722 = DIRECTION('',(1.,0.,0.));
#723 = DIRECTION('',(0.,0.,1.));
#724 = ADVANCED_FACE('',(#725),#743,.T.);
#725 = FACE_BOUND('',#726,.T.);
#726 = EDGE_LOOP('',(#727,#728,#736,#742));
#727 = ORIENTED_EDGE('',*,*,#713,.F.);
#728 = ORIENTED_EDGE('',*,*,#729,.F.);
#729 = EDGE_CURVE('',#730,#706,#732,.T.);
#730 = VERTEX_POINT('',#731);
#731 = CARTESIAN_POINT('',(-0.32,0.32,-2.84));
#732 = LINE('',#733,#734);
#733 = CARTESIAN_POINT('',(-0.32,0.32,-2.84));
#734 = VECTOR('',#735,1.);
#735 = DIRECTION('',(1.,0.,0.));
#736 = ORIENTED_EDGE('',*,*,#737,.T.);
#737 = EDGE_CURVE('',#730,#263,#738,.T.);
#738 = LINE('',#739,#740);
#739 = CARTESIAN_POINT('',(-0.32,0.32,-3.));
#740 = VECTOR('',#741,1.);
#741 = DIRECTION('',(0.,0.,1.));
#742 = ORIENTED_EDGE('',*,*,#270,.F.);
#743 = PLANE('',#744);
#744 = AXIS2_PLACEMENT_3D('',#745,#746,#747);
#745 = CARTESIAN_POINT('',(-0.32,0.32,-3.));
#746 = DIRECTION('',(0.,1.,0.));
#747 = DIRECTION('',(0.,-0.,1.));
#748 = ADVANCED_FACE('',(#749),#760,.F.);
#749 = FACE_BOUND('',#750,.F.);
#750 = EDGE_LOOP('',(#751,#752,#758,#759));
#751 = ORIENTED_EDGE('',*,*,#689,.F.);
#752 = ORIENTED_EDGE('',*,*,#753,.T.);
#753 = EDGE_CURVE('',#682,#730,#754,.T.);
#754 = LINE('',#755,#756);
#755 = CARTESIAN_POINT('',(-0.32,-0.32,-2.84));
#756 = VECTOR('',#757,1.);
#757 = DIRECTION('',(0.,1.,0.));
#758 = ORIENTED_EDGE('',*,*,#737,.T.);
#759 = ORIENTED_EDGE('',*,*,#262,.F.);
#760 = PLANE('',#761);
#761 = AXIS2_PLACEMENT_3D('',#762,#763,#764);
#762 = CARTESIAN_POINT('',(-0.32,-0.32,-3.));
#763 = DIRECTION('',(1.,0.,0.));
#764 = DIRECTION('',(0.,0.,1.));
#765 = ADVANCED_FACE('',(#766),#791,.F.);
#766 = FACE_BOUND('',#767,.F.);
#767 = EDGE_LOOP('',(#768,#776,#784,#790));
#768 = ORIENTED_EDGE('',*,*,#769,.F.);
#769 = EDGE_CURVE('',#770,#287,#772,.T.);
#770 = VERTEX_POINT('',#771);
#771 = CARTESIAN_POINT('',(0.32,-2.86,-2.84));
#772 = LINE('',#773,#774);
#773 = CARTESIAN_POINT('',(0.32,-2.86,-3.));
#774 = VECTOR('',#775,1.);
#775 = DIRECTION('',(0.,0.,1.));
#776 = ORIENTED_EDGE('',*,*,#777,.F.);
#777 = EDGE_CURVE('',#778,#770,#780,.T.);
#778 = VERTEX_POINT('',#779);
#779 = CARTESIAN_POINT('',(-0.32,-2.86,-2.84));
#780 = LINE('',#781,#782);
#781 = CARTESIAN_POINT('',(-0.32,-2.86,-2.84));
#782 = VECTOR('',#783,1.);
#783 = DIRECTION('',(1.,0.,0.));
#784 = ORIENTED_EDGE('',*,*,#785,.T.);
#785 = EDGE_CURVE('',#778,#289,#786,.T.);
#786 = LINE('',#787,#788);
#787 = CARTESIAN_POINT('',(-0.32,-2.86,-3.));
#788 = VECTOR('',#789,1.);
#789 = DIRECTION('',(0.,0.,1.));
#790 = ORIENTED_EDGE('',*,*,#286,.F.);
#791 = PLANE('',#792);
#792 = AXIS2_PLACEMENT_3D('',#793,#794,#795);
#793 = CARTESIAN_POINT('',(-0.32,-2.86,-3.));
#794 = DIRECTION('',(0.,1.,0.));
#795 = DIRECTION('',(0.,-0.,1.));
#796 = ADVANCED_FACE('',(#797),#815,.T.);
#797 = FACE_BOUND('',#798,.T.);
#798 = EDGE_LOOP('',(#799,#800,#808,#814));
#799 = ORIENTED_EDGE('',*,*,#769,.F.);
#800 = ORIENTED_EDGE('',*,*,#801,.T.);
#801 = EDGE_CURVE('',#770,#802,#804,.T.);
#802 = VERTEX_POINT('',#803);
#803 = CARTESIAN_POINT('',(0.32,-2.22,-2.84));
#804 = LINE('',#805,#806);
#805 = CARTESIAN_POINT('',(0.32,-2.86,-2.84));
#806 = VECTOR('',#807,1.);
#807 = DIRECTION('',(0.,1.,0.));
#808 = ORIENTED_EDGE('',*,*,#809,.T.);
#809 = EDGE_CURVE('',#802,#305,#810,.T.);
#810 = LINE('',#811,#812);
#811 = CARTESIAN_POINT('',(0.32,-2.22,-3.));
#812 = VECTOR('',#813,1.);
#813 = DIRECTION('',(0.,0.,1.));
#814 = ORIENTED_EDGE('',*,*,#312,.F.);
#815 = PLANE('',#816);
#816 = AXIS2_PLACEMENT_3D('',#817,#818,#819);
#817 = CARTESIAN_POINT('',(0.32,-2.86,-3.));
#818 = DIRECTION('',(1.,0.,0.));
#819 = DIRECTION('',(0.,0.,1.));
#820 = ADVANCED_FACE('',(#821),#839,.T.);
#821 = FACE_BOUND('',#822,.T.);
#822 = EDGE_LOOP('',(#823,#824,#832,#838));
#823 = ORIENTED_EDGE('',*,*,#809,.F.);
#824 = ORIENTED_EDGE('',*,*,#825,.F.);
#825 = EDGE_CURVE('',#826,#802,#828,.T.);
#826 = VERTEX_POINT('',#827);
#827 = CARTESIAN_POINT('',(-0.32,-2.22,-2.84));
#828 = LINE('',#829,#830);
#829 = CARTESIAN_POINT('',(-0.32,-2.22,-2.84));
#830 = VECTOR('',#831,1.);
#831 = DIRECTION('',(1.,0.,0.));
#832 = ORIENTED_EDGE('',*,*,#833,.T.);
#833 = EDGE_CURVE('',#826,#297,#834,.T.);
#834 = LINE('',#835,#836);
#835 = CARTESIAN_POINT('',(-0.32,-2.22,-3.));
#836 = VECTOR('',#837,1.);
#837 = DIRECTION('',(0.,0.,1.));
#838 = ORIENTED_EDGE('',*,*,#304,.F.);
#839 = PLANE('',#840);
#840 = AXIS2_PLACEMENT_3D('',#841,#842,#843);
#841 = CARTESIAN_POINT('',(-0.32,-2.22,-3.));
#842 = DIRECTION('',(0.,1.,0.));
#843 = DIRECTION('',(0.,-0.,1.));
#844 = ADVANCED_FACE('',(#845),#856,.F.);
#845 = FACE_BOUND('',#846,.F.);
#846 = EDGE_LOOP('',(#847,#848,#854,#855));
#847 = ORIENTED_EDGE('',*,*,#785,.F.);
#848 = ORIENTED_EDGE('',*,*,#849,.T.);
#849 = EDGE_CURVE('',#778,#826,#850,.T.);
#850 = LINE('',#851,#852);
#851 = CARTESIAN_POINT('',(-0.32,-2.86,-2.84));
#852 = VECTOR('',#853,1.);
#853 = DIRECTION('',(0.,1.,0.));
#854 = ORIENTED_EDGE('',*,*,#833,.T.);
#855 = ORIENTED_EDGE('',*,*,#296,.F.);
#856 = PLANE('',#857);
#857 = AXIS2_PLACEMENT_3D('',#858,#859,#860);
#858 = CARTESIAN_POINT('',(-0.32,-2.86,-3.));
#859 = DIRECTION('',(1.,0.,0.));
#860 = DIRECTION('',(0.,0.,1.));
#861 = ADVANCED_FACE('',(#862),#887,.F.);
#862 = FACE_BOUND('',#863,.F.);
#863 = EDGE_LOOP('',(#864,#872,#873,#881));
#864 = ORIENTED_EDGE('',*,*,#865,.F.);
#865 = EDGE_CURVE('',#418,#866,#868,.T.);
#866 = VERTEX_POINT('',#867);
#867 = CARTESIAN_POINT('',(0.32,-0.32,8.38));
#868 = LINE('',#869,#870);
#869 = CARTESIAN_POINT('',(0.32,-0.32,-3.));
#870 = VECTOR('',#871,1.);
#871 = DIRECTION('',(0.,0.,1.));
#872 = ORIENTED_EDGE('',*,*,#417,.T.);
#873 = ORIENTED_EDGE('',*,*,#874,.T.);
#874 = EDGE_CURVE('',#420,#875,#877,.T.);
#875 = VERTEX_POINT('',#876);
#876 = CARTESIAN_POINT('',(-0.32,-0.32,8.38));
#877 = LINE('',#878,#879);
#878 = CARTESIAN_POINT('',(-0.32,-0.32,-3.));
#879 = VECTOR('',#880,1.);
#880 = DIRECTION('',(0.,0.,1.));
#881 = ORIENTED_EDGE('',*,*,#882,.T.);
#882 = EDGE_CURVE('',#875,#866,#883,.T.);
#883 = LINE('',#884,#885);
#884 = CARTESIAN_POINT('',(-0.32,-0.32,8.38));
#885 = VECTOR('',#886,1.);
#886 = DIRECTION('',(1.,0.,0.));
#887 = PLANE('',#888);
#888 = AXIS2_PLACEMENT_3D('',#889,#890,#891);
#889 = CARTESIAN_POINT('',(-0.32,-0.32,-3.));
#890 = DIRECTION('',(0.,1.,0.));
#891 = DIRECTION('',(0.,-0.,1.));
#892 = ADVANCED_FACE('',(#893),#911,.T.);
#893 = FACE_BOUND('',#894,.T.);
#894 = EDGE_LOOP('',(#895,#896,#897,#905));
#895 = ORIENTED_EDGE('',*,*,#865,.F.);
#896 = ORIENTED_EDGE('',*,*,#443,.T.);
#897 = ORIENTED_EDGE('',*,*,#898,.T.);
#898 = EDGE_CURVE('',#436,#899,#901,.T.);
#899 = VERTEX_POINT('',#900);
#900 = CARTESIAN_POINT('',(0.32,0.32,8.38));
#901 = LINE('',#902,#903);
#902 = CARTESIAN_POINT('',(0.32,0.32,-3.));
#903 = VECTOR('',#904,1.);
#904 = DIRECTION('',(0.,0.,1.));
#905 = ORIENTED_EDGE('',*,*,#906,.F.);
#906 = EDGE_CURVE('',#866,#899,#907,.T.);
#907 = LINE('',#908,#909);
#908 = CARTESIAN_POINT('',(0.32,-0.32,8.38));
#909 = VECTOR('',#910,1.);
#910 = DIRECTION('',(0.,1.,0.));
#911 = PLANE('',#912);
#912 = AXIS2_PLACEMENT_3D('',#913,#914,#915);
#913 = CARTESIAN_POINT('',(0.32,-0.32,-3.));
#914 = DIRECTION('',(1.,0.,0.));
#915 = DIRECTION('',(0.,0.,1.));
#916 = ADVANCED_FACE('',(#917),#935,.T.);
#917 = FACE_BOUND('',#918,.T.);
#918 = EDGE_LOOP('',(#919,#920,#921,#929));
#919 = ORIENTED_EDGE('',*,*,#898,.F.);
#920 = ORIENTED_EDGE('',*,*,#435,.T.);
#921 = ORIENTED_EDGE('',*,*,#922,.T.);
#922 = EDGE_CURVE('',#428,#923,#925,.T.);
#923 = VERTEX_POINT('',#924);
#924 = CARTESIAN_POINT('',(-0.32,0.32,8.38));
#925 = LINE('',#926,#927);
#926 = CARTESIAN_POINT('',(-0.32,0.32,-3.));
#927 = VECTOR('',#928,1.);
#928 = DIRECTION('',(0.,0.,1.));
#929 = ORIENTED_EDGE('',*,*,#930,.T.);
#930 = EDGE_CURVE('',#923,#899,#931,.T.);
#931 = LINE('',#932,#933);
#932 = CARTESIAN_POINT('',(-0.32,0.32,8.38));
#933 = VECTOR('',#934,1.);
#934 = DIRECTION('',(1.,0.,0.));
#935 = PLANE('',#936);
#936 = AXIS2_PLACEMENT_3D('',#937,#938,#939);
#937 = CARTESIAN_POINT('',(-0.32,0.32,-3.));
#938 = DIRECTION('',(0.,1.,0.));
#939 = DIRECTION('',(0.,-0.,1.));
#940 = ADVANCED_FACE('',(#941),#952,.F.);
#941 = FACE_BOUND('',#942,.F.);
#942 = EDGE_LOOP('',(#943,#944,#945,#946));
#943 = ORIENTED_EDGE('',*,*,#874,.F.);
#944 = ORIENTED_EDGE('',*,*,#427,.T.);
#945 = ORIENTED_EDGE('',*,*,#922,.T.);
#946 = ORIENTED_EDGE('',*,*,#947,.F.);
#947 = EDGE_CURVE('',#875,#923,#948,.T.);
#948 = LINE('',#949,#950);
#949 = CARTESIAN_POINT('',(-0.32,-0.32,8.38));
#950 = VECTOR('',#951,1.);
#951 = DIRECTION('',(0.,1.,0.));
#952 = PLANE('',#953);
#953 = AXIS2_PLACEMENT_3D('',#954,#955,#956);
#954 = CARTESIAN_POINT('',(-0.32,-0.32,-3.));
#955 = DIRECTION('',(1.,0.,0.));
#956 = DIRECTION('',(0.,0.,1.));
#957 = ADVANCED_FACE('',(#958),#983,.F.);
#958 = FACE_BOUND('',#959,.F.);
#959 = EDGE_LOOP('',(#960,#968,#969,#977));
#960 = ORIENTED_EDGE('',*,*,#961,.F.);
#961 = EDGE_CURVE('',#452,#962,#964,.T.);
#962 = VERTEX_POINT('',#963);
#963 = CARTESIAN_POINT('',(0.32,-2.86,8.38));
#964 = LINE('',#965,#966);
#965 = CARTESIAN_POINT('',(0.32,-2.86,-3.));
#966 = VECTOR('',#967,1.);
#967 = DIRECTION('',(0.,0.,1.));
#968 = ORIENTED_EDGE('',*,*,#451,.T.);
#969 = ORIENTED_EDGE('',*,*,#970,.T.);
#970 = EDGE_CURVE('',#454,#971,#973,.T.);
#971 = VERTEX_POINT('',#972);
#972 = CARTESIAN_POINT('',(-0.32,-2.86,8.38));
#973 = LINE('',#974,#975);
#974 = CARTESIAN_POINT('',(-0.32,-2.86,-3.));
#975 = VECTOR('',#976,1.);
#976 = DIRECTION('',(0.,0.,1.));
#977 = ORIENTED_EDGE('',*,*,#978,.T.);
#978 = EDGE_CURVE('',#971,#962,#979,.T.);
#979 = LINE('',#980,#981);
#980 = CARTESIAN_POINT('',(-0.32,-2.86,8.38));
#981 = VECTOR('',#982,1.);
#982 = DIRECTION('',(1.,0.,0.));
#983 = PLANE('',#984);
#984 = AXIS2_PLACEMENT_3D('',#985,#986,#987);
#985 = CARTESIAN_POINT('',(-0.32,-2.86,-3.));
#986 = DIRECTION('',(0.,1.,0.));
#987 = DIRECTION('',(0.,-0.,1.));
#988 = ADVANCED_FACE('',(#989),#1007,.T.);
#989 = FACE_BOUND('',#990,.T.);
#990 = EDGE_LOOP('',(#991,#992,#993,#1001));
#991 = ORIENTED_EDGE('',*,*,#961,.F.);
#992 = ORIENTED_EDGE('',*,*,#477,.T.);
#993 = ORIENTED_EDGE('',*,*,#994,.T.);
#994 = EDGE_CURVE('',#470,#995,#997,.T.);
#995 = VERTEX_POINT('',#996);
#996 = CARTESIAN_POINT('',(0.32,-2.22,8.38));
#997 = LINE('',#998,#999);
#998 = CARTESIAN_POINT('',(0.32,-2.22,-3.));
#999 = VECTOR('',#1000,1.);
#1000 = DIRECTION('',(0.,0.,1.));
#1001 = ORIENTED_EDGE('',*,*,#1002,.F.);
#1002 = EDGE_CURVE('',#962,#995,#1003,.T.);
#1003 = LINE('',#1004,#1005);
#1004 = CARTESIAN_POINT('',(0.32,-2.86,8.38));
#1005 = VECTOR('',#1006,1.);
#1006 = DIRECTION('',(0.,1.,0.));
#1007 = PLANE('',#1008);
#1008 = AXIS2_PLACEMENT_3D('',#1009,#1010,#1011);
#1009 = CARTESIAN_POINT('',(0.32,-2.86,-3.));
#1010 = DIRECTION('',(1.,0.,0.));
#1011 = DIRECTION('',(0.,0.,1.));
#1012 = ADVANCED_FACE('',(#1013),#1031,.T.);
#1013 = FACE_BOUND('',#1014,.T.);
#1014 = EDGE_LOOP('',(#1015,#1016,#1017,#1025));
#1015 = ORIENTED_EDGE('',*,*,#994,.F.);
#1016 = ORIENTED_EDGE('',*,*,#469,.T.);
#1017 = ORIENTED_EDGE('',*,*,#1018,.T.);
#1018 = EDGE_CURVE('',#462,#1019,#1021,.T.);
#1019 = VERTEX_POINT('',#1020);
#1020 = CARTESIAN_POINT('',(-0.32,-2.22,8.38));
#1021 = LINE('',#1022,#1023);
#1022 = CARTESIAN_POINT('',(-0.32,-2.22,-3.));
#1023 = VECTOR('',#1024,1.);
#1024 = DIRECTION('',(0.,0.,1.));
#1025 = ORIENTED_EDGE('',*,*,#1026,.T.);
#1026 = EDGE_CURVE('',#1019,#995,#1027,.T.);
#1027 = LINE('',#1028,#1029);
#1028 = CARTESIAN_POINT('',(-0.32,-2.22,8.38));
#1029 = VECTOR('',#1030,1.);
#1030 = DIRECTION('',(1.,0.,0.));
#1031 = PLANE('',#1032);
#1032 = AXIS2_PLACEMENT_3D('',#1033,#1034,#1035);
#1033 = CARTESIAN_POINT('',(-0.32,-2.22,-3.));
#1034 = DIRECTION('',(0.,1.,0.));
#1035 = DIRECTION('',(0.,-0.,1.));
#1036 = ADVANCED_FACE('',(#1037),#1048,.F.);
#1037 = FACE_BOUND('',#1038,.F.);
#1038 = EDGE_LOOP('',(#1039,#1040,#1041,#1042));
#1039 = ORIENTED_EDGE('',*,*,#970,.F.);
#1040 = ORIENTED_EDGE('',*,*,#461,.T.);
#1041 = ORIENTED_EDGE('',*,*,#1018,.T.);
#1042 = ORIENTED_EDGE('',*,*,#1043,.F.);
#1043 = EDGE_CURVE('',#971,#1019,#1044,.T.);
#1044 = LINE('',#1045,#1046);
#1045 = CARTESIAN_POINT('',(-0.32,-2.86,8.38));
#1046 = VECTOR('',#1047,1.);
#1047 = DIRECTION('',(0.,1.,0.));
#1048 = PLANE('',#1049);
#1049 = AXIS2_PLACEMENT_3D('',#1050,#1051,#1052);
#1050 = CARTESIAN_POINT('',(-0.32,-2.86,-3.));
#1051 = DIRECTION('',(1.,0.,0.));
#1052 = DIRECTION('',(0.,0.,1.));
#1053 = ADVANCED_FACE('',(#1054),#1079,.T.);
#1054 = FACE_BOUND('',#1055,.F.);
#1055 = EDGE_LOOP('',(#1056,#1064,#1065,#1073));
#1056 = ORIENTED_EDGE('',*,*,#1057,.F.);
#1057 = EDGE_CURVE('',#682,#1058,#1060,.T.);
#1058 = VERTEX_POINT('',#1059);
#1059 = CARTESIAN_POINT('',(-0.16,-0.16,-3.));
#1060 = LINE('',#1061,#1062);
#1061 = CARTESIAN_POINT('',(-0.266666666667,-0.266666666667,
    -2.893333333333));
#1062 = VECTOR('',#1063,1.);
#1063 = DIRECTION('',(0.57735026919,0.57735026919,-0.57735026919));
#1064 = ORIENTED_EDGE('',*,*,#681,.T.);
#1065 = ORIENTED_EDGE('',*,*,#1066,.T.);
#1066 = EDGE_CURVE('',#674,#1067,#1069,.T.);
#1067 = VERTEX_POINT('',#1068);
#1068 = CARTESIAN_POINT('',(0.16,-0.16,-3.));
#1069 = LINE('',#1070,#1071);
#1070 = CARTESIAN_POINT('',(0.16,-0.16,-3.));
#1071 = VECTOR('',#1072,1.);
#1072 = DIRECTION('',(-0.57735026919,0.57735026919,-0.57735026919));
#1073 = ORIENTED_EDGE('',*,*,#1074,.F.);
#1074 = EDGE_CURVE('',#1058,#1067,#1075,.T.);
#1075 = LINE('',#1076,#1077);
#1076 = CARTESIAN_POINT('',(-0.32,-0.16,-3.));
#1077 = VECTOR('',#1078,1.);
#1078 = DIRECTION('',(1.,0.,0.));
#1079 = PLANE('',#1080);
#1080 = AXIS2_PLACEMENT_3D('',#1081,#1082,#1083);
#1081 = CARTESIAN_POINT('',(-0.32,-0.24,-2.92));
#1082 = DIRECTION('',(1.735167508357E-18,-0.707106781187,-0.707106781187
    ));
#1083 = DIRECTION('',(-1.,-1.226948711654E-18,-1.226948711654E-18));
#1084 = ADVANCED_FACE('',(#1085),#1103,.F.);
#1085 = FACE_BOUND('',#1086,.F.);
#1086 = EDGE_LOOP('',(#1087,#1088,#1089,#1097));
#1087 = ORIENTED_EDGE('',*,*,#1066,.F.);
#1088 = ORIENTED_EDGE('',*,*,#705,.T.);
#1089 = ORIENTED_EDGE('',*,*,#1090,.T.);
#1090 = EDGE_CURVE('',#706,#1091,#1093,.T.);
#1091 = VERTEX_POINT('',#1092);
#1092 = CARTESIAN_POINT('',(0.16,0.16,-3.));
#1093 = LINE('',#1094,#1095);
#1094 = CARTESIAN_POINT('',(5.333333333333E-02,5.333333333333E-02,
    -3.106666666667));
#1095 = VECTOR('',#1096,1.);
#1096 = DIRECTION('',(-0.57735026919,-0.57735026919,-0.57735026919));
#1097 = ORIENTED_EDGE('',*,*,#1098,.F.);
#1098 = EDGE_CURVE('',#1067,#1091,#1099,.T.);
#1099 = LINE('',#1100,#1101);
#1100 = CARTESIAN_POINT('',(0.16,-0.32,-3.));
#1101 = VECTOR('',#1102,1.);
#1102 = DIRECTION('',(0.,1.,0.));
#1103 = PLANE('',#1104);
#1104 = AXIS2_PLACEMENT_3D('',#1105,#1106,#1107);
#1105 = CARTESIAN_POINT('',(0.24,-0.32,-2.92));
#1106 = DIRECTION('',(-0.707106781187,1.735167508357E-18,0.707106781187)
  );
#1107 = DIRECTION('',(1.226948711654E-18,1.,-1.226948711654E-18));
#1108 = ADVANCED_FACE('',(#1109),#1127,.F.);
#1109 = FACE_BOUND('',#1110,.T.);
#1110 = EDGE_LOOP('',(#1111,#1119,#1120,#1121));
#1111 = ORIENTED_EDGE('',*,*,#1112,.F.);
#1112 = EDGE_CURVE('',#730,#1113,#1115,.T.);
#1113 = VERTEX_POINT('',#1114);
#1114 = CARTESIAN_POINT('',(-0.16,0.16,-3.));
#1115 = LINE('',#1116,#1117);
#1116 = CARTESIAN_POINT('',(-0.16,0.16,-3.));
#1117 = VECTOR('',#1118,1.);
#1118 = DIRECTION('',(0.57735026919,-0.57735026919,-0.57735026919));
#1119 = ORIENTED_EDGE('',*,*,#729,.T.);
#1120 = ORIENTED_EDGE('',*,*,#1090,.T.);
#1121 = ORIENTED_EDGE('',*,*,#1122,.F.);
#1122 = EDGE_CURVE('',#1113,#1091,#1123,.T.);
#1123 = LINE('',#1124,#1125);
#1124 = CARTESIAN_POINT('',(-0.32,0.16,-3.));
#1125 = VECTOR('',#1126,1.);
#1126 = DIRECTION('',(1.,0.,0.));
#1127 = PLANE('',#1128);
#1128 = AXIS2_PLACEMENT_3D('',#1129,#1130,#1131);
#1129 = CARTESIAN_POINT('',(-0.32,0.24,-2.92));
#1130 = DIRECTION('',(-1.735167508357E-18,-0.707106781187,0.707106781187
    ));
#1131 = DIRECTION('',(-1.,1.226948711654E-18,-1.226948711654E-18));
#1132 = ADVANCED_FACE('',(#1133),#1144,.T.);
#1133 = FACE_BOUND('',#1134,.T.);
#1134 = EDGE_LOOP('',(#1135,#1136,#1137,#1138));
#1135 = ORIENTED_EDGE('',*,*,#1057,.F.);
#1136 = ORIENTED_EDGE('',*,*,#753,.T.);
#1137 = ORIENTED_EDGE('',*,*,#1112,.T.);
#1138 = ORIENTED_EDGE('',*,*,#1139,.F.);
#1139 = EDGE_CURVE('',#1058,#1113,#1140,.T.);
#1140 = LINE('',#1141,#1142);
#1141 = CARTESIAN_POINT('',(-0.16,-0.32,-3.));
#1142 = VECTOR('',#1143,1.);
#1143 = DIRECTION('',(0.,1.,0.));
#1144 = PLANE('',#1145);
#1145 = AXIS2_PLACEMENT_3D('',#1146,#1147,#1148);
#1146 = CARTESIAN_POINT('',(-0.24,-0.32,-2.92));
#1147 = DIRECTION('',(-0.707106781187,-1.735167508357E-18,
    -0.707106781187));
#1148 = DIRECTION('',(-1.226948711654E-18,1.,-1.226948711654E-18));
#1149 = ADVANCED_FACE('',(#1150),#1175,.T.);
#1150 = FACE_BOUND('',#1151,.F.);
#1151 = EDGE_LOOP('',(#1152,#1160,#1161,#1169));
#1152 = ORIENTED_EDGE('',*,*,#1153,.F.);
#1153 = EDGE_CURVE('',#778,#1154,#1156,.T.);
#1154 = VERTEX_POINT('',#1155);
#1155 = CARTESIAN_POINT('',(-0.16,-2.7,-3.));
#1156 = LINE('',#1157,#1158);
#1157 = CARTESIAN_POINT('',(-0.266666666667,-2.806666666667,
    -2.893333333333));
#1158 = VECTOR('',#1159,1.);
#1159 = DIRECTION('',(0.57735026919,0.57735026919,-0.57735026919));
#1160 = ORIENTED_EDGE('',*,*,#777,.T.);
#1161 = ORIENTED_EDGE('',*,*,#1162,.T.);
#1162 = EDGE_CURVE('',#770,#1163,#1165,.T.);
#1163 = VERTEX_POINT('',#1164);
#1164 = CARTESIAN_POINT('',(0.16,-2.7,-3.));
#1165 = LINE('',#1166,#1167);
#1166 = CARTESIAN_POINT('',(0.16,-2.7,-3.));
#1167 = VECTOR('',#1168,1.);
#1168 = DIRECTION('',(-0.57735026919,0.57735026919,-0.57735026919));
#1169 = ORIENTED_EDGE('',*,*,#1170,.F.);
#1170 = EDGE_CURVE('',#1154,#1163,#1171,.T.);
#1171 = LINE('',#1172,#1173);
#1172 = CARTESIAN_POINT('',(-0.32,-2.7,-3.));
#1173 = VECTOR('',#1174,1.);
#1174 = DIRECTION('',(1.,0.,0.));
#1175 = PLANE('',#1176);
#1176 = AXIS2_PLACEMENT_3D('',#1177,#1178,#1179);
#1177 = CARTESIAN_POINT('',(-0.32,-2.78,-2.92));
#1178 = DIRECTION('',(1.735167508357E-18,-0.707106781187,-0.707106781187
    ));
#1179 = DIRECTION('',(-1.,-1.226948711654E-18,-1.226948711654E-18));
#1180 = ADVANCED_FACE('',(#1181),#1199,.F.);
#1181 = FACE_BOUND('',#1182,.F.);
#1182 = EDGE_LOOP('',(#1183,#1184,#1185,#1193));
#1183 = ORIENTED_EDGE('',*,*,#1162,.F.);
#1184 = ORIENTED_EDGE('',*,*,#801,.T.);
#1185 = ORIENTED_EDGE('',*,*,#1186,.T.);
#1186 = EDGE_CURVE('',#802,#1187,#1189,.T.);
#1187 = VERTEX_POINT('',#1188);
#1188 = CARTESIAN_POINT('',(0.16,-2.38,-3.));
#1189 = LINE('',#1190,#1191);
#1190 = CARTESIAN_POINT('',(5.333333333333E-02,-2.486666666667,
    -3.106666666667));
#1191 = VECTOR('',#1192,1.);
#1192 = DIRECTION('',(-0.57735026919,-0.57735026919,-0.57735026919));
#1193 = ORIENTED_EDGE('',*,*,#1194,.F.);
#1194 = EDGE_CURVE('',#1163,#1187,#1195,.T.);
#1195 = LINE('',#1196,#1197);
#1196 = CARTESIAN_POINT('',(0.16,-2.86,-3.));
#1197 = VECTOR('',#1198,1.);
#1198 = DIRECTION('',(0.,1.,0.));
#1199 = PLANE('',#1200);
#1200 = AXIS2_PLACEMENT_3D('',#1201,#1202,#1203);
#1201 = CARTESIAN_POINT('',(0.24,-2.86,-2.92));
#1202 = DIRECTION('',(-0.707106781187,1.735167508357E-18,0.707106781187)
  );
#1203 = DIRECTION('',(1.226948711654E-18,1.,-1.226948711654E-18));
#1204 = ADVANCED_FACE('',(#1205),#1223,.F.);
#1205 = FACE_BOUND('',#1206,.T.);
#1206 = EDGE_LOOP('',(#1207,#1215,#1216,#1217));
#1207 = ORIENTED_EDGE('',*,*,#1208,.F.);
#1208 = EDGE_CURVE('',#826,#1209,#1211,.T.);
#1209 = VERTEX_POINT('',#1210);
#1210 = CARTESIAN_POINT('',(-0.16,-2.38,-3.));
#1211 = LINE('',#1212,#1213);
#1212 = CARTESIAN_POINT('',(-0.16,-2.38,-3.));
#1213 = VECTOR('',#1214,1.);
#1214 = DIRECTION('',(0.57735026919,-0.57735026919,-0.57735026919));
#1215 = ORIENTED_EDGE('',*,*,#825,.T.);
#1216 = ORIENTED_EDGE('',*,*,#1186,.T.);
#1217 = ORIENTED_EDGE('',*,*,#1218,.F.);
#1218 = EDGE_CURVE('',#1209,#1187,#1219,.T.);
#1219 = LINE('',#1220,#1221);
#1220 = CARTESIAN_POINT('',(-0.32,-2.38,-3.));
#1221 = VECTOR('',#1222,1.);
#1222 = DIRECTION('',(1.,0.,0.));
#1223 = PLANE('',#1224);
#1224 = AXIS2_PLACEMENT_3D('',#1225,#1226,#1227);
#1225 = CARTESIAN_POINT('',(-0.32,-2.3,-2.92));
#1226 = DIRECTION('',(-1.735167508357E-18,-0.707106781187,0.707106781187
    ));
#1227 = DIRECTION('',(-1.,1.226948711654E-18,-1.226948711654E-18));
#1228 = ADVANCED_FACE('',(#1229),#1240,.T.);
#1229 = FACE_BOUND('',#1230,.T.);
#1230 = EDGE_LOOP('',(#1231,#1232,#1233,#1234));
#1231 = ORIENTED_EDGE('',*,*,#1153,.F.);
#1232 = ORIENTED_EDGE('',*,*,#849,.T.);
#1233 = ORIENTED_EDGE('',*,*,#1208,.T.);
#1234 = ORIENTED_EDGE('',*,*,#1235,.F.);
#1235 = EDGE_CURVE('',#1154,#1209,#1236,.T.);
#1236 = LINE('',#1237,#1238);
#1237 = CARTESIAN_POINT('',(-0.16,-2.86,-3.));
#1238 = VECTOR('',#1239,1.);
#1239 = DIRECTION('',(0.,1.,0.));
#1240 = PLANE('',#1241);
#1241 = AXIS2_PLACEMENT_3D('',#1242,#1243,#1244);
#1242 = CARTESIAN_POINT('',(-0.24,-2.86,-2.92));
#1243 = DIRECTION('',(-0.707106781187,-1.735167508357E-18,
    -0.707106781187));
#1244 = DIRECTION('',(-1.226948711654E-18,1.,-1.226948711654E-18));
#1245 = ADVANCED_FACE('',(#1246),#1271,.F.);
#1246 = FACE_BOUND('',#1247,.T.);
#1247 = EDGE_LOOP('',(#1248,#1256,#1257,#1265));
#1248 = ORIENTED_EDGE('',*,*,#1249,.F.);
#1249 = EDGE_CURVE('',#875,#1250,#1252,.T.);
#1250 = VERTEX_POINT('',#1251);
#1251 = CARTESIAN_POINT('',(-0.16,-0.16,8.54));
#1252 = LINE('',#1253,#1254);
#1253 = CARTESIAN_POINT('',(-0.266666666667,-0.266666666667,
    8.433333333333));
#1254 = VECTOR('',#1255,1.);
#1255 = DIRECTION('',(0.57735026919,0.57735026919,0.57735026919));
#1256 = ORIENTED_EDGE('',*,*,#882,.T.);
#1257 = ORIENTED_EDGE('',*,*,#1258,.T.);
#1258 = EDGE_CURVE('',#866,#1259,#1261,.T.);
#1259 = VERTEX_POINT('',#1260);
#1260 = CARTESIAN_POINT('',(0.16,-0.16,8.54));
#1261 = LINE('',#1262,#1263);
#1262 = CARTESIAN_POINT('',(0.16,-0.16,8.54));
#1263 = VECTOR('',#1264,1.);
#1264 = DIRECTION('',(-0.57735026919,0.57735026919,0.57735026919));
#1265 = ORIENTED_EDGE('',*,*,#1266,.F.);
#1266 = EDGE_CURVE('',#1250,#1259,#1267,.T.);
#1267 = LINE('',#1268,#1269);
#1268 = CARTESIAN_POINT('',(-0.32,-0.16,8.54));
#1269 = VECTOR('',#1270,1.);
#1270 = DIRECTION('',(1.,0.,0.));
#1271 = PLANE('',#1272);
#1272 = AXIS2_PLACEMENT_3D('',#1273,#1274,#1275);
#1273 = CARTESIAN_POINT('',(-0.32,-0.24,8.46));
#1274 = DIRECTION('',(-1.735167508357E-18,0.707106781187,-0.707106781187
    ));
#1275 = DIRECTION('',(-1.,-1.226948711654E-18,1.226948711654E-18));
#1276 = ADVANCED_FACE('',(#1277),#1295,.T.);
#1277 = FACE_BOUND('',#1278,.T.);
#1278 = EDGE_LOOP('',(#1279,#1280,#1281,#1289));
#1279 = ORIENTED_EDGE('',*,*,#1258,.F.);
#1280 = ORIENTED_EDGE('',*,*,#906,.T.);
#1281 = ORIENTED_EDGE('',*,*,#1282,.T.);
#1282 = EDGE_CURVE('',#899,#1283,#1285,.T.);
#1283 = VERTEX_POINT('',#1284);
#1284 = CARTESIAN_POINT('',(0.16,0.16,8.54));
#1285 = LINE('',#1286,#1287);
#1286 = CARTESIAN_POINT('',(5.333333333333E-02,5.333333333333E-02,
    8.646666666667));
#1287 = VECTOR('',#1288,1.);
#1288 = DIRECTION('',(-0.57735026919,-0.57735026919,0.57735026919));
#1289 = ORIENTED_EDGE('',*,*,#1290,.F.);
#1290 = EDGE_CURVE('',#1259,#1283,#1291,.T.);
#1291 = LINE('',#1292,#1293);
#1292 = CARTESIAN_POINT('',(0.16,-0.32,8.54));
#1293 = VECTOR('',#1294,1.);
#1294 = DIRECTION('',(0.,1.,0.));
#1295 = PLANE('',#1296);
#1296 = AXIS2_PLACEMENT_3D('',#1297,#1298,#1299);
#1297 = CARTESIAN_POINT('',(0.24,-0.32,8.46));
#1298 = DIRECTION('',(0.707106781187,-1.735167508357E-18,0.707106781187)
  );
#1299 = DIRECTION('',(1.226948711654E-18,1.,1.226948711654E-18));
#1300 = ADVANCED_FACE('',(#1301),#1319,.T.);
#1301 = FACE_BOUND('',#1302,.F.);
#1302 = EDGE_LOOP('',(#1303,#1311,#1312,#1313));
#1303 = ORIENTED_EDGE('',*,*,#1304,.F.);
#1304 = EDGE_CURVE('',#923,#1305,#1307,.T.);
#1305 = VERTEX_POINT('',#1306);
#1306 = CARTESIAN_POINT('',(-0.16,0.16,8.54));
#1307 = LINE('',#1308,#1309);
#1308 = CARTESIAN_POINT('',(-0.16,0.16,8.54));
#1309 = VECTOR('',#1310,1.);
#1310 = DIRECTION('',(0.57735026919,-0.57735026919,0.57735026919));
#1311 = ORIENTED_EDGE('',*,*,#930,.T.);
#1312 = ORIENTED_EDGE('',*,*,#1282,.T.);
#1313 = ORIENTED_EDGE('',*,*,#1314,.F.);
#1314 = EDGE_CURVE('',#1305,#1283,#1315,.T.);
#1315 = LINE('',#1316,#1317);
#1316 = CARTESIAN_POINT('',(-0.32,0.16,8.54));
#1317 = VECTOR('',#1318,1.);
#1318 = DIRECTION('',(1.,0.,0.));
#1319 = PLANE('',#1320);
#1320 = AXIS2_PLACEMENT_3D('',#1321,#1322,#1323);
#1321 = CARTESIAN_POINT('',(-0.32,0.24,8.46));
#1322 = DIRECTION('',(1.735167508357E-18,0.707106781187,0.707106781187)
  );
#1323 = DIRECTION('',(-1.,1.226948711654E-18,1.226948711654E-18));
#1324 = ADVANCED_FACE('',(#1325),#1336,.F.);
#1325 = FACE_BOUND('',#1326,.F.);
#1326 = EDGE_LOOP('',(#1327,#1328,#1329,#1330));
#1327 = ORIENTED_EDGE('',*,*,#1249,.F.);
#1328 = ORIENTED_EDGE('',*,*,#947,.T.);
#1329 = ORIENTED_EDGE('',*,*,#1304,.T.);
#1330 = ORIENTED_EDGE('',*,*,#1331,.F.);
#1331 = EDGE_CURVE('',#1250,#1305,#1332,.T.);
#1332 = LINE('',#1333,#1334);
#1333 = CARTESIAN_POINT('',(-0.16,-0.32,8.54));
#1334 = VECTOR('',#1335,1.);
#1335 = DIRECTION('',(0.,1.,0.));
#1336 = PLANE('',#1337);
#1337 = AXIS2_PLACEMENT_3D('',#1338,#1339,#1340);
#1338 = CARTESIAN_POINT('',(-0.24,-0.32,8.46));
#1339 = DIRECTION('',(0.707106781187,1.735167508357E-18,-0.707106781187)
  );
#1340 = DIRECTION('',(-1.226948711654E-18,1.,1.226948711654E-18));
#1341 = ADVANCED_FACE('',(#1342),#1367,.F.);
#1342 = FACE_BOUND('',#1343,.T.);
#1343 = EDGE_LOOP('',(#1344,#1352,#1353,#1361));
#1344 = ORIENTED_EDGE('',*,*,#1345,.F.);
#1345 = EDGE_CURVE('',#971,#1346,#1348,.T.);
#1346 = VERTEX_POINT('',#1347);
#1347 = CARTESIAN_POINT('',(-0.16,-2.7,8.54));
#1348 = LINE('',#1349,#1350);
#1349 = CARTESIAN_POINT('',(-0.266666666667,-2.806666666667,
    8.433333333333));
#1350 = VECTOR('',#1351,1.);
#1351 = DIRECTION('',(0.57735026919,0.57735026919,0.57735026919));
#1352 = ORIENTED_EDGE('',*,*,#978,.T.);
#1353 = ORIENTED_EDGE('',*,*,#1354,.T.);
#1354 = EDGE_CURVE('',#962,#1355,#1357,.T.);
#1355 = VERTEX_POINT('',#1356);
#1356 = CARTESIAN_POINT('',(0.16,-2.7,8.54));
#1357 = LINE('',#1358,#1359);
#1358 = CARTESIAN_POINT('',(0.16,-2.7,8.54));
#1359 = VECTOR('',#1360,1.);
#1360 = DIRECTION('',(-0.57735026919,0.57735026919,0.57735026919));
#1361 = ORIENTED_EDGE('',*,*,#1362,.F.);
#1362 = EDGE_CURVE('',#1346,#1355,#1363,.T.);
#1363 = LINE('',#1364,#1365);
#1364 = CARTESIAN_POINT('',(-0.32,-2.7,8.54));
#1365 = VECTOR('',#1366,1.);
#1366 = DIRECTION('',(1.,0.,0.));
#1367 = PLANE('',#1368);
#1368 = AXIS2_PLACEMENT_3D('',#1369,#1370,#1371);
#1369 = CARTESIAN_POINT('',(-0.32,-2.78,8.46));
#1370 = DIRECTION('',(-1.735167508357E-18,0.707106781187,-0.707106781187
    ));
#1371 = DIRECTION('',(-1.,-1.226948711654E-18,1.226948711654E-18));
#1372 = ADVANCED_FACE('',(#1373),#1391,.T.);
#1373 = FACE_BOUND('',#1374,.T.);
#1374 = EDGE_LOOP('',(#1375,#1376,#1377,#1385));
#1375 = ORIENTED_EDGE('',*,*,#1354,.F.);
#1376 = ORIENTED_EDGE('',*,*,#1002,.T.);
#1377 = ORIENTED_EDGE('',*,*,#1378,.T.);
#1378 = EDGE_CURVE('',#995,#1379,#1381,.T.);
#1379 = VERTEX_POINT('',#1380);
#1380 = CARTESIAN_POINT('',(0.16,-2.38,8.54));
#1381 = LINE('',#1382,#1383);
#1382 = CARTESIAN_POINT('',(5.333333333333E-02,-2.486666666667,
    8.646666666667));
#1383 = VECTOR('',#1384,1.);
#1384 = DIRECTION('',(-0.57735026919,-0.57735026919,0.57735026919));
#1385 = ORIENTED_EDGE('',*,*,#1386,.F.);
#1386 = EDGE_CURVE('',#1355,#1379,#1387,.T.);
#1387 = LINE('',#1388,#1389);
#1388 = CARTESIAN_POINT('',(0.16,-2.86,8.54));
#1389 = VECTOR('',#1390,1.);
#1390 = DIRECTION('',(0.,1.,0.));
#1391 = PLANE('',#1392);
#1392 = AXIS2_PLACEMENT_3D('',#1393,#1394,#1395);
#1393 = CARTESIAN_POINT('',(0.24,-2.86,8.46));
#1394 = DIRECTION('',(0.707106781187,-1.735167508357E-18,0.707106781187)
  );
#1395 = DIRECTION('',(1.226948711654E-18,1.,1.226948711654E-18));
#1396 = ADVANCED_FACE('',(#1397),#1415,.T.);
#1397 = FACE_BOUND('',#1398,.F.);
#1398 = EDGE_LOOP('',(#1399,#1407,#1408,#1409));
#1399 = ORIENTED_EDGE('',*,*,#1400,.F.);
#1400 = EDGE_CURVE('',#1019,#1401,#1403,.T.);
#1401 = VERTEX_POINT('',#1402);
#1402 = CARTESIAN_POINT('',(-0.16,-2.38,8.54));
#1403 = LINE('',#1404,#1405);
#1404 = CARTESIAN_POINT('',(-0.16,-2.38,8.54));
#1405 = VECTOR('',#1406,1.);
#1406 = DIRECTION('',(0.57735026919,-0.57735026919,0.57735026919));
#1407 = ORIENTED_EDGE('',*,*,#1026,.T.);
#1408 = ORIENTED_EDGE('',*,*,#1378,.T.);
#1409 = ORIENTED_EDGE('',*,*,#1410,.F.);
#1410 = EDGE_CURVE('',#1401,#1379,#1411,.T.);
#1411 = LINE('',#1412,#1413);
#1412 = CARTESIAN_POINT('',(-0.32,-2.38,8.54));
#1413 = VECTOR('',#1414,1.);
#1414 = DIRECTION('',(1.,0.,0.));
#1415 = PLANE('',#1416);
#1416 = AXIS2_PLACEMENT_3D('',#1417,#1418,#1419);
#1417 = CARTESIAN_POINT('',(-0.32,-2.3,8.46));
#1418 = DIRECTION('',(1.735167508357E-18,0.707106781187,0.707106781187)
  );
#1419 = DIRECTION('',(-1.,1.226948711654E-18,1.226948711654E-18));
#1420 = ADVANCED_FACE('',(#1421),#1432,.F.);
#1421 = FACE_BOUND('',#1422,.F.);
#1422 = EDGE_LOOP('',(#1423,#1424,#1425,#1426));
#1423 = ORIENTED_EDGE('',*,*,#1345,.F.);
#1424 = ORIENTED_EDGE('',*,*,#1043,.T.);
#1425 = ORIENTED_EDGE('',*,*,#1400,.T.);
#1426 = ORIENTED_EDGE('',*,*,#1427,.F.);
#1427 = EDGE_CURVE('',#1346,#1401,#1428,.T.);
#1428 = LINE('',#1429,#1430);
#1429 = CARTESIAN_POINT('',(-0.16,-2.86,8.54));
#1430 = VECTOR('',#1431,1.);
#1431 = DIRECTION('',(0.,1.,0.));
#1432 = PLANE('',#1433);
#1433 = AXIS2_PLACEMENT_3D('',#1434,#1435,#1436);
#1434 = CARTESIAN_POINT('',(-0.24,-2.86,8.46));
#1435 = DIRECTION('',(0.707106781187,1.735167508357E-18,-0.707106781187)
  );
#1436 = DIRECTION('',(-1.226948711654E-18,1.,1.226948711654E-18));
#1437 = ADVANCED_FACE('',(#1438),#1444,.F.);
#1438 = FACE_BOUND('',#1439,.F.);
#1439 = EDGE_LOOP('',(#1440,#1441,#1442,#1443));
#1440 = ORIENTED_EDGE('',*,*,#1139,.F.);
#1441 = ORIENTED_EDGE('',*,*,#1074,.T.);
#1442 = ORIENTED_EDGE('',*,*,#1098,.T.);
#1443 = ORIENTED_EDGE('',*,*,#1122,.F.);
#1444 = PLANE('',#1445);
#1445 = AXIS2_PLACEMENT_3D('',#1446,#1447,#1448);
#1446 = CARTESIAN_POINT('',(-0.32,-0.32,-3.));
#1447 = DIRECTION('',(0.,0.,1.));
#1448 = DIRECTION('',(1.,0.,-0.));
#1449 = ADVANCED_FACE('',(#1450),#1456,.F.);
#1450 = FACE_BOUND('',#1451,.F.);
#1451 = EDGE_LOOP('',(#1452,#1453,#1454,#1455));
#1452 = ORIENTED_EDGE('',*,*,#1235,.F.);
#1453 = ORIENTED_EDGE('',*,*,#1170,.T.);
#1454 = ORIENTED_EDGE('',*,*,#1194,.T.);
#1455 = ORIENTED_EDGE('',*,*,#1218,.F.);
#1456 = PLANE('',#1457);
#1457 = AXIS2_PLACEMENT_3D('',#1458,#1459,#1460);
#1458 = CARTESIAN_POINT('',(-0.32,-2.86,-3.));
#1459 = DIRECTION('',(0.,0.,1.));
#1460 = DIRECTION('',(1.,0.,-0.));
#1461 = ADVANCED_FACE('',(#1462),#1468,.T.);
#1462 = FACE_BOUND('',#1463,.T.);
#1463 = EDGE_LOOP('',(#1464,#1465,#1466,#1467));
#1464 = ORIENTED_EDGE('',*,*,#1314,.F.);
#1465 = ORIENTED_EDGE('',*,*,#1331,.F.);
#1466 = ORIENTED_EDGE('',*,*,#1266,.T.);
#1467 = ORIENTED_EDGE('',*,*,#1290,.T.);
#1468 = PLANE('',#1469);
#1469 = AXIS2_PLACEMENT_3D('',#1470,#1471,#1472);
#1470 = CARTESIAN_POINT('',(-0.32,-0.32,8.54));
#1471 = DIRECTION('',(0.,0.,1.));
#1472 = DIRECTION('',(1.,0.,-0.));
#1473 = ADVANCED_FACE('',(#1474),#1480,.T.);
#1474 = FACE_BOUND('',#1475,.T.);
#1475 = EDGE_LOOP('',(#1476,#1477,#1478,#1479));
#1476 = ORIENTED_EDGE('',*,*,#1410,.F.);
#1477 = ORIENTED_EDGE('',*,*,#1427,.F.);
#1478 = ORIENTED_EDGE('',*,*,#1362,.T.);
#1479 = ORIENTED_EDGE('',*,*,#1386,.T.);
#1480 = PLANE('',#1481);
#1481 = AXIS2_PLACEMENT_3D('',#1482,#1483,#1484);
#1482 = CARTESIAN_POINT('',(-0.32,-2.86,8.54));
#1483 = DIRECTION('',(0.,0.,1.));
#1484 = DIRECTION('',(1.,0.,-0.));
#1485 = ( GEOMETRIC_REPRESENTATION_CONTEXT(3) 
GLOBAL_UNCERTAINTY_ASSIGNED_CONTEXT((#1489)) 
GLOBAL_UNIT_ASSIGNED_CONTEXT((#1486,#1487,#1488)) REPRESENTATION_CONTEXT
('Context #1','3D Context with UNIT and UNCERTAINTY') );
#1486 = ( LENGTH_UNIT() NAMED_UNIT(*) SI_UNIT(.MILLI.,.METRE.) );
#1487 = ( NAMED_UNIT(*) PLANE_ANGLE_UNIT() SI_UNIT($,.RADIAN.) );
#1488 = ( NAMED_UNIT(*) SI_UNIT($,.STERADIAN.) SOLID_ANGLE_UNIT() );
#1489 = UNCERTAINTY_MEASURE_WITH_UNIT(LENGTH_MEASURE(1.E-07),#1486,
  'distance_accuracy_value','confusion accuracy');
#1490 = CONTEXT_DEPENDENT_SHAPE_REPRESENTATION(#1491,#1493);
#1491 = ( REPRESENTATION_RELATIONSHIP('','',#52,#10) 
REPRESENTATION_RELATIONSHIP_WITH_TRANSFORMATION(#1492) 
SHAPE_REPRESENTATION_RELATIONSHIP() );
#1492 = ITEM_DEFINED_TRANSFORMATION('','',#11,#15);
#1493 = PRODUCT_DEFINITION_SHAPE('Placement','Placement of an item',
  #1494);
#1494 = NEXT_ASSEMBLY_USAGE_OCCURRENCE('1','J5','',#5,#47,$);
#1495 = PRODUCT_RELATED_PRODUCT_CATEGORY('part',$,(#49));
#1496 = SHAPE_DEFINITION_REPRESENTATION(#1497,#1503);
#1497 = PRODUCT_DEFINITION_SHAPE('','',#1498);
#1498 = PRODUCT_DEFINITION('design','',#1499,#1502);
#1499 = PRODUCT_DEFINITION_FORMATION('','',#1500);
#1500 = PRODUCT('PinSocket_1x03_P2.54mm_Vertical',
  'PinSocket_1x03_P2.54mm_Vertical','',(#1501));
#1501 = PRODUCT_CONTEXT('',#2,'mechanical');
#1502 = PRODUCT_DEFINITION_CONTEXT('part definition',#2,'design');
#1503 = ADVANCED_BREP_SHAPE_REPRESENTATION('',(#11,#1504),#4114);
#1504 = MANIFOLD_SOLID_BREP('',#1505);
#1505 = CLOSED_SHELL('',(#1506,#1546,#1609,#1672,#1689,#1808,#1830,#1847
    ,#2062,#2074,#2086,#2117,#2141,#2165,#2182,#2213,#2237,#2261,#2278,
    #2309,#2333,#2357,#2374,#2391,#2438,#2455,#2502,#2519,#2566,#2583,
    #2630,#2647,#2694,#2711,#2758,#2789,#2845,#2869,#2918,#2949,#3005,
    #3029,#3078,#3109,#3165,#3189,#3238,#3255,#3272,#3289,#3306,#3318,
    #3335,#3352,#3369,#3386,#3398,#3415,#3432,#3449,#3466,#3478,#3495,
    #3512,#3561,#3585,#3627,#3644,#3661,#3678,#3727,#3751,#3793,#3810,
    #3827,#3844,#3893,#3917,#3959,#3976,#3993,#4010,#4022,#4039,#4056,
    #4068,#4085,#4102));
#1506 = ADVANCED_FACE('',(#1507),#1541,.F.);
#1507 = FACE_BOUND('',#1508,.F.);
#1508 = EDGE_LOOP('',(#1509,#1519,#1527,#1535));
#1509 = ORIENTED_EDGE('',*,*,#1510,.T.);
#1510 = EDGE_CURVE('',#1511,#1513,#1515,.T.);
#1511 = VERTEX_POINT('',#1512);
#1512 = CARTESIAN_POINT('',(1.27,-6.35,0.));
#1513 = VERTEX_POINT('',#1514);
#1514 = CARTESIAN_POINT('',(1.27,-6.35,8.5));
#1515 = LINE('',#1516,#1517);
#1516 = CARTESIAN_POINT('',(1.27,-6.35,0.));
#1517 = VECTOR('',#1518,1.);
#1518 = DIRECTION('',(0.,0.,1.));
#1519 = ORIENTED_EDGE('',*,*,#1520,.T.);
#1520 = EDGE_CURVE('',#1513,#1521,#1523,.T.);
#1521 = VERTEX_POINT('',#1522);
#1522 = CARTESIAN_POINT('',(1.27,1.27,8.5));
#1523 = LINE('',#1524,#1525);
#1524 = CARTESIAN_POINT('',(1.27,-6.35,8.5));
#1525 = VECTOR('',#1526,1.);
#1526 = DIRECTION('',(1.110223024625E-16,1.,0.));
#1527 = ORIENTED_EDGE('',*,*,#1528,.F.);
#1528 = EDGE_CURVE('',#1529,#1521,#1531,.T.);
#1529 = VERTEX_POINT('',#1530);
#1530 = CARTESIAN_POINT('',(1.27,1.27,0.));
#1531 = LINE('',#1532,#1533);
#1532 = CARTESIAN_POINT('',(1.27,1.27,0.));
#1533 = VECTOR('',#1534,1.);
#1534 = DIRECTION('',(0.,0.,1.));
#1535 = ORIENTED_EDGE('',*,*,#1536,.F.);
#1536 = EDGE_CURVE('',#1511,#1529,#1537,.T.);
#1537 = LINE('',#1538,#1539);
#1538 = CARTESIAN_POINT('',(1.27,-6.35,0.));
#1539 = VECTOR('',#1540,1.);
#1540 = DIRECTION('',(1.110223024625E-16,1.,0.));
#1541 = PLANE('',#1542);
#1542 = AXIS2_PLACEMENT_3D('',#1543,#1544,#1545);
#1543 = CARTESIAN_POINT('',(1.27,-6.35,0.));
#1544 = DIRECTION('',(-1.,1.110223024625E-16,0.));
#1545 = DIRECTION('',(1.110223024625E-16,1.,0.));
#1546 = ADVANCED_FACE('',(#1547),#1604,.F.);
#1547 = FACE_BOUND('',#1548,.F.);
#1548 = EDGE_LOOP('',(#1549,#1559,#1567,#1573,#1574,#1582,#1590,#1598));
#1549 = ORIENTED_EDGE('',*,*,#1550,.F.);
#1550 = EDGE_CURVE('',#1551,#1553,#1555,.T.);
#1551 = VERTEX_POINT('',#1552);
#1552 = CARTESIAN_POINT('',(-1.27,-6.35,0.));
#1553 = VERTEX_POINT('',#1554);
#1554 = CARTESIAN_POINT('',(-0.846666666667,-6.35,0.));
#1555 = LINE('',#1556,#1557);
#1556 = CARTESIAN_POINT('',(-1.27,-6.35,0.));
#1557 = VECTOR('',#1558,1.);
#1558 = DIRECTION('',(1.,-1.110223024625E-16,0.));
#1559 = ORIENTED_EDGE('',*,*,#1560,.T.);
#1560 = EDGE_CURVE('',#1551,#1561,#1563,.T.);
#1561 = VERTEX_POINT('',#1562);
#1562 = CARTESIAN_POINT('',(-1.27,-6.35,8.5));
#1563 = LINE('',#1564,#1565);
#1564 = CARTESIAN_POINT('',(-1.27,-6.35,0.));
#1565 = VECTOR('',#1566,1.);
#1566 = DIRECTION('',(0.,0.,1.));
#1567 = ORIENTED_EDGE('',*,*,#1568,.T.);
#1568 = EDGE_CURVE('',#1561,#1513,#1569,.T.);
#1569 = LINE('',#1570,#1571);
#1570 = CARTESIAN_POINT('',(-1.27,-6.35,8.5));
#1571 = VECTOR('',#1572,1.);
#1572 = DIRECTION('',(1.,-1.110223024625E-16,0.));
#1573 = ORIENTED_EDGE('',*,*,#1510,.F.);
#1574 = ORIENTED_EDGE('',*,*,#1575,.F.);
#1575 = EDGE_CURVE('',#1576,#1511,#1578,.T.);
#1576 = VERTEX_POINT('',#1577);
#1577 = CARTESIAN_POINT('',(0.846666666667,-6.35,0.));
#1578 = LINE('',#1579,#1580);
#1579 = CARTESIAN_POINT('',(-1.27,-6.35,0.));
#1580 = VECTOR('',#1581,1.);
#1581 = DIRECTION('',(1.,-1.110223024625E-16,0.));
#1582 = ORIENTED_EDGE('',*,*,#1583,.T.);
#1583 = EDGE_CURVE('',#1576,#1584,#1586,.T.);
#1584 = VERTEX_POINT('',#1585);
#1585 = CARTESIAN_POINT('',(0.846666666667,-6.35,0.2));
#1586 = LINE('',#1587,#1588);
#1587 = CARTESIAN_POINT('',(0.846666666667,-6.35,0.));
#1588 = VECTOR('',#1589,1.);
#1589 = DIRECTION('',(0.,0.,1.));
#1590 = ORIENTED_EDGE('',*,*,#1591,.F.);
#1591 = EDGE_CURVE('',#1592,#1584,#1594,.T.);
#1592 = VERTEX_POINT('',#1593);
#1593 = CARTESIAN_POINT('',(-0.846666666667,-6.35,0.2));
#1594 = LINE('',#1595,#1596);
#1595 = CARTESIAN_POINT('',(-0.846666666667,-6.35,0.2));
#1596 = VECTOR('',#1597,1.);
#1597 = DIRECTION('',(1.,-1.110223024625E-16,0.));
#1598 = ORIENTED_EDGE('',*,*,#1599,.F.);
#1599 = EDGE_CURVE('',#1553,#1592,#1600,.T.);
#1600 = LINE('',#1601,#1602);
#1601 = CARTESIAN_POINT('',(-0.846666666667,-6.35,0.));
#1602 = VECTOR('',#1603,1.);
#1603 = DIRECTION('',(0.,0.,1.));
#1604 = PLANE('',#1605);
#1605 = AXIS2_PLACEMENT_3D('',#1606,#1607,#1608);
#1606 = CARTESIAN_POINT('',(-1.27,-6.35,0.));
#1607 = DIRECTION('',(1.110223024625E-16,1.,0.));
#1608 = DIRECTION('',(1.,-1.110223024625E-16,0.));
#1609 = ADVANCED_FACE('',(#1610),#1667,.F.);
#1610 = FACE_BOUND('',#1611,.F.);
#1611 = EDGE_LOOP('',(#1612,#1620,#1621,#1629,#1637,#1645,#1653,#1661));
#1612 = ORIENTED_EDGE('',*,*,#1613,.F.);
#1613 = EDGE_CURVE('',#1529,#1614,#1616,.T.);
#1614 = VERTEX_POINT('',#1615);
#1615 = CARTESIAN_POINT('',(0.846666666667,1.27,0.));
#1616 = LINE('',#1617,#1618);
#1617 = CARTESIAN_POINT('',(1.27,1.27,0.));
#1618 = VECTOR('',#1619,1.);
#1619 = DIRECTION('',(-1.,1.110223024625E-16,0.));
#1620 = ORIENTED_EDGE('',*,*,#1528,.T.);
#1621 = ORIENTED_EDGE('',*,*,#1622,.T.);
#1622 = EDGE_CURVE('',#1521,#1623,#1625,.T.);
#1623 = VERTEX_POINT('',#1624);
#1624 = CARTESIAN_POINT('',(-1.27,1.27,8.5));
#1625 = LINE('',#1626,#1627);
#1626 = CARTESIAN_POINT('',(1.27,1.27,8.5));
#1627 = VECTOR('',#1628,1.);
#1628 = DIRECTION('',(-1.,1.110223024625E-16,0.));
#1629 = ORIENTED_EDGE('',*,*,#1630,.F.);
#1630 = EDGE_CURVE('',#1631,#1623,#1633,.T.);
#1631 = VERTEX_POINT('',#1632);
#1632 = CARTESIAN_POINT('',(-1.27,1.27,0.));
#1633 = LINE('',#1634,#1635);
#1634 = CARTESIAN_POINT('',(-1.27,1.27,0.));
#1635 = VECTOR('',#1636,1.);
#1636 = DIRECTION('',(0.,0.,1.));
#1637 = ORIENTED_EDGE('',*,*,#1638,.F.);
#1638 = EDGE_CURVE('',#1639,#1631,#1641,.T.);
#1639 = VERTEX_POINT('',#1640);
#1640 = CARTESIAN_POINT('',(-0.846666666667,1.27,0.));
#1641 = LINE('',#1642,#1643);
#1642 = CARTESIAN_POINT('',(1.27,1.27,0.));
#1643 = VECTOR('',#1644,1.);
#1644 = DIRECTION('',(-1.,1.110223024625E-16,0.));
#1645 = ORIENTED_EDGE('',*,*,#1646,.T.);
#1646 = EDGE_CURVE('',#1639,#1647,#1649,.T.);
#1647 = VERTEX_POINT('',#1648);
#1648 = CARTESIAN_POINT('',(-0.846666666667,1.27,0.2));
#1649 = LINE('',#1650,#1651);
#1650 = CARTESIAN_POINT('',(-0.846666666667,1.27,0.));
#1651 = VECTOR('',#1652,1.);
#1652 = DIRECTION('',(0.,0.,1.));
#1653 = ORIENTED_EDGE('',*,*,#1654,.F.);
#1654 = EDGE_CURVE('',#1655,#1647,#1657,.T.);
#1655 = VERTEX_POINT('',#1656);
#1656 = CARTESIAN_POINT('',(0.846666666667,1.27,0.2));
#1657 = LINE('',#1658,#1659);
#1658 = CARTESIAN_POINT('',(0.846666666667,1.27,0.2));
#1659 = VECTOR('',#1660,1.);
#1660 = DIRECTION('',(-1.,1.110223024625E-16,0.));
#1661 = ORIENTED_EDGE('',*,*,#1662,.F.);
#1662 = EDGE_CURVE('',#1614,#1655,#1663,.T.);
#1663 = LINE('',#1664,#1665);
#1664 = CARTESIAN_POINT('',(0.846666666667,1.27,0.));
#1665 = VECTOR('',#1666,1.);
#1666 = DIRECTION('',(0.,0.,1.));
#1667 = PLANE('',#1668);
#1668 = AXIS2_PLACEMENT_3D('',#1669,#1670,#1671);
#1669 = CARTESIAN_POINT('',(1.27,1.27,0.));
#1670 = DIRECTION('',(-1.110223024625E-16,-1.,0.));
#1671 = DIRECTION('',(-1.,1.110223024625E-16,0.));
#1672 = ADVANCED_FACE('',(#1673),#1684,.F.);
#1673 = FACE_BOUND('',#1674,.F.);
#1674 = EDGE_LOOP('',(#1675,#1676,#1677,#1678));
#1675 = ORIENTED_EDGE('',*,*,#1575,.T.);
#1676 = ORIENTED_EDGE('',*,*,#1536,.T.);
#1677 = ORIENTED_EDGE('',*,*,#1613,.T.);
#1678 = ORIENTED_EDGE('',*,*,#1679,.F.);
#1679 = EDGE_CURVE('',#1576,#1614,#1680,.T.);
#1680 = LINE('',#1681,#1682);
#1681 = CARTESIAN_POINT('',(0.846666666667,-6.35,0.));
#1682 = VECTOR('',#1683,1.);
#1683 = DIRECTION('',(1.110223024625E-16,1.,0.));
#1684 = PLANE('',#1685);
#1685 = AXIS2_PLACEMENT_3D('',#1686,#1687,#1688);
#1686 = CARTESIAN_POINT('',(-2.542410726392E-16,-2.54,0.));
#1687 = DIRECTION('',(0.,0.,1.));
#1688 = DIRECTION('',(1.110223024625E-16,1.,-0.));
#1689 = ADVANCED_FACE('',(#1690,#1701,#1735,#1769),#1803,.T.);
#1690 = FACE_BOUND('',#1691,.T.);
#1691 = EDGE_LOOP('',(#1692,#1693,#1694,#1700));
#1692 = ORIENTED_EDGE('',*,*,#1520,.T.);
#1693 = ORIENTED_EDGE('',*,*,#1622,.T.);
#1694 = ORIENTED_EDGE('',*,*,#1695,.T.);
#1695 = EDGE_CURVE('',#1623,#1561,#1696,.T.);
#1696 = LINE('',#1697,#1698);
#1697 = CARTESIAN_POINT('',(-1.27,1.27,8.5));
#1698 = VECTOR('',#1699,1.);
#1699 = DIRECTION('',(-1.110223024625E-16,-1.,0.));
#1700 = ORIENTED_EDGE('',*,*,#1568,.T.);
#1701 = FACE_BOUND('',#1702,.T.);
#1702 = EDGE_LOOP('',(#1703,#1713,#1721,#1729));
#1703 = ORIENTED_EDGE('',*,*,#1704,.F.);
#1704 = EDGE_CURVE('',#1705,#1707,#1709,.T.);
#1705 = VERTEX_POINT('',#1706);
#1706 = CARTESIAN_POINT('',(0.6,-5.68,8.5));
#1707 = VERTEX_POINT('',#1708);
#1708 = CARTESIAN_POINT('',(0.6,-4.48,8.5));
#1709 = LINE('',#1710,#1711);
#1710 = CARTESIAN_POINT('',(0.6,-5.68,8.5));
#1711 = VECTOR('',#1712,1.);
#1712 = DIRECTION('',(1.110223024625E-16,1.,0.));
#1713 = ORIENTED_EDGE('',*,*,#1714,.F.);
#1714 = EDGE_CURVE('',#1715,#1705,#1717,.T.);
#1715 = VERTEX_POINT('',#1716);
#1716 = CARTESIAN_POINT('',(-0.6,-5.68,8.5));
#1717 = LINE('',#1718,#1719);
#1718 = CARTESIAN_POINT('',(-0.6,-5.68,8.5));
#1719 = VECTOR('',#1720,1.);
#1720 = DIRECTION('',(1.,-1.110223024625E-16,0.));
#1721 = ORIENTED_EDGE('',*,*,#1722,.F.);
#1722 = EDGE_CURVE('',#1723,#1715,#1725,.T.);
#1723 = VERTEX_POINT('',#1724);
#1724 = CARTESIAN_POINT('',(-0.6,-4.48,8.5));
#1725 = LINE('',#1726,#1727);
#1726 = CARTESIAN_POINT('',(-0.6,-4.48,8.5));
#1727 = VECTOR('',#1728,1.);
#1728 = DIRECTION('',(-1.110223024625E-16,-1.,0.));
#1729 = ORIENTED_EDGE('',*,*,#1730,.F.);
#1730 = EDGE_CURVE('',#1707,#1723,#1731,.T.);
#1731 = LINE('',#1732,#1733);
#1732 = CARTESIAN_POINT('',(0.6,-4.48,8.5));
#1733 = VECTOR('',#1734,1.);
#1734 = DIRECTION('',(-1.,1.110223024625E-16,0.));
#1735 = FACE_BOUND('',#1736,.T.);
#1736 = EDGE_LOOP('',(#1737,#1747,#1755,#1763));
#1737 = ORIENTED_EDGE('',*,*,#1738,.F.);
#1738 = EDGE_CURVE('',#1739,#1741,#1743,.T.);
#1739 = VERTEX_POINT('',#1740);
#1740 = CARTESIAN_POINT('',(0.6,-3.14,8.5));
#1741 = VERTEX_POINT('',#1742);
#1742 = CARTESIAN_POINT('',(0.6,-1.94,8.5));
#1743 = LINE('',#1744,#1745);
#1744 = CARTESIAN_POINT('',(0.6,-3.14,8.5));
#1745 = VECTOR('',#1746,1.);
#1746 = DIRECTION('',(1.110223024625E-16,1.,0.));
#1747 = ORIENTED_EDGE('',*,*,#1748,.F.);
#1748 = EDGE_CURVE('',#1749,#1739,#1751,.T.);
#1749 = VERTEX_POINT('',#1750);
#1750 = CARTESIAN_POINT('',(-0.6,-3.14,8.5));
#1751 = LINE('',#1752,#1753);
#1752 = CARTESIAN_POINT('',(-0.6,-3.14,8.5));
#1753 = VECTOR('',#1754,1.);
#1754 = DIRECTION('',(1.,-1.110223024625E-16,0.));
#1755 = ORIENTED_EDGE('',*,*,#1756,.F.);
#1756 = EDGE_CURVE('',#1757,#1749,#1759,.T.);
#1757 = VERTEX_POINT('',#1758);
#1758 = CARTESIAN_POINT('',(-0.6,-1.94,8.5));
#1759 = LINE('',#1760,#1761);
#1760 = CARTESIAN_POINT('',(-0.6,-1.94,8.5));
#1761 = VECTOR('',#1762,1.);
#1762 = DIRECTION('',(-1.110223024625E-16,-1.,0.));
#1763 = ORIENTED_EDGE('',*,*,#1764,.F.);
#1764 = EDGE_CURVE('',#1741,#1757,#1765,.T.);
#1765 = LINE('',#1766,#1767);
#1766 = CARTESIAN_POINT('',(0.6,-1.94,8.5));
#1767 = VECTOR('',#1768,1.);
#1768 = DIRECTION('',(-1.,1.110223024625E-16,0.));
#1769 = FACE_BOUND('',#1770,.T.);
#1770 = EDGE_LOOP('',(#1771,#1781,#1789,#1797));
#1771 = ORIENTED_EDGE('',*,*,#1772,.F.);
#1772 = EDGE_CURVE('',#1773,#1775,#1777,.T.);
#1773 = VERTEX_POINT('',#1774);
#1774 = CARTESIAN_POINT('',(0.6,-0.6,8.5));
#1775 = VERTEX_POINT('',#1776);
#1776 = CARTESIAN_POINT('',(0.6,0.6,8.5));
#1777 = LINE('',#1778,#1779);
#1778 = CARTESIAN_POINT('',(0.6,-0.6,8.5));
#1779 = VECTOR('',#1780,1.);
#1780 = DIRECTION('',(1.110223024625E-16,1.,0.));
#1781 = ORIENTED_EDGE('',*,*,#1782,.F.);
#1782 = EDGE_CURVE('',#1783,#1773,#1785,.T.);
#1783 = VERTEX_POINT('',#1784);
#1784 = CARTESIAN_POINT('',(-0.6,-0.6,8.5));
#1785 = LINE('',#1786,#1787);
#1786 = CARTESIAN_POINT('',(-0.6,-0.6,8.5));
#1787 = VECTOR('',#1788,1.);
#1788 = DIRECTION('',(1.,-1.110223024625E-16,0.));
#1789 = ORIENTED_EDGE('',*,*,#1790,.F.);
#1790 = EDGE_CURVE('',#1791,#1783,#1793,.T.);
#1791 = VERTEX_POINT('',#1792);
#1792 = CARTESIAN_POINT('',(-0.6,0.6,8.5));
#1793 = LINE('',#1794,#1795);
#1794 = CARTESIAN_POINT('',(-0.6,0.6,8.5));
#1795 = VECTOR('',#1796,1.);
#1796 = DIRECTION('',(-1.110223024625E-16,-1.,0.));
#1797 = ORIENTED_EDGE('',*,*,#1798,.F.);
#1798 = EDGE_CURVE('',#1775,#1791,#1799,.T.);
#1799 = LINE('',#1800,#1801);
#1800 = CARTESIAN_POINT('',(0.6,0.6,8.5));
#1801 = VECTOR('',#1802,1.);
#1802 = DIRECTION('',(-1.,1.110223024625E-16,0.));
#1803 = PLANE('',#1804);
#1804 = AXIS2_PLACEMENT_3D('',#1805,#1806,#1807);
#1805 = CARTESIAN_POINT('',(-2.542410726392E-16,-2.54,8.5));
#1806 = DIRECTION('',(0.,0.,1.));
#1807 = DIRECTION('',(1.110223024625E-16,1.,-0.));
#1808 = ADVANCED_FACE('',(#1809),#1825,.F.);
#1809 = FACE_BOUND('',#1810,.F.);
#1810 = EDGE_LOOP('',(#1811,#1812,#1818,#1819));
#1811 = ORIENTED_EDGE('',*,*,#1550,.T.);
#1812 = ORIENTED_EDGE('',*,*,#1813,.F.);
#1813 = EDGE_CURVE('',#1639,#1553,#1814,.T.);
#1814 = LINE('',#1815,#1816);
#1815 = CARTESIAN_POINT('',(-0.846666666667,1.27,0.));
#1816 = VECTOR('',#1817,1.);
#1817 = DIRECTION('',(-1.110223024625E-16,-1.,0.));
#1818 = ORIENTED_EDGE('',*,*,#1638,.T.);
#1819 = ORIENTED_EDGE('',*,*,#1820,.T.);
#1820 = EDGE_CURVE('',#1631,#1551,#1821,.T.);
#1821 = LINE('',#1822,#1823);
#1822 = CARTESIAN_POINT('',(-1.27,1.27,0.));
#1823 = VECTOR('',#1824,1.);
#1824 = DIRECTION('',(-1.110223024625E-16,-1.,0.));
#1825 = PLANE('',#1826);
#1826 = AXIS2_PLACEMENT_3D('',#1827,#1828,#1829);
#1827 = CARTESIAN_POINT('',(-2.542410726392E-16,-2.54,0.));
#1828 = DIRECTION('',(0.,0.,1.));
#1829 = DIRECTION('',(1.110223024625E-16,1.,-0.));
#1830 = ADVANCED_FACE('',(#1831),#1842,.T.);
#1831 = FACE_BOUND('',#1832,.T.);
#1832 = EDGE_LOOP('',(#1833,#1834,#1840,#1841));
#1833 = ORIENTED_EDGE('',*,*,#1646,.T.);
#1834 = ORIENTED_EDGE('',*,*,#1835,.T.);
#1835 = EDGE_CURVE('',#1647,#1592,#1836,.T.);
#1836 = LINE('',#1837,#1838);
#1837 = CARTESIAN_POINT('',(-0.846666666667,1.27,0.2));
#1838 = VECTOR('',#1839,1.);
#1839 = DIRECTION('',(-1.110223024625E-16,-1.,0.));
#1840 = ORIENTED_EDGE('',*,*,#1599,.F.);
#1841 = ORIENTED_EDGE('',*,*,#1813,.F.);
#1842 = PLANE('',#1843);
#1843 = AXIS2_PLACEMENT_3D('',#1844,#1845,#1846);
#1844 = CARTESIAN_POINT('',(-0.846666666667,1.27,0.));
#1845 = DIRECTION('',(1.,-1.110223024625E-16,0.));
#1846 = DIRECTION('',(-1.110223024625E-16,-1.,0.));
#1847 = ADVANCED_FACE('',(#1848,#1859,#1925,#1991),#2057,.F.);
#1848 = FACE_BOUND('',#1849,.F.);
#1849 = EDGE_LOOP('',(#1850,#1856,#1857,#1858));
#1850 = ORIENTED_EDGE('',*,*,#1851,.T.);
#1851 = EDGE_CURVE('',#1584,#1655,#1852,.T.);
#1852 = LINE('',#1853,#1854);
#1853 = CARTESIAN_POINT('',(0.846666666667,-6.35,0.2));
#1854 = VECTOR('',#1855,1.);
#1855 = DIRECTION('',(1.110223024625E-16,1.,0.));
#1856 = ORIENTED_EDGE('',*,*,#1654,.T.);
#1857 = ORIENTED_EDGE('',*,*,#1835,.T.);
#1858 = ORIENTED_EDGE('',*,*,#1591,.T.);
#1859 = FACE_BOUND('',#1860,.F.);
#1860 = EDGE_LOOP('',(#1861,#1871,#1879,#1887,#1895,#1903,#1911,#1919));
#1861 = ORIENTED_EDGE('',*,*,#1862,.F.);
#1862 = EDGE_CURVE('',#1863,#1865,#1867,.T.);
#1863 = VERTEX_POINT('',#1864);
#1864 = CARTESIAN_POINT('',(-0.1,-5.53,0.2));
#1865 = VERTEX_POINT('',#1866);
#1866 = CARTESIAN_POINT('',(0.1,-5.53,0.2));
#1867 = LINE('',#1868,#1869);
#1868 = CARTESIAN_POINT('',(-0.1,-5.53,0.2));
#1869 = VECTOR('',#1870,1.);
#1870 = DIRECTION('',(1.,-1.110223024625E-16,0.));
#1871 = ORIENTED_EDGE('',*,*,#1872,.T.);
#1872 = EDGE_CURVE('',#1863,#1873,#1875,.T.);
#1873 = VERTEX_POINT('',#1874);
#1874 = CARTESIAN_POINT('',(-0.1,-5.38,0.2));
#1875 = LINE('',#1876,#1877);
#1876 = CARTESIAN_POINT('',(-0.1,-5.53,0.2));
#1877 = VECTOR('',#1878,1.);
#1878 = DIRECTION('',(1.110223024625E-16,1.,0.));
#1879 = ORIENTED_EDGE('',*,*,#1880,.F.);
#1880 = EDGE_CURVE('',#1881,#1873,#1883,.T.);
#1881 = VERTEX_POINT('',#1882);
#1882 = CARTESIAN_POINT('',(-0.1,-4.78,0.2));
#1883 = LINE('',#1884,#1885);
#1884 = CARTESIAN_POINT('',(-0.1,-3.81,0.2));
#1885 = VECTOR('',#1886,1.);
#1886 = DIRECTION('',(-1.110223024625E-16,-1.,0.));
#1887 = ORIENTED_EDGE('',*,*,#1888,.T.);
#1888 = EDGE_CURVE('',#1881,#1889,#1891,.T.);
#1889 = VERTEX_POINT('',#1890);
#1890 = CARTESIAN_POINT('',(-0.1,-4.63,0.2));
#1891 = LINE('',#1892,#1893);
#1892 = CARTESIAN_POINT('',(-0.1,-5.53,0.2));
#1893 = VECTOR('',#1894,1.);
#1894 = DIRECTION('',(1.110223024625E-16,1.,0.));
#1895 = ORIENTED_EDGE('',*,*,#1896,.T.);
#1896 = EDGE_CURVE('',#1889,#1897,#1899,.T.);
#1897 = VERTEX_POINT('',#1898);
#1898 = CARTESIAN_POINT('',(0.1,-4.63,0.2));
#1899 = LINE('',#1900,#1901);
#1900 = CARTESIAN_POINT('',(-0.1,-4.63,0.2));
#1901 = VECTOR('',#1902,1.);
#1902 = DIRECTION('',(1.,-1.110223024625E-16,0.));
#1903 = ORIENTED_EDGE('',*,*,#1904,.T.);
#1904 = EDGE_CURVE('',#1897,#1905,#1907,.T.);
#1905 = VERTEX_POINT('',#1906);
#1906 = CARTESIAN_POINT('',(0.1,-4.78,0.2));
#1907 = LINE('',#1908,#1909);
#1908 = CARTESIAN_POINT('',(0.1,-4.63,0.2));
#1909 = VECTOR('',#1910,1.);
#1910 = DIRECTION('',(-1.110223024625E-16,-1.,0.));
#1911 = ORIENTED_EDGE('',*,*,#1912,.T.);
#1912 = EDGE_CURVE('',#1905,#1913,#1915,.T.);
#1913 = VERTEX_POINT('',#1914);
#1914 = CARTESIAN_POINT('',(0.1,-5.38,0.2));
#1915 = LINE('',#1916,#1917);
#1916 = CARTESIAN_POINT('',(0.1,-3.81,0.2));
#1917 = VECTOR('',#1918,1.);
#1918 = DIRECTION('',(-1.110223024625E-16,-1.,0.));
#1919 = ORIENTED_EDGE('',*,*,#1920,.T.);
#1920 = EDGE_CURVE('',#1913,#1865,#1921,.T.);
#1921 = LINE('',#1922,#1923);
#1922 = CARTESIAN_POINT('',(0.1,-4.63,0.2));
#1923 = VECTOR('',#1924,1.);
#1924 = DIRECTION('',(-1.110223024625E-16,-1.,0.));
#1925 = FACE_BOUND('',#1926,.F.);
#1926 = EDGE_LOOP('',(#1927,#1937,#1945,#1953,#1961,#1969,#1977,#1985));
#1927 = ORIENTED_EDGE('',*,*,#1928,.F.);
#1928 = EDGE_CURVE('',#1929,#1931,#1933,.T.);
#1929 = VERTEX_POINT('',#1930);
#1930 = CARTESIAN_POINT('',(-0.1,-2.99,0.2));
#1931 = VERTEX_POINT('',#1932);
#1932 = CARTESIAN_POINT('',(0.1,-2.99,0.2));
#1933 = LINE('',#1934,#1935);
#1934 = CARTESIAN_POINT('',(-0.1,-2.99,0.2));
#1935 = VECTOR('',#1936,1.);
#1936 = DIRECTION('',(1.,-1.110223024625E-16,0.));
#1937 = ORIENTED_EDGE('',*,*,#1938,.T.);
#1938 = EDGE_CURVE('',#1929,#1939,#1941,.T.);
#1939 = VERTEX_POINT('',#1940);
#1940 = CARTESIAN_POINT('',(-0.1,-2.84,0.2));
#1941 = LINE('',#1942,#1943);
#1942 = CARTESIAN_POINT('',(-0.1,-2.99,0.2));
#1943 = VECTOR('',#1944,1.);
#1944 = DIRECTION('',(1.110223024625E-16,1.,0.));
#1945 = ORIENTED_EDGE('',*,*,#1946,.F.);
#1946 = EDGE_CURVE('',#1947,#1939,#1949,.T.);
#1947 = VERTEX_POINT('',#1948);
#1948 = CARTESIAN_POINT('',(-0.1,-2.24,0.2));
#1949 = LINE('',#1950,#1951);
#1950 = CARTESIAN_POINT('',(-0.1,-2.54,0.2));
#1951 = VECTOR('',#1952,1.);
#1952 = DIRECTION('',(-1.110223024625E-16,-1.,0.));
#1953 = ORIENTED_EDGE('',*,*,#1954,.T.);
#1954 = EDGE_CURVE('',#1947,#1955,#1957,.T.);
#1955 = VERTEX_POINT('',#1956);
#1956 = CARTESIAN_POINT('',(-0.1,-2.09,0.2));
#1957 = LINE('',#1958,#1959);
#1958 = CARTESIAN_POINT('',(-0.1,-2.99,0.2));
#1959 = VECTOR('',#1960,1.);
#1960 = DIRECTION('',(1.110223024625E-16,1.,0.));
#1961 = ORIENTED_EDGE('',*,*,#1962,.T.);
#1962 = EDGE_CURVE('',#1955,#1963,#1965,.T.);
#1963 = VERTEX_POINT('',#1964);
#1964 = CARTESIAN_POINT('',(0.1,-2.09,0.2));
#1965 = LINE('',#1966,#1967);
#1966 = CARTESIAN_POINT('',(-0.1,-2.09,0.2));
#1967 = VECTOR('',#1968,1.);
#1968 = DIRECTION('',(1.,-1.110223024625E-16,0.));
#1969 = ORIENTED_EDGE('',*,*,#1970,.T.);
#1970 = EDGE_CURVE('',#1963,#1971,#1973,.T.);
#1971 = VERTEX_POINT('',#1972);
#1972 = CARTESIAN_POINT('',(0.1,-2.24,0.2));
#1973 = LINE('',#1974,#1975);
#1974 = CARTESIAN_POINT('',(0.1,-2.09,0.2));
#1975 = VECTOR('',#1976,1.);
#1976 = DIRECTION('',(-1.110223024625E-16,-1.,0.));
#1977 = ORIENTED_EDGE('',*,*,#1978,.T.);
#1978 = EDGE_CURVE('',#1971,#1979,#1981,.T.);
#1979 = VERTEX_POINT('',#1980);
#1980 = CARTESIAN_POINT('',(0.1,-2.84,0.2));
#1981 = LINE('',#1982,#1983);
#1982 = CARTESIAN_POINT('',(0.1,-2.54,0.2));
#1983 = VECTOR('',#1984,1.);
#1984 = DIRECTION('',(-1.110223024625E-16,-1.,0.));
#1985 = ORIENTED_EDGE('',*,*,#1986,.T.);
#1986 = EDGE_CURVE('',#1979,#1931,#1987,.T.);
#1987 = LINE('',#1988,#1989);
#1988 = CARTESIAN_POINT('',(0.1,-2.09,0.2));
#1989 = VECTOR('',#1990,1.);
#1990 = DIRECTION('',(-1.110223024625E-16,-1.,0.));
#1991 = FACE_BOUND('',#1992,.F.);
#1992 = EDGE_LOOP('',(#1993,#2003,#2011,#2019,#2027,#2035,#2043,#2051));
#1993 = ORIENTED_EDGE('',*,*,#1994,.F.);
#1994 = EDGE_CURVE('',#1995,#1997,#1999,.T.);
#1995 = VERTEX_POINT('',#1996);
#1996 = CARTESIAN_POINT('',(-0.1,-0.45,0.2));
#1997 = VERTEX_POINT('',#1998);
#1998 = CARTESIAN_POINT('',(0.1,-0.45,0.2));
#1999 = LINE('',#2000,#2001);
#2000 = CARTESIAN_POINT('',(-0.1,-0.45,0.2));
#2001 = VECTOR('',#2002,1.);
#2002 = DIRECTION('',(1.,-1.110223024625E-16,0.));
#2003 = ORIENTED_EDGE('',*,*,#2004,.T.);
#2004 = EDGE_CURVE('',#1995,#2005,#2007,.T.);
#2005 = VERTEX_POINT('',#2006);
#2006 = CARTESIAN_POINT('',(-0.1,-0.3,0.2));
#2007 = LINE('',#2008,#2009);
#2008 = CARTESIAN_POINT('',(-0.1,-0.45,0.2));
#2009 = VECTOR('',#2010,1.);
#2010 = DIRECTION('',(1.110223024625E-16,1.,0.));
#2011 = ORIENTED_EDGE('',*,*,#2012,.F.);
#2012 = EDGE_CURVE('',#2013,#2005,#2015,.T.);
#2013 = VERTEX_POINT('',#2014);
#2014 = CARTESIAN_POINT('',(-0.1,0.3,0.2));
#2015 = LINE('',#2016,#2017);
#2016 = CARTESIAN_POINT('',(-0.1,-1.27,0.2));
#2017 = VECTOR('',#2018,1.);
#2018 = DIRECTION('',(-1.110223024625E-16,-1.,0.));
#2019 = ORIENTED_EDGE('',*,*,#2020,.T.);
#2020 = EDGE_CURVE('',#2013,#2021,#2023,.T.);
#2021 = VERTEX_POINT('',#2022);
#2022 = CARTESIAN_POINT('',(-0.1,0.45,0.2));
#2023 = LINE('',#2024,#2025);
#2024 = CARTESIAN_POINT('',(-0.1,-0.45,0.2));
#2025 = VECTOR('',#2026,1.);
#2026 = DIRECTION('',(1.110223024625E-16,1.,0.));
#2027 = ORIENTED_EDGE('',*,*,#2028,.T.);
#2028 = EDGE_CURVE('',#2021,#2029,#2031,.T.);
#2029 = VERTEX_POINT('',#2030);
#2030 = CARTESIAN_POINT('',(0.1,0.45,0.2));
#2031 = LINE('',#2032,#2033);
#2032 = CARTESIAN_POINT('',(-0.1,0.45,0.2));
#2033 = VECTOR('',#2034,1.);
#2034 = DIRECTION('',(1.,-1.110223024625E-16,0.));
#2035 = ORIENTED_EDGE('',*,*,#2036,.T.);
#2036 = EDGE_CURVE('',#2029,#2037,#2039,.T.);
#2037 = VERTEX_POINT('',#2038);
#2038 = CARTESIAN_POINT('',(0.1,0.3,0.2));
#2039 = LINE('',#2040,#2041);
#2040 = CARTESIAN_POINT('',(0.1,0.45,0.2));
#2041 = VECTOR('',#2042,1.);
#2042 = DIRECTION('',(-1.110223024625E-16,-1.,0.));
#2043 = ORIENTED_EDGE('',*,*,#2044,.T.);
#2044 = EDGE_CURVE('',#2037,#2045,#2047,.T.);
#2045 = VERTEX_POINT('',#2046);
#2046 = CARTESIAN_POINT('',(0.1,-0.3,0.2));
#2047 = LINE('',#2048,#2049);
#2048 = CARTESIAN_POINT('',(0.1,-1.27,0.2));
#2049 = VECTOR('',#2050,1.);
#2050 = DIRECTION('',(-1.110223024625E-16,-1.,0.));
#2051 = ORIENTED_EDGE('',*,*,#2052,.T.);
#2052 = EDGE_CURVE('',#2045,#1997,#2053,.T.);
#2053 = LINE('',#2054,#2055);
#2054 = CARTESIAN_POINT('',(0.1,0.45,0.2));
#2055 = VECTOR('',#2056,1.);
#2056 = DIRECTION('',(-1.110223024625E-16,-1.,0.));
#2057 = PLANE('',#2058);
#2058 = AXIS2_PLACEMENT_3D('',#2059,#2060,#2061);
#2059 = CARTESIAN_POINT('',(-2.542410726392E-16,-2.54,0.2));
#2060 = DIRECTION('',(0.,0.,1.));
#2061 = DIRECTION('',(1.110223024625E-16,1.,-0.));
#2062 = ADVANCED_FACE('',(#2063),#2069,.T.);
#2063 = FACE_BOUND('',#2064,.T.);
#2064 = EDGE_LOOP('',(#2065,#2066,#2067,#2068));
#2065 = ORIENTED_EDGE('',*,*,#1583,.T.);
#2066 = ORIENTED_EDGE('',*,*,#1851,.T.);
#2067 = ORIENTED_EDGE('',*,*,#1662,.F.);
#2068 = ORIENTED_EDGE('',*,*,#1679,.F.);
#2069 = PLANE('',#2070);
#2070 = AXIS2_PLACEMENT_3D('',#2071,#2072,#2073);
#2071 = CARTESIAN_POINT('',(0.846666666667,-6.35,0.));
#2072 = DIRECTION('',(-1.,1.110223024625E-16,0.));
#2073 = DIRECTION('',(1.110223024625E-16,1.,0.));
#2074 = ADVANCED_FACE('',(#2075),#2081,.F.);
#2075 = FACE_BOUND('',#2076,.F.);
#2076 = EDGE_LOOP('',(#2077,#2078,#2079,#2080));
#2077 = ORIENTED_EDGE('',*,*,#1630,.T.);
#2078 = ORIENTED_EDGE('',*,*,#1695,.T.);
#2079 = ORIENTED_EDGE('',*,*,#1560,.F.);
#2080 = ORIENTED_EDGE('',*,*,#1820,.F.);
#2081 = PLANE('',#2082);
#2082 = AXIS2_PLACEMENT_3D('',#2083,#2084,#2085);
#2083 = CARTESIAN_POINT('',(-1.27,1.27,0.));
#2084 = DIRECTION('',(1.,-1.110223024625E-16,0.));
#2085 = DIRECTION('',(-1.110223024625E-16,-1.,0.));
#2086 = ADVANCED_FACE('',(#2087),#2112,.T.);
#2087 = FACE_BOUND('',#2088,.T.);
#2088 = EDGE_LOOP('',(#2089,#2097,#2098,#2106));
#2089 = ORIENTED_EDGE('',*,*,#2090,.F.);
#2090 = EDGE_CURVE('',#1705,#2091,#2093,.T.);
#2091 = VERTEX_POINT('',#2092);
#2092 = CARTESIAN_POINT('',(0.3,-5.38,8.2));
#2093 = LINE('',#2094,#2095);
#2094 = CARTESIAN_POINT('',(0.3,-5.38,8.2));
#2095 = VECTOR('',#2096,1.);
#2096 = DIRECTION('',(-0.57735026919,0.57735026919,-0.57735026919));
#2097 = ORIENTED_EDGE('',*,*,#1704,.T.);
#2098 = ORIENTED_EDGE('',*,*,#2099,.T.);
#2099 = EDGE_CURVE('',#1707,#2100,#2102,.T.);
#2100 = VERTEX_POINT('',#2101);
#2101 = CARTESIAN_POINT('',(0.3,-4.78,8.2));
#2102 = LINE('',#2103,#2104);
#2103 = CARTESIAN_POINT('',(0.3,-4.78,8.2));
#2104 = VECTOR('',#2105,1.);
#2105 = DIRECTION('',(-0.57735026919,-0.57735026919,-0.57735026919));
#2106 = ORIENTED_EDGE('',*,*,#2107,.F.);
#2107 = EDGE_CURVE('',#2091,#2100,#2108,.T.);
#2108 = LINE('',#2109,#2110);
#2109 = CARTESIAN_POINT('',(0.3,-5.68,8.2));
#2110 = VECTOR('',#2111,1.);
#2111 = DIRECTION('',(1.110223024625E-16,1.,0.));
#2112 = PLANE('',#2113);
#2113 = AXIS2_PLACEMENT_3D('',#2114,#2115,#2116);
#2114 = CARTESIAN_POINT('',(0.45,-5.68,8.35));
#2115 = DIRECTION('',(-0.707106781187,7.850462293414E-17,0.707106781187)
  );
#2116 = DIRECTION('',(1.110223024625E-16,1.,2.680278185005E-29));
#2117 = ADVANCED_FACE('',(#2118),#2136,.T.);
#2118 = FACE_BOUND('',#2119,.T.);
#2119 = EDGE_LOOP('',(#2120,#2121,#2122,#2130));
#2120 = ORIENTED_EDGE('',*,*,#2099,.F.);
#2121 = ORIENTED_EDGE('',*,*,#1730,.T.);
#2122 = ORIENTED_EDGE('',*,*,#2123,.T.);
#2123 = EDGE_CURVE('',#1723,#2124,#2126,.T.);
#2124 = VERTEX_POINT('',#2125);
#2125 = CARTESIAN_POINT('',(-0.3,-4.78,8.2));
#2126 = LINE('',#2127,#2128);
#2127 = CARTESIAN_POINT('',(-0.3,-4.78,8.2));
#2128 = VECTOR('',#2129,1.);
#2129 = DIRECTION('',(0.57735026919,-0.57735026919,-0.57735026919));
#2130 = ORIENTED_EDGE('',*,*,#2131,.F.);
#2131 = EDGE_CURVE('',#2100,#2124,#2132,.T.);
#2132 = LINE('',#2133,#2134);
#2133 = CARTESIAN_POINT('',(0.6,-4.78,8.2));
#2134 = VECTOR('',#2135,1.);
#2135 = DIRECTION('',(-1.,1.110223024625E-16,0.));
#2136 = PLANE('',#2137);
#2137 = AXIS2_PLACEMENT_3D('',#2138,#2139,#2140);
#2138 = CARTESIAN_POINT('',(0.6,-4.63,8.35));
#2139 = DIRECTION('',(-8.197719098449E-17,-0.707106781187,0.707106781187
    ));
#2140 = DIRECTION('',(-1.,1.13477778879E-16,-2.455476416522E-18));
#2141 = ADVANCED_FACE('',(#2142),#2160,.T.);
#2142 = FACE_BOUND('',#2143,.T.);
#2143 = EDGE_LOOP('',(#2144,#2145,#2146,#2154));
#2144 = ORIENTED_EDGE('',*,*,#2123,.F.);
#2145 = ORIENTED_EDGE('',*,*,#1722,.T.);
#2146 = ORIENTED_EDGE('',*,*,#2147,.T.);
#2147 = EDGE_CURVE('',#1715,#2148,#2150,.T.);
#2148 = VERTEX_POINT('',#2149);
#2149 = CARTESIAN_POINT('',(-0.3,-5.38,8.2));
#2150 = LINE('',#2151,#2152);
#2151 = CARTESIAN_POINT('',(-0.3,-5.38,8.2));
#2152 = VECTOR('',#2153,1.);
#2153 = DIRECTION('',(0.57735026919,0.57735026919,-0.57735026919));
#2154 = ORIENTED_EDGE('',*,*,#2155,.F.);
#2155 = EDGE_CURVE('',#2124,#2148,#2156,.T.);
#2156 = LINE('',#2157,#2158);
#2157 = CARTESIAN_POINT('',(-0.3,-4.48,8.2));
#2158 = VECTOR('',#2159,1.);
#2159 = DIRECTION('',(-1.110223024625E-16,-1.,0.));
#2160 = PLANE('',#2161);
#2161 = AXIS2_PLACEMENT_3D('',#2162,#2163,#2164);
#2162 = CARTESIAN_POINT('',(-0.45,-4.48,8.35));
#2163 = DIRECTION('',(0.707106781187,-7.850462293414E-17,0.707106781187)
  );
#2164 = DIRECTION('',(-1.110223024625E-16,-1.,2.680278185005E-29));
#2165 = ADVANCED_FACE('',(#2166),#2177,.T.);
#2166 = FACE_BOUND('',#2167,.T.);
#2167 = EDGE_LOOP('',(#2168,#2169,#2170,#2171));
#2168 = ORIENTED_EDGE('',*,*,#2147,.F.);
#2169 = ORIENTED_EDGE('',*,*,#1714,.T.);
#2170 = ORIENTED_EDGE('',*,*,#2090,.T.);
#2171 = ORIENTED_EDGE('',*,*,#2172,.F.);
#2172 = EDGE_CURVE('',#2148,#2091,#2173,.T.);
#2173 = LINE('',#2174,#2175);
#2174 = CARTESIAN_POINT('',(-0.6,-5.38,8.2));
#2175 = VECTOR('',#2176,1.);
#2176 = DIRECTION('',(1.,-1.110223024625E-16,0.));
#2177 = PLANE('',#2178);
#2178 = AXIS2_PLACEMENT_3D('',#2179,#2180,#2181);
#2179 = CARTESIAN_POINT('',(-0.6,-5.53,8.35));
#2180 = DIRECTION('',(8.197719098449E-17,0.707106781187,0.707106781187)
  );
#2181 = DIRECTION('',(1.,-1.13477778879E-16,-2.455476416522E-18));
#2182 = ADVANCED_FACE('',(#2183),#2208,.T.);
#2183 = FACE_BOUND('',#2184,.T.);
#2184 = EDGE_LOOP('',(#2185,#2193,#2194,#2202));
#2185 = ORIENTED_EDGE('',*,*,#2186,.F.);
#2186 = EDGE_CURVE('',#1739,#2187,#2189,.T.);
#2187 = VERTEX_POINT('',#2188);
#2188 = CARTESIAN_POINT('',(0.3,-2.84,8.2));
#2189 = LINE('',#2190,#2191);
#2190 = CARTESIAN_POINT('',(0.3,-2.84,8.2));
#2191 = VECTOR('',#2192,1.);
#2192 = DIRECTION('',(-0.57735026919,0.57735026919,-0.57735026919));
#2193 = ORIENTED_EDGE('',*,*,#1738,.T.);
#2194 = ORIENTED_EDGE('',*,*,#2195,.T.);
#2195 = EDGE_CURVE('',#1741,#2196,#2198,.T.);
#2196 = VERTEX_POINT('',#2197);
#2197 = CARTESIAN_POINT('',(0.3,-2.24,8.2));
#2198 = LINE('',#2199,#2200);
#2199 = CARTESIAN_POINT('',(0.3,-2.24,8.2));
#2200 = VECTOR('',#2201,1.);
#2201 = DIRECTION('',(-0.57735026919,-0.57735026919,-0.57735026919));
#2202 = ORIENTED_EDGE('',*,*,#2203,.F.);
#2203 = EDGE_CURVE('',#2187,#2196,#2204,.T.);
#2204 = LINE('',#2205,#2206);
#2205 = CARTESIAN_POINT('',(0.3,-3.14,8.2));
#2206 = VECTOR('',#2207,1.);
#2207 = DIRECTION('',(1.110223024625E-16,1.,0.));
#2208 = PLANE('',#2209);
#2209 = AXIS2_PLACEMENT_3D('',#2210,#2211,#2212);
#2210 = CARTESIAN_POINT('',(0.45,-3.14,8.35));
#2211 = DIRECTION('',(-0.707106781187,7.850462293414E-17,0.707106781187)
  );
#2212 = DIRECTION('',(1.110223024625E-16,1.,2.680278185005E-29));
#2213 = ADVANCED_FACE('',(#2214),#2232,.T.);
#2214 = FACE_BOUND('',#2215,.T.);
#2215 = EDGE_LOOP('',(#2216,#2217,#2218,#2226));
#2216 = ORIENTED_EDGE('',*,*,#2195,.F.);
#2217 = ORIENTED_EDGE('',*,*,#1764,.T.);
#2218 = ORIENTED_EDGE('',*,*,#2219,.T.);
#2219 = EDGE_CURVE('',#1757,#2220,#2222,.T.);
#2220 = VERTEX_POINT('',#2221);
#2221 = CARTESIAN_POINT('',(-0.3,-2.24,8.2));
#2222 = LINE('',#2223,#2224);
#2223 = CARTESIAN_POINT('',(-0.3,-2.24,8.2));
#2224 = VECTOR('',#2225,1.);
#2225 = DIRECTION('',(0.57735026919,-0.57735026919,-0.57735026919));
#2226 = ORIENTED_EDGE('',*,*,#2227,.F.);
#2227 = EDGE_CURVE('',#2196,#2220,#2228,.T.);
#2228 = LINE('',#2229,#2230);
#2229 = CARTESIAN_POINT('',(0.6,-2.24,8.2));
#2230 = VECTOR('',#2231,1.);
#2231 = DIRECTION('',(-1.,1.110223024625E-16,0.));
#2232 = PLANE('',#2233);
#2233 = AXIS2_PLACEMENT_3D('',#2234,#2235,#2236);
#2234 = CARTESIAN_POINT('',(0.6,-2.09,8.35));
#2235 = DIRECTION('',(-8.197719098449E-17,-0.707106781187,0.707106781187
    ));
#2236 = DIRECTION('',(-1.,1.13477778879E-16,-2.455476416522E-18));
#2237 = ADVANCED_FACE('',(#2238),#2256,.T.);
#2238 = FACE_BOUND('',#2239,.T.);
#2239 = EDGE_LOOP('',(#2240,#2241,#2242,#2250));
#2240 = ORIENTED_EDGE('',*,*,#2219,.F.);
#2241 = ORIENTED_EDGE('',*,*,#1756,.T.);
#2242 = ORIENTED_EDGE('',*,*,#2243,.T.);
#2243 = EDGE_CURVE('',#1749,#2244,#2246,.T.);
#2244 = VERTEX_POINT('',#2245);
#2245 = CARTESIAN_POINT('',(-0.3,-2.84,8.2));
#2246 = LINE('',#2247,#2248);
#2247 = CARTESIAN_POINT('',(-0.3,-2.84,8.2));
#2248 = VECTOR('',#2249,1.);
#2249 = DIRECTION('',(0.57735026919,0.57735026919,-0.57735026919));
#2250 = ORIENTED_EDGE('',*,*,#2251,.F.);
#2251 = EDGE_CURVE('',#2220,#2244,#2252,.T.);
#2252 = LINE('',#2253,#2254);
#2253 = CARTESIAN_POINT('',(-0.3,-1.94,8.2));
#2254 = VECTOR('',#2255,1.);
#2255 = DIRECTION('',(-1.110223024625E-16,-1.,0.));
#2256 = PLANE('',#2257);
#2257 = AXIS2_PLACEMENT_3D('',#2258,#2259,#2260);
#2258 = CARTESIAN_POINT('',(-0.45,-1.94,8.35));
#2259 = DIRECTION('',(0.707106781187,-7.850462293414E-17,0.707106781187)
  );
#2260 = DIRECTION('',(-1.110223024625E-16,-1.,2.680278185005E-29));
#2261 = ADVANCED_FACE('',(#2262),#2273,.T.);
#2262 = FACE_BOUND('',#2263,.T.);
#2263 = EDGE_LOOP('',(#2264,#2265,#2266,#2267));
#2264 = ORIENTED_EDGE('',*,*,#2243,.F.);
#2265 = ORIENTED_EDGE('',*,*,#1748,.T.);
#2266 = ORIENTED_EDGE('',*,*,#2186,.T.);
#2267 = ORIENTED_EDGE('',*,*,#2268,.F.);
#2268 = EDGE_CURVE('',#2244,#2187,#2269,.T.);
#2269 = LINE('',#2270,#2271);
#2270 = CARTESIAN_POINT('',(-0.6,-2.84,8.2));
#2271 = VECTOR('',#2272,1.);
#2272 = DIRECTION('',(1.,-1.110223024625E-16,0.));
#2273 = PLANE('',#2274);
#2274 = AXIS2_PLACEMENT_3D('',#2275,#2276,#2277);
#2275 = CARTESIAN_POINT('',(-0.6,-2.99,8.35));
#2276 = DIRECTION('',(8.197719098449E-17,0.707106781187,0.707106781187)
  );
#2277 = DIRECTION('',(1.,-1.13477778879E-16,-2.455476416522E-18));
#2278 = ADVANCED_FACE('',(#2279),#2304,.T.);
#2279 = FACE_BOUND('',#2280,.T.);
#2280 = EDGE_LOOP('',(#2281,#2289,#2290,#2298));
#2281 = ORIENTED_EDGE('',*,*,#2282,.F.);
#2282 = EDGE_CURVE('',#1773,#2283,#2285,.T.);
#2283 = VERTEX_POINT('',#2284);
#2284 = CARTESIAN_POINT('',(0.3,-0.3,8.2));
#2285 = LINE('',#2286,#2287);
#2286 = CARTESIAN_POINT('',(0.3,-0.3,8.2));
#2287 = VECTOR('',#2288,1.);
#2288 = DIRECTION('',(-0.57735026919,0.57735026919,-0.57735026919));
#2289 = ORIENTED_EDGE('',*,*,#1772,.T.);
#2290 = ORIENTED_EDGE('',*,*,#2291,.T.);
#2291 = EDGE_CURVE('',#1775,#2292,#2294,.T.);
#2292 = VERTEX_POINT('',#2293);
#2293 = CARTESIAN_POINT('',(0.3,0.3,8.2));
#2294 = LINE('',#2295,#2296);
#2295 = CARTESIAN_POINT('',(0.3,0.3,8.2));
#2296 = VECTOR('',#2297,1.);
#2297 = DIRECTION('',(-0.57735026919,-0.57735026919,-0.57735026919));
#2298 = ORIENTED_EDGE('',*,*,#2299,.F.);
#2299 = EDGE_CURVE('',#2283,#2292,#2300,.T.);
#2300 = LINE('',#2301,#2302);
#2301 = CARTESIAN_POINT('',(0.3,-0.6,8.2));
#2302 = VECTOR('',#2303,1.);
#2303 = DIRECTION('',(1.110223024625E-16,1.,0.));
#2304 = PLANE('',#2305);
#2305 = AXIS2_PLACEMENT_3D('',#2306,#2307,#2308);
#2306 = CARTESIAN_POINT('',(0.45,-0.6,8.35));
#2307 = DIRECTION('',(-0.707106781187,7.850462293414E-17,0.707106781187)
  );
#2308 = DIRECTION('',(1.110223024625E-16,1.,2.680278185005E-29));
#2309 = ADVANCED_FACE('',(#2310),#2328,.T.);
#2310 = FACE_BOUND('',#2311,.T.);
#2311 = EDGE_LOOP('',(#2312,#2313,#2314,#2322));
#2312 = ORIENTED_EDGE('',*,*,#2291,.F.);
#2313 = ORIENTED_EDGE('',*,*,#1798,.T.);
#2314 = ORIENTED_EDGE('',*,*,#2315,.T.);
#2315 = EDGE_CURVE('',#1791,#2316,#2318,.T.);
#2316 = VERTEX_POINT('',#2317);
#2317 = CARTESIAN_POINT('',(-0.3,0.3,8.2));
#2318 = LINE('',#2319,#2320);
#2319 = CARTESIAN_POINT('',(-0.3,0.3,8.2));
#2320 = VECTOR('',#2321,1.);
#2321 = DIRECTION('',(0.57735026919,-0.57735026919,-0.57735026919));
#2322 = ORIENTED_EDGE('',*,*,#2323,.F.);
#2323 = EDGE_CURVE('',#2292,#2316,#2324,.T.);
#2324 = LINE('',#2325,#2326);
#2325 = CARTESIAN_POINT('',(0.6,0.3,8.2));
#2326 = VECTOR('',#2327,1.);
#2327 = DIRECTION('',(-1.,1.110223024625E-16,0.));
#2328 = PLANE('',#2329);
#2329 = AXIS2_PLACEMENT_3D('',#2330,#2331,#2332);
#2330 = CARTESIAN_POINT('',(0.6,0.45,8.35));
#2331 = DIRECTION('',(-8.197719098449E-17,-0.707106781187,0.707106781187
    ));
#2332 = DIRECTION('',(-1.,1.13477778879E-16,-2.455476416522E-18));
#2333 = ADVANCED_FACE('',(#2334),#2352,.T.);
#2334 = FACE_BOUND('',#2335,.T.);
#2335 = EDGE_LOOP('',(#2336,#2337,#2338,#2346));
#2336 = ORIENTED_EDGE('',*,*,#2315,.F.);
#2337 = ORIENTED_EDGE('',*,*,#1790,.T.);
#2338 = ORIENTED_EDGE('',*,*,#2339,.T.);
#2339 = EDGE_CURVE('',#1783,#2340,#2342,.T.);
#2340 = VERTEX_POINT('',#2341);
#2341 = CARTESIAN_POINT('',(-0.3,-0.3,8.2));
#2342 = LINE('',#2343,#2344);
#2343 = CARTESIAN_POINT('',(-0.3,-0.3,8.2));
#2344 = VECTOR('',#2345,1.);
#2345 = DIRECTION('',(0.57735026919,0.57735026919,-0.57735026919));
#2346 = ORIENTED_EDGE('',*,*,#2347,.F.);
#2347 = EDGE_CURVE('',#2316,#2340,#2348,.T.);
#2348 = LINE('',#2349,#2350);
#2349 = CARTESIAN_POINT('',(-0.3,0.6,8.2));
#2350 = VECTOR('',#2351,1.);
#2351 = DIRECTION('',(-1.110223024625E-16,-1.,0.));
#2352 = PLANE('',#2353);
#2353 = AXIS2_PLACEMENT_3D('',#2354,#2355,#2356);
#2354 = CARTESIAN_POINT('',(-0.45,0.6,8.35));
#2355 = DIRECTION('',(0.707106781187,-7.850462293414E-17,0.707106781187)
  );
#2356 = DIRECTION('',(-1.110223024625E-16,-1.,2.680278185005E-29));
#2357 = ADVANCED_FACE('',(#2358),#2369,.T.);
#2358 = FACE_BOUND('',#2359,.T.);
#2359 = EDGE_LOOP('',(#2360,#2361,#2362,#2363));
#2360 = ORIENTED_EDGE('',*,*,#2339,.F.);
#2361 = ORIENTED_EDGE('',*,*,#1782,.T.);
#2362 = ORIENTED_EDGE('',*,*,#2282,.T.);
#2363 = ORIENTED_EDGE('',*,*,#2364,.F.);
#2364 = EDGE_CURVE('',#2340,#2283,#2365,.T.);
#2365 = LINE('',#2366,#2367);
#2366 = CARTESIAN_POINT('',(-0.6,-0.3,8.2));
#2367 = VECTOR('',#2368,1.);
#2368 = DIRECTION('',(1.,-1.110223024625E-16,0.));
#2369 = PLANE('',#2370);
#2370 = AXIS2_PLACEMENT_3D('',#2371,#2372,#2373);
#2371 = CARTESIAN_POINT('',(-0.6,-0.45,8.35));
#2372 = DIRECTION('',(8.197719098449E-17,0.707106781187,0.707106781187)
  );
#2373 = DIRECTION('',(1.,-1.13477778879E-16,-2.455476416522E-18));
#2374 = ADVANCED_FACE('',(#2375),#2386,.T.);
#2375 = FACE_BOUND('',#2376,.T.);
#2376 = EDGE_LOOP('',(#2377,#2378,#2379,#2385));
#2377 = ORIENTED_EDGE('',*,*,#1862,.F.);
#2378 = ORIENTED_EDGE('',*,*,#1872,.T.);
#2379 = ORIENTED_EDGE('',*,*,#2380,.T.);
#2380 = EDGE_CURVE('',#1873,#1913,#2381,.T.);
#2381 = LINE('',#2382,#2383);
#2382 = CARTESIAN_POINT('',(-0.1,-5.38,0.2));
#2383 = VECTOR('',#2384,1.);
#2384 = DIRECTION('',(1.,-1.110223024625E-16,0.));
#2385 = ORIENTED_EDGE('',*,*,#1920,.T.);
#2386 = PLANE('',#2387);
#2387 = AXIS2_PLACEMENT_3D('',#2388,#2389,#2390);
#2388 = CARTESIAN_POINT('',(-0.1,-5.38,0.2));
#2389 = DIRECTION('',(0.,-0.,-1.));
#2390 = DIRECTION('',(-1.110223024625E-16,-1.,0.));
#2391 = ADVANCED_FACE('',(#2392),#2433,.F.);
#2392 = FACE_BOUND('',#2393,.F.);
#2393 = EDGE_LOOP('',(#2394,#2402,#2403,#2411,#2419,#2427));
#2394 = ORIENTED_EDGE('',*,*,#2395,.T.);
#2395 = EDGE_CURVE('',#2396,#1913,#2398,.T.);
#2396 = VERTEX_POINT('',#2397);
#2397 = CARTESIAN_POINT('',(0.1,-5.38,-2.5));
#2398 = LINE('',#2399,#2400);
#2399 = CARTESIAN_POINT('',(0.1,-5.38,-2.5));
#2400 = VECTOR('',#2401,1.);
#2401 = DIRECTION('',(0.,0.,1.));
#2402 = ORIENTED_EDGE('',*,*,#1912,.F.);
#2403 = ORIENTED_EDGE('',*,*,#2404,.T.);
#2404 = EDGE_CURVE('',#1905,#2405,#2407,.T.);
#2405 = VERTEX_POINT('',#2406);
#2406 = CARTESIAN_POINT('',(0.1,-4.78,-2.5));
#2407 = LINE('',#2408,#2409);
#2408 = CARTESIAN_POINT('',(0.1,-4.78,0.2));
#2409 = VECTOR('',#2410,1.);
#2410 = DIRECTION('',(0.,0.,-1.));
#2411 = ORIENTED_EDGE('',*,*,#2412,.T.);
#2412 = EDGE_CURVE('',#2405,#2413,#2415,.T.);
#2413 = VERTEX_POINT('',#2414);
#2414 = CARTESIAN_POINT('',(0.1,-4.93,-3.1));
#2415 = LINE('',#2416,#2417);
#2416 = CARTESIAN_POINT('',(0.1,-4.78,-2.5));
#2417 = VECTOR('',#2418,1.);
#2418 = DIRECTION('',(-2.692686352073E-17,-0.242535625036,
    -0.970142500145));
#2419 = ORIENTED_EDGE('',*,*,#2420,.T.);
#2420 = EDGE_CURVE('',#2413,#2421,#2423,.T.);
#2421 = VERTEX_POINT('',#2422);
#2422 = CARTESIAN_POINT('',(0.1,-5.23,-3.1));
#2423 = LINE('',#2424,#2425);
#2424 = CARTESIAN_POINT('',(0.1,-4.93,-3.1));
#2425 = VECTOR('',#2426,1.);
#2426 = DIRECTION('',(-1.110223024625E-16,-1.,0.));
#2427 = ORIENTED_EDGE('',*,*,#2428,.T.);
#2428 = EDGE_CURVE('',#2421,#2396,#2429,.T.);
#2429 = LINE('',#2430,#2431);
#2430 = CARTESIAN_POINT('',(0.1,-5.23,-3.1));
#2431 = VECTOR('',#2432,1.);
#2432 = DIRECTION('',(-2.692686352073E-17,-0.242535625036,0.970142500145
    ));
#2433 = PLANE('',#2434);
#2434 = AXIS2_PLACEMENT_3D('',#2435,#2436,#2437);
#2435 = CARTESIAN_POINT('',(0.1,-5.08,3.911477598424));
#2436 = DIRECTION('',(-1.,1.110223024625E-16,0.));
#2437 = DIRECTION('',(0.,0.,1.));
#2438 = ADVANCED_FACE('',(#2439),#2450,.T.);
#2439 = FACE_BOUND('',#2440,.T.);
#2440 = EDGE_LOOP('',(#2441,#2447,#2448,#2449));
#2441 = ORIENTED_EDGE('',*,*,#2442,.F.);
#2442 = EDGE_CURVE('',#1881,#1905,#2443,.T.);
#2443 = LINE('',#2444,#2445);
#2444 = CARTESIAN_POINT('',(-0.1,-4.78,0.2));
#2445 = VECTOR('',#2446,1.);
#2446 = DIRECTION('',(1.,-1.110223024625E-16,0.));
#2447 = ORIENTED_EDGE('',*,*,#1888,.T.);
#2448 = ORIENTED_EDGE('',*,*,#1896,.T.);
#2449 = ORIENTED_EDGE('',*,*,#1904,.T.);
#2450 = PLANE('',#2451);
#2451 = AXIS2_PLACEMENT_3D('',#2452,#2453,#2454);
#2452 = CARTESIAN_POINT('',(-0.1,-5.38,0.2));
#2453 = DIRECTION('',(0.,-0.,-1.));
#2454 = DIRECTION('',(-1.110223024625E-16,-1.,0.));
#2455 = ADVANCED_FACE('',(#2456),#2497,.T.);
#2456 = FACE_BOUND('',#2457,.T.);
#2457 = EDGE_LOOP('',(#2458,#2466,#2467,#2475,#2483,#2491));
#2458 = ORIENTED_EDGE('',*,*,#2459,.T.);
#2459 = EDGE_CURVE('',#2460,#1873,#2462,.T.);
#2460 = VERTEX_POINT('',#2461);
#2461 = CARTESIAN_POINT('',(-0.1,-5.38,-2.5));
#2462 = LINE('',#2463,#2464);
#2463 = CARTESIAN_POINT('',(-0.1,-5.38,-2.5));
#2464 = VECTOR('',#2465,1.);
#2465 = DIRECTION('',(0.,0.,1.));
#2466 = ORIENTED_EDGE('',*,*,#1880,.F.);
#2467 = ORIENTED_EDGE('',*,*,#2468,.T.);
#2468 = EDGE_CURVE('',#1881,#2469,#2471,.T.);
#2469 = VERTEX_POINT('',#2470);
#2470 = CARTESIAN_POINT('',(-0.1,-4.78,-2.5));
#2471 = LINE('',#2472,#2473);
#2472 = CARTESIAN_POINT('',(-0.1,-4.78,0.2));
#2473 = VECTOR('',#2474,1.);
#2474 = DIRECTION('',(0.,0.,-1.));
#2475 = ORIENTED_EDGE('',*,*,#2476,.T.);
#2476 = EDGE_CURVE('',#2469,#2477,#2479,.T.);
#2477 = VERTEX_POINT('',#2478);
#2478 = CARTESIAN_POINT('',(-0.1,-4.93,-3.1));
#2479 = LINE('',#2480,#2481);
#2480 = CARTESIAN_POINT('',(-0.1,-4.78,-2.5));
#2481 = VECTOR('',#2482,1.);
#2482 = DIRECTION('',(-2.692686352073E-17,-0.242535625036,
    -0.970142500145));
#2483 = ORIENTED_EDGE('',*,*,#2484,.F.);
#2484 = EDGE_CURVE('',#2485,#2477,#2487,.T.);
#2485 = VERTEX_POINT('',#2486);
#2486 = CARTESIAN_POINT('',(-0.1,-5.23,-3.1));
#2487 = LINE('',#2488,#2489);
#2488 = CARTESIAN_POINT('',(-0.1,-5.23,-3.1));
#2489 = VECTOR('',#2490,1.);
#2490 = DIRECTION('',(1.110223024625E-16,1.,0.));
#2491 = ORIENTED_EDGE('',*,*,#2492,.T.);
#2492 = EDGE_CURVE('',#2485,#2460,#2493,.T.);
#2493 = LINE('',#2494,#2495);
#2494 = CARTESIAN_POINT('',(-0.1,-5.23,-3.1));
#2495 = VECTOR('',#2496,1.);
#2496 = DIRECTION('',(-2.692686352073E-17,-0.242535625036,0.970142500145
    ));
#2497 = PLANE('',#2498);
#2498 = AXIS2_PLACEMENT_3D('',#2499,#2500,#2501);
#2499 = CARTESIAN_POINT('',(-0.1,-5.08,3.911477598424));
#2500 = DIRECTION('',(-1.,1.110223024625E-16,0.));
#2501 = DIRECTION('',(0.,0.,1.));
#2502 = ADVANCED_FACE('',(#2503),#2514,.T.);
#2503 = FACE_BOUND('',#2504,.T.);
#2504 = EDGE_LOOP('',(#2505,#2506,#2507,#2513));
#2505 = ORIENTED_EDGE('',*,*,#1928,.F.);
#2506 = ORIENTED_EDGE('',*,*,#1938,.T.);
#2507 = ORIENTED_EDGE('',*,*,#2508,.T.);
#2508 = EDGE_CURVE('',#1939,#1979,#2509,.T.);
#2509 = LINE('',#2510,#2511);
#2510 = CARTESIAN_POINT('',(-0.1,-2.84,0.2));
#2511 = VECTOR('',#2512,1.);
#2512 = DIRECTION('',(1.,-1.110223024625E-16,0.));
#2513 = ORIENTED_EDGE('',*,*,#1986,.T.);
#2514 = PLANE('',#2515);
#2515 = AXIS2_PLACEMENT_3D('',#2516,#2517,#2518);
#2516 = CARTESIAN_POINT('',(-0.1,-2.84,0.2));
#2517 = DIRECTION('',(0.,-0.,-1.));
#2518 = DIRECTION('',(-1.110223024625E-16,-1.,0.));
#2519 = ADVANCED_FACE('',(#2520),#2561,.F.);
#2520 = FACE_BOUND('',#2521,.F.);
#2521 = EDGE_LOOP('',(#2522,#2530,#2531,#2539,#2547,#2555));
#2522 = ORIENTED_EDGE('',*,*,#2523,.T.);
#2523 = EDGE_CURVE('',#2524,#1979,#2526,.T.);
#2524 = VERTEX_POINT('',#2525);
#2525 = CARTESIAN_POINT('',(0.1,-2.84,-2.5));
#2526 = LINE('',#2527,#2528);
#2527 = CARTESIAN_POINT('',(0.1,-2.84,-2.5));
#2528 = VECTOR('',#2529,1.);
#2529 = DIRECTION('',(0.,0.,1.));
#2530 = ORIENTED_EDGE('',*,*,#1978,.F.);
#2531 = ORIENTED_EDGE('',*,*,#2532,.T.);
#2532 = EDGE_CURVE('',#1971,#2533,#2535,.T.);
#2533 = VERTEX_POINT('',#2534);
#2534 = CARTESIAN_POINT('',(0.1,-2.24,-2.5));
#2535 = LINE('',#2536,#2537);
#2536 = CARTESIAN_POINT('',(0.1,-2.24,0.2));
#2537 = VECTOR('',#2538,1.);
#2538 = DIRECTION('',(0.,0.,-1.));
#2539 = ORIENTED_EDGE('',*,*,#2540,.T.);
#2540 = EDGE_CURVE('',#2533,#2541,#2543,.T.);
#2541 = VERTEX_POINT('',#2542);
#2542 = CARTESIAN_POINT('',(0.1,-2.39,-3.1));
#2543 = LINE('',#2544,#2545);
#2544 = CARTESIAN_POINT('',(0.1,-2.24,-2.5));
#2545 = VECTOR('',#2546,1.);
#2546 = DIRECTION('',(-2.692686352073E-17,-0.242535625036,
    -0.970142500145));
#2547 = ORIENTED_EDGE('',*,*,#2548,.T.);
#2548 = EDGE_CURVE('',#2541,#2549,#2551,.T.);
#2549 = VERTEX_POINT('',#2550);
#2550 = CARTESIAN_POINT('',(0.1,-2.69,-3.1));
#2551 = LINE('',#2552,#2553);
#2552 = CARTESIAN_POINT('',(0.1,-2.39,-3.1));
#2553 = VECTOR('',#2554,1.);
#2554 = DIRECTION('',(-1.110223024625E-16,-1.,0.));
#2555 = ORIENTED_EDGE('',*,*,#2556,.T.);
#2556 = EDGE_CURVE('',#2549,#2524,#2557,.T.);
#2557 = LINE('',#2558,#2559);
#2558 = CARTESIAN_POINT('',(0.1,-2.69,-3.1));
#2559 = VECTOR('',#2560,1.);
#2560 = DIRECTION('',(-2.692686352073E-17,-0.242535625036,0.970142500145
    ));
#2561 = PLANE('',#2562);
#2562 = AXIS2_PLACEMENT_3D('',#2563,#2564,#2565);
#2563 = CARTESIAN_POINT('',(0.1,-2.54,3.911477598424));
#2564 = DIRECTION('',(-1.,1.110223024625E-16,0.));
#2565 = DIRECTION('',(0.,0.,1.));
#2566 = ADVANCED_FACE('',(#2567),#2578,.T.);
#2567 = FACE_BOUND('',#2568,.T.);
#2568 = EDGE_LOOP('',(#2569,#2575,#2576,#2577));
#2569 = ORIENTED_EDGE('',*,*,#2570,.F.);
#2570 = EDGE_CURVE('',#1947,#1971,#2571,.T.);
#2571 = LINE('',#2572,#2573);
#2572 = CARTESIAN_POINT('',(-0.1,-2.24,0.2));
#2573 = VECTOR('',#2574,1.);
#2574 = DIRECTION('',(1.,-1.110223024625E-16,0.));
#2575 = ORIENTED_EDGE('',*,*,#1954,.T.);
#2576 = ORIENTED_EDGE('',*,*,#1962,.T.);
#2577 = ORIENTED_EDGE('',*,*,#1970,.T.);
#2578 = PLANE('',#2579);
#2579 = AXIS2_PLACEMENT_3D('',#2580,#2581,#2582);
#2580 = CARTESIAN_POINT('',(-0.1,-2.84,0.2));
#2581 = DIRECTION('',(0.,-0.,-1.));
#2582 = DIRECTION('',(-1.110223024625E-16,-1.,0.));
#2583 = ADVANCED_FACE('',(#2584),#2625,.T.);
#2584 = FACE_BOUND('',#2585,.T.);
#2585 = EDGE_LOOP('',(#2586,#2594,#2595,#2603,#2611,#2619));
#2586 = ORIENTED_EDGE('',*,*,#2587,.T.);
#2587 = EDGE_CURVE('',#2588,#1939,#2590,.T.);
#2588 = VERTEX_POINT('',#2589);
#2589 = CARTESIAN_POINT('',(-0.1,-2.84,-2.5));
#2590 = LINE('',#2591,#2592);
#2591 = CARTESIAN_POINT('',(-0.1,-2.84,-2.5));
#2592 = VECTOR('',#2593,1.);
#2593 = DIRECTION('',(0.,0.,1.));
#2594 = ORIENTED_EDGE('',*,*,#1946,.F.);
#2595 = ORIENTED_EDGE('',*,*,#2596,.T.);
#2596 = EDGE_CURVE('',#1947,#2597,#2599,.T.);
#2597 = VERTEX_POINT('',#2598);
#2598 = CARTESIAN_POINT('',(-0.1,-2.24,-2.5));
#2599 = LINE('',#2600,#2601);
#2600 = CARTESIAN_POINT('',(-0.1,-2.24,0.2));
#2601 = VECTOR('',#2602,1.);
#2602 = DIRECTION('',(0.,0.,-1.));
#2603 = ORIENTED_EDGE('',*,*,#2604,.T.);
#2604 = EDGE_CURVE('',#2597,#2605,#2607,.T.);
#2605 = VERTEX_POINT('',#2606);
#2606 = CARTESIAN_POINT('',(-0.1,-2.39,-3.1));
#2607 = LINE('',#2608,#2609);
#2608 = CARTESIAN_POINT('',(-0.1,-2.24,-2.5));
#2609 = VECTOR('',#2610,1.);
#2610 = DIRECTION('',(-2.692686352073E-17,-0.242535625036,
    -0.970142500145));
#2611 = ORIENTED_EDGE('',*,*,#2612,.F.);
#2612 = EDGE_CURVE('',#2613,#2605,#2615,.T.);
#2613 = VERTEX_POINT('',#2614);
#2614 = CARTESIAN_POINT('',(-0.1,-2.69,-3.1));
#2615 = LINE('',#2616,#2617);
#2616 = CARTESIAN_POINT('',(-0.1,-2.69,-3.1));
#2617 = VECTOR('',#2618,1.);
#2618 = DIRECTION('',(1.110223024625E-16,1.,0.));
#2619 = ORIENTED_EDGE('',*,*,#2620,.T.);
#2620 = EDGE_CURVE('',#2613,#2588,#2621,.T.);
#2621 = LINE('',#2622,#2623);
#2622 = CARTESIAN_POINT('',(-0.1,-2.69,-3.1));
#2623 = VECTOR('',#2624,1.);
#2624 = DIRECTION('',(-2.692686352073E-17,-0.242535625036,0.970142500145
    ));
#2625 = PLANE('',#2626);
#2626 = AXIS2_PLACEMENT_3D('',#2627,#2628,#2629);
#2627 = CARTESIAN_POINT('',(-0.1,-2.54,3.911477598424));
#2628 = DIRECTION('',(-1.,1.110223024625E-16,0.));
#2629 = DIRECTION('',(0.,0.,1.));
#2630 = ADVANCED_FACE('',(#2631),#2642,.T.);
#2631 = FACE_BOUND('',#2632,.T.);
#2632 = EDGE_LOOP('',(#2633,#2634,#2635,#2641));
#2633 = ORIENTED_EDGE('',*,*,#1994,.F.);
#2634 = ORIENTED_EDGE('',*,*,#2004,.T.);
#2635 = ORIENTED_EDGE('',*,*,#2636,.T.);
#2636 = EDGE_CURVE('',#2005,#2045,#2637,.T.);
#2637 = LINE('',#2638,#2639);
#2638 = CARTESIAN_POINT('',(-0.1,-0.3,0.2));
#2639 = VECTOR('',#2640,1.);
#2640 = DIRECTION('',(1.,-1.110223024625E-16,0.));
#2641 = ORIENTED_EDGE('',*,*,#2052,.T.);
#2642 = PLANE('',#2643);
#2643 = AXIS2_PLACEMENT_3D('',#2644,#2645,#2646);
#2644 = CARTESIAN_POINT('',(-0.1,-0.3,0.2));
#2645 = DIRECTION('',(0.,-0.,-1.));
#2646 = DIRECTION('',(-1.110223024625E-16,-1.,0.));
#2647 = ADVANCED_FACE('',(#2648),#2689,.F.);
#2648 = FACE_BOUND('',#2649,.F.);
#2649 = EDGE_LOOP('',(#2650,#2658,#2659,#2667,#2675,#2683));
#2650 = ORIENTED_EDGE('',*,*,#2651,.T.);
#2651 = EDGE_CURVE('',#2652,#2045,#2654,.T.);
#2652 = VERTEX_POINT('',#2653);
#2653 = CARTESIAN_POINT('',(0.1,-0.3,-2.5));
#2654 = LINE('',#2655,#2656);
#2655 = CARTESIAN_POINT('',(0.1,-0.3,-2.5));
#2656 = VECTOR('',#2657,1.);
#2657 = DIRECTION('',(0.,0.,1.));
#2658 = ORIENTED_EDGE('',*,*,#2044,.F.);
#2659 = ORIENTED_EDGE('',*,*,#2660,.T.);
#2660 = EDGE_CURVE('',#2037,#2661,#2663,.T.);
#2661 = VERTEX_POINT('',#2662);
#2662 = CARTESIAN_POINT('',(0.1,0.3,-2.5));
#2663 = LINE('',#2664,#2665);
#2664 = CARTESIAN_POINT('',(0.1,0.3,0.2));
#2665 = VECTOR('',#2666,1.);
#2666 = DIRECTION('',(0.,0.,-1.));
#2667 = ORIENTED_EDGE('',*,*,#2668,.T.);
#2668 = EDGE_CURVE('',#2661,#2669,#2671,.T.);
#2669 = VERTEX_POINT('',#2670);
#2670 = CARTESIAN_POINT('',(0.1,0.15,-3.1));
#2671 = LINE('',#2672,#2673);
#2672 = CARTESIAN_POINT('',(0.1,0.3,-2.5));
#2673 = VECTOR('',#2674,1.);
#2674 = DIRECTION('',(-2.692686352073E-17,-0.242535625036,
    -0.970142500145));
#2675 = ORIENTED_EDGE('',*,*,#2676,.T.);
#2676 = EDGE_CURVE('',#2669,#2677,#2679,.T.);
#2677 = VERTEX_POINT('',#2678);
#2678 = CARTESIAN_POINT('',(0.1,-0.15,-3.1));
#2679 = LINE('',#2680,#2681);
#2680 = CARTESIAN_POINT('',(0.1,0.15,-3.1));
#2681 = VECTOR('',#2682,1.);
#2682 = DIRECTION('',(-1.110223024625E-16,-1.,0.));
#2683 = ORIENTED_EDGE('',*,*,#2684,.T.);
#2684 = EDGE_CURVE('',#2677,#2652,#2685,.T.);
#2685 = LINE('',#2686,#2687);
#2686 = CARTESIAN_POINT('',(0.1,-0.15,-3.1));
#2687 = VECTOR('',#2688,1.);
#2688 = DIRECTION('',(-2.692686352073E-17,-0.242535625036,0.970142500145
    ));
#2689 = PLANE('',#2690);
#2690 = AXIS2_PLACEMENT_3D('',#2691,#2692,#2693);
#2691 = CARTESIAN_POINT('',(0.1,-1.110223024625E-17,3.911477598424));
#2692 = DIRECTION('',(-1.,1.110223024625E-16,0.));
#2693 = DIRECTION('',(0.,0.,1.));
#2694 = ADVANCED_FACE('',(#2695),#2706,.T.);
#2695 = FACE_BOUND('',#2696,.T.);
#2696 = EDGE_LOOP('',(#2697,#2703,#2704,#2705));
#2697 = ORIENTED_EDGE('',*,*,#2698,.F.);
#2698 = EDGE_CURVE('',#2013,#2037,#2699,.T.);
#2699 = LINE('',#2700,#2701);
#2700 = CARTESIAN_POINT('',(-0.1,0.3,0.2));
#2701 = VECTOR('',#2702,1.);
#2702 = DIRECTION('',(1.,-1.110223024625E-16,0.));
#2703 = ORIENTED_EDGE('',*,*,#2020,.T.);
#2704 = ORIENTED_EDGE('',*,*,#2028,.T.);
#2705 = ORIENTED_EDGE('',*,*,#2036,.T.);
#2706 = PLANE('',#2707);
#2707 = AXIS2_PLACEMENT_3D('',#2708,#2709,#2710);
#2708 = CARTESIAN_POINT('',(-0.1,-0.3,0.2));
#2709 = DIRECTION('',(0.,-0.,-1.));
#2710 = DIRECTION('',(-1.110223024625E-16,-1.,0.));
#2711 = ADVANCED_FACE('',(#2712),#2753,.T.);
#2712 = FACE_BOUND('',#2713,.T.);
#2713 = EDGE_LOOP('',(#2714,#2722,#2723,#2731,#2739,#2747));
#2714 = ORIENTED_EDGE('',*,*,#2715,.T.);
#2715 = EDGE_CURVE('',#2716,#2005,#2718,.T.);
#2716 = VERTEX_POINT('',#2717);
#2717 = CARTESIAN_POINT('',(-0.1,-0.3,-2.5));
#2718 = LINE('',#2719,#2720);
#2719 = CARTESIAN_POINT('',(-0.1,-0.3,-2.5));
#2720 = VECTOR('',#2721,1.);
#2721 = DIRECTION('',(0.,0.,1.));
#2722 = ORIENTED_EDGE('',*,*,#2012,.F.);
#2723 = ORIENTED_EDGE('',*,*,#2724,.T.);
#2724 = EDGE_CURVE('',#2013,#2725,#2727,.T.);
#2725 = VERTEX_POINT('',#2726);
#2726 = CARTESIAN_POINT('',(-0.1,0.3,-2.5));
#2727 = LINE('',#2728,#2729);
#2728 = CARTESIAN_POINT('',(-0.1,0.3,0.2));
#2729 = VECTOR('',#2730,1.);
#2730 = DIRECTION('',(0.,0.,-1.));
#2731 = ORIENTED_EDGE('',*,*,#2732,.T.);
#2732 = EDGE_CURVE('',#2725,#2733,#2735,.T.);
#2733 = VERTEX_POINT('',#2734);
#2734 = CARTESIAN_POINT('',(-0.1,0.15,-3.1));
#2735 = LINE('',#2736,#2737);
#2736 = CARTESIAN_POINT('',(-0.1,0.3,-2.5));
#2737 = VECTOR('',#2738,1.);
#2738 = DIRECTION('',(-2.692686352073E-17,-0.242535625036,
    -0.970142500145));
#2739 = ORIENTED_EDGE('',*,*,#2740,.F.);
#2740 = EDGE_CURVE('',#2741,#2733,#2743,.T.);
#2741 = VERTEX_POINT('',#2742);
#2742 = CARTESIAN_POINT('',(-0.1,-0.15,-3.1));
#2743 = LINE('',#2744,#2745);
#2744 = CARTESIAN_POINT('',(-0.1,-0.15,-3.1));
#2745 = VECTOR('',#2746,1.);
#2746 = DIRECTION('',(1.110223024625E-16,1.,0.));
#2747 = ORIENTED_EDGE('',*,*,#2748,.T.);
#2748 = EDGE_CURVE('',#2741,#2716,#2749,.T.);
#2749 = LINE('',#2750,#2751);
#2750 = CARTESIAN_POINT('',(-0.1,-0.15,-3.1));
#2751 = VECTOR('',#2752,1.);
#2752 = DIRECTION('',(-2.692686352073E-17,-0.242535625036,0.970142500145
    ));
#2753 = PLANE('',#2754);
#2754 = AXIS2_PLACEMENT_3D('',#2755,#2756,#2757);
#2755 = CARTESIAN_POINT('',(-0.1,1.110223024625E-17,3.911477598424));
#2756 = DIRECTION('',(-1.,1.110223024625E-16,0.));
#2757 = DIRECTION('',(0.,0.,1.));
#2758 = ADVANCED_FACE('',(#2759),#2784,.F.);
#2759 = FACE_BOUND('',#2760,.F.);
#2760 = EDGE_LOOP('',(#2761,#2769,#2777,#2783));
#2761 = ORIENTED_EDGE('',*,*,#2762,.T.);
#2762 = EDGE_CURVE('',#2091,#2763,#2765,.T.);
#2763 = VERTEX_POINT('',#2764);
#2764 = CARTESIAN_POINT('',(0.3,-5.38,0.9));
#2765 = LINE('',#2766,#2767);
#2766 = CARTESIAN_POINT('',(0.3,-5.38,8.2));
#2767 = VECTOR('',#2768,1.);
#2768 = DIRECTION('',(0.,-0.,-1.));
#2769 = ORIENTED_EDGE('',*,*,#2770,.T.);
#2770 = EDGE_CURVE('',#2763,#2771,#2773,.T.);
#2771 = VERTEX_POINT('',#2772);
#2772 = CARTESIAN_POINT('',(0.3,-4.78,0.9));
#2773 = LINE('',#2774,#2775);
#2774 = CARTESIAN_POINT('',(0.3,-5.38,0.9));
#2775 = VECTOR('',#2776,1.);
#2776 = DIRECTION('',(1.110223024625E-16,1.,0.));
#2777 = ORIENTED_EDGE('',*,*,#2778,.F.);
#2778 = EDGE_CURVE('',#2100,#2771,#2779,.T.);
#2779 = LINE('',#2780,#2781);
#2780 = CARTESIAN_POINT('',(0.3,-4.78,8.2));
#2781 = VECTOR('',#2782,1.);
#2782 = DIRECTION('',(0.,-0.,-1.));
#2783 = ORIENTED_EDGE('',*,*,#2107,.F.);
#2784 = PLANE('',#2785);
#2785 = AXIS2_PLACEMENT_3D('',#2786,#2787,#2788);
#2786 = CARTESIAN_POINT('',(0.3,-5.38,8.2));
#2787 = DIRECTION('',(1.,-1.110223024625E-16,0.));
#2788 = DIRECTION('',(1.110223024625E-16,1.,0.));
#2789 = ADVANCED_FACE('',(#2790),#2840,.F.);
#2790 = FACE_BOUND('',#2791,.F.);
#2791 = EDGE_LOOP('',(#2792,#2793,#2794,#2802,#2810,#2818,#2826,#2834));
#2792 = ORIENTED_EDGE('',*,*,#2131,.F.);
#2793 = ORIENTED_EDGE('',*,*,#2778,.T.);
#2794 = ORIENTED_EDGE('',*,*,#2795,.T.);
#2795 = EDGE_CURVE('',#2771,#2796,#2798,.T.);
#2796 = VERTEX_POINT('',#2797);
#2797 = CARTESIAN_POINT('',(0.1,-4.78,0.9));
#2798 = LINE('',#2799,#2800);
#2799 = CARTESIAN_POINT('',(0.3,-4.78,0.9));
#2800 = VECTOR('',#2801,1.);
#2801 = DIRECTION('',(-1.,1.110223024625E-16,0.));
#2802 = ORIENTED_EDGE('',*,*,#2803,.T.);
#2803 = EDGE_CURVE('',#2796,#2804,#2806,.T.);
#2804 = VERTEX_POINT('',#2805);
#2805 = CARTESIAN_POINT('',(0.1,-4.78,7.4));
#2806 = LINE('',#2807,#2808);
#2807 = CARTESIAN_POINT('',(0.1,-4.78,6.055738799212));
#2808 = VECTOR('',#2809,1.);
#2809 = DIRECTION('',(0.,-0.,1.));
#2810 = ORIENTED_EDGE('',*,*,#2811,.F.);
#2811 = EDGE_CURVE('',#2812,#2804,#2814,.T.);
#2812 = VERTEX_POINT('',#2813);
#2813 = CARTESIAN_POINT('',(-0.1,-4.78,7.4));
#2814 = LINE('',#2815,#2816);
#2815 = CARTESIAN_POINT('',(-0.1,-4.78,7.4));
#2816 = VECTOR('',#2817,1.);
#2817 = DIRECTION('',(1.,-1.110223024625E-16,0.));
#2818 = ORIENTED_EDGE('',*,*,#2819,.F.);
#2819 = EDGE_CURVE('',#2820,#2812,#2822,.T.);
#2820 = VERTEX_POINT('',#2821);
#2821 = CARTESIAN_POINT('',(-0.1,-4.78,0.9));
#2822 = LINE('',#2823,#2824);
#2823 = CARTESIAN_POINT('',(-0.1,-4.78,6.055738799212));
#2824 = VECTOR('',#2825,1.);
#2825 = DIRECTION('',(0.,-0.,1.));
#2826 = ORIENTED_EDGE('',*,*,#2827,.T.);
#2827 = EDGE_CURVE('',#2820,#2828,#2830,.T.);
#2828 = VERTEX_POINT('',#2829);
#2829 = CARTESIAN_POINT('',(-0.3,-4.78,0.9));
#2830 = LINE('',#2831,#2832);
#2831 = CARTESIAN_POINT('',(0.3,-4.78,0.9));
#2832 = VECTOR('',#2833,1.);
#2833 = DIRECTION('',(-1.,1.110223024625E-16,0.));
#2834 = ORIENTED_EDGE('',*,*,#2835,.F.);
#2835 = EDGE_CURVE('',#2124,#2828,#2836,.T.);
#2836 = LINE('',#2837,#2838);
#2837 = CARTESIAN_POINT('',(-0.3,-4.78,8.2));
#2838 = VECTOR('',#2839,1.);
#2839 = DIRECTION('',(0.,-0.,-1.));
#2840 = PLANE('',#2841);
#2841 = AXIS2_PLACEMENT_3D('',#2842,#2843,#2844);
#2842 = CARTESIAN_POINT('',(0.3,-4.78,8.2));
#2843 = DIRECTION('',(1.110223024625E-16,1.,0.));
#2844 = DIRECTION('',(-1.,1.110223024625E-16,0.));
#2845 = ADVANCED_FACE('',(#2846),#2864,.F.);
#2846 = FACE_BOUND('',#2847,.F.);
#2847 = EDGE_LOOP('',(#2848,#2849,#2857,#2863));
#2848 = ORIENTED_EDGE('',*,*,#2835,.T.);
#2849 = ORIENTED_EDGE('',*,*,#2850,.T.);
#2850 = EDGE_CURVE('',#2828,#2851,#2853,.T.);
#2851 = VERTEX_POINT('',#2852);
#2852 = CARTESIAN_POINT('',(-0.3,-5.38,0.9));
#2853 = LINE('',#2854,#2855);
#2854 = CARTESIAN_POINT('',(-0.3,-4.78,0.9));
#2855 = VECTOR('',#2856,1.);
#2856 = DIRECTION('',(-1.110223024625E-16,-1.,0.));
#2857 = ORIENTED_EDGE('',*,*,#2858,.F.);
#2858 = EDGE_CURVE('',#2148,#2851,#2859,.T.);
#2859 = LINE('',#2860,#2861);
#2860 = CARTESIAN_POINT('',(-0.3,-5.38,8.2));
#2861 = VECTOR('',#2862,1.);
#2862 = DIRECTION('',(0.,-0.,-1.));
#2863 = ORIENTED_EDGE('',*,*,#2155,.F.);
#2864 = PLANE('',#2865);
#2865 = AXIS2_PLACEMENT_3D('',#2866,#2867,#2868);
#2866 = CARTESIAN_POINT('',(-0.3,-4.78,8.2));
#2867 = DIRECTION('',(-1.,1.110223024625E-16,0.));
#2868 = DIRECTION('',(-1.110223024625E-16,-1.,0.));
#2869 = ADVANCED_FACE('',(#2870),#2913,.F.);
#2870 = FACE_BOUND('',#2871,.F.);
#2871 = EDGE_LOOP('',(#2872,#2873,#2874,#2882,#2890,#2898,#2906,#2912));
#2872 = ORIENTED_EDGE('',*,*,#2172,.F.);
#2873 = ORIENTED_EDGE('',*,*,#2858,.T.);
#2874 = ORIENTED_EDGE('',*,*,#2875,.T.);
#2875 = EDGE_CURVE('',#2851,#2876,#2878,.T.);
#2876 = VERTEX_POINT('',#2877);
#2877 = CARTESIAN_POINT('',(-0.1,-5.38,0.9));
#2878 = LINE('',#2879,#2880);
#2879 = CARTESIAN_POINT('',(-0.3,-5.38,0.9));
#2880 = VECTOR('',#2881,1.);
#2881 = DIRECTION('',(1.,-1.110223024625E-16,0.));
#2882 = ORIENTED_EDGE('',*,*,#2883,.F.);
#2883 = EDGE_CURVE('',#2884,#2876,#2886,.T.);
#2884 = VERTEX_POINT('',#2885);
#2885 = CARTESIAN_POINT('',(-0.1,-5.38,7.4));
#2886 = LINE('',#2887,#2888);
#2887 = CARTESIAN_POINT('',(-0.1,-5.38,6.055738799212));
#2888 = VECTOR('',#2889,1.);
#2889 = DIRECTION('',(-0.,0.,-1.));
#2890 = ORIENTED_EDGE('',*,*,#2891,.T.);
#2891 = EDGE_CURVE('',#2884,#2892,#2894,.T.);
#2892 = VERTEX_POINT('',#2893);
#2893 = CARTESIAN_POINT('',(0.1,-5.38,7.4));
#2894 = LINE('',#2895,#2896);
#2895 = CARTESIAN_POINT('',(-0.1,-5.38,7.4));
#2896 = VECTOR('',#2897,1.);
#2897 = DIRECTION('',(1.,-1.110223024625E-16,0.));
#2898 = ORIENTED_EDGE('',*,*,#2899,.T.);
#2899 = EDGE_CURVE('',#2892,#2900,#2902,.T.);
#2900 = VERTEX_POINT('',#2901);
#2901 = CARTESIAN_POINT('',(0.1,-5.38,0.9));
#2902 = LINE('',#2903,#2904);
#2903 = CARTESIAN_POINT('',(0.1,-5.38,6.055738799212));
#2904 = VECTOR('',#2905,1.);
#2905 = DIRECTION('',(-0.,0.,-1.));
#2906 = ORIENTED_EDGE('',*,*,#2907,.T.);
#2907 = EDGE_CURVE('',#2900,#2763,#2908,.T.);
#2908 = LINE('',#2909,#2910);
#2909 = CARTESIAN_POINT('',(-0.3,-5.38,0.9));
#2910 = VECTOR('',#2911,1.);
#2911 = DIRECTION('',(1.,-1.110223024625E-16,0.));
#2912 = ORIENTED_EDGE('',*,*,#2762,.F.);
#2913 = PLANE('',#2914);
#2914 = AXIS2_PLACEMENT_3D('',#2915,#2916,#2917);
#2915 = CARTESIAN_POINT('',(-0.3,-5.38,8.2));
#2916 = DIRECTION('',(-1.110223024625E-16,-1.,0.));
#2917 = DIRECTION('',(1.,-1.110223024625E-16,0.));
#2918 = ADVANCED_FACE('',(#2919),#2944,.F.);
#2919 = FACE_BOUND('',#2920,.F.);
#2920 = EDGE_LOOP('',(#2921,#2929,#2937,#2943));
#2921 = ORIENTED_EDGE('',*,*,#2922,.T.);
#2922 = EDGE_CURVE('',#2187,#2923,#2925,.T.);
#2923 = VERTEX_POINT('',#2924);
#2924 = CARTESIAN_POINT('',(0.3,-2.84,0.9));
#2925 = LINE('',#2926,#2927);
#2926 = CARTESIAN_POINT('',(0.3,-2.84,8.2));
#2927 = VECTOR('',#2928,1.);
#2928 = DIRECTION('',(0.,-0.,-1.));
#2929 = ORIENTED_EDGE('',*,*,#2930,.T.);
#2930 = EDGE_CURVE('',#2923,#2931,#2933,.T.);
#2931 = VERTEX_POINT('',#2932);
#2932 = CARTESIAN_POINT('',(0.3,-2.24,0.9));
#2933 = LINE('',#2934,#2935);
#2934 = CARTESIAN_POINT('',(0.3,-2.84,0.9));
#2935 = VECTOR('',#2936,1.);
#2936 = DIRECTION('',(1.110223024625E-16,1.,0.));
#2937 = ORIENTED_EDGE('',*,*,#2938,.F.);
#2938 = EDGE_CURVE('',#2196,#2931,#2939,.T.);
#2939 = LINE('',#2940,#2941);
#2940 = CARTESIAN_POINT('',(0.3,-2.24,8.2));
#2941 = VECTOR('',#2942,1.);
#2942 = DIRECTION('',(0.,-0.,-1.));
#2943 = ORIENTED_EDGE('',*,*,#2203,.F.);
#2944 = PLANE('',#2945);
#2945 = AXIS2_PLACEMENT_3D('',#2946,#2947,#2948);
#2946 = CARTESIAN_POINT('',(0.3,-2.84,8.2));
#2947 = DIRECTION('',(1.,-1.110223024625E-16,0.));
#2948 = DIRECTION('',(1.110223024625E-16,1.,0.));
#2949 = ADVANCED_FACE('',(#2950),#3000,.F.);
#2950 = FACE_BOUND('',#2951,.F.);
#2951 = EDGE_LOOP('',(#2952,#2953,#2954,#2962,#2970,#2978,#2986,#2994));
#2952 = ORIENTED_EDGE('',*,*,#2227,.F.);
#2953 = ORIENTED_EDGE('',*,*,#2938,.T.);
#2954 = ORIENTED_EDGE('',*,*,#2955,.T.);
#2955 = EDGE_CURVE('',#2931,#2956,#2958,.T.);
#2956 = VERTEX_POINT('',#2957);
#2957 = CARTESIAN_POINT('',(0.1,-2.24,0.9));
#2958 = LINE('',#2959,#2960);
#2959 = CARTESIAN_POINT('',(0.3,-2.24,0.9));
#2960 = VECTOR('',#2961,1.);
#2961 = DIRECTION('',(-1.,1.110223024625E-16,0.));
#2962 = ORIENTED_EDGE('',*,*,#2963,.T.);
#2963 = EDGE_CURVE('',#2956,#2964,#2966,.T.);
#2964 = VERTEX_POINT('',#2965);
#2965 = CARTESIAN_POINT('',(0.1,-2.24,7.4));
#2966 = LINE('',#2967,#2968);
#2967 = CARTESIAN_POINT('',(0.1,-2.24,6.055738799212));
#2968 = VECTOR('',#2969,1.);
#2969 = DIRECTION('',(0.,-0.,1.));
#2970 = ORIENTED_EDGE('',*,*,#2971,.F.);
#2971 = EDGE_CURVE('',#2972,#2964,#2974,.T.);
#2972 = VERTEX_POINT('',#2973);
#2973 = CARTESIAN_POINT('',(-0.1,-2.24,7.4));
#2974 = LINE('',#2975,#2976);
#2975 = CARTESIAN_POINT('',(-0.1,-2.24,7.4));
#2976 = VECTOR('',#2977,1.);
#2977 = DIRECTION('',(1.,-1.110223024625E-16,0.));
#2978 = ORIENTED_EDGE('',*,*,#2979,.F.);
#2979 = EDGE_CURVE('',#2980,#2972,#2982,.T.);
#2980 = VERTEX_POINT('',#2981);
#2981 = CARTESIAN_POINT('',(-0.1,-2.24,0.9));
#2982 = LINE('',#2983,#2984);
#2983 = CARTESIAN_POINT('',(-0.1,-2.24,6.055738799212));
#2984 = VECTOR('',#2985,1.);
#2985 = DIRECTION('',(0.,-0.,1.));
#2986 = ORIENTED_EDGE('',*,*,#2987,.T.);
#2987 = EDGE_CURVE('',#2980,#2988,#2990,.T.);
#2988 = VERTEX_POINT('',#2989);
#2989 = CARTESIAN_POINT('',(-0.3,-2.24,0.9));
#2990 = LINE('',#2991,#2992);
#2991 = CARTESIAN_POINT('',(0.3,-2.24,0.9));
#2992 = VECTOR('',#2993,1.);
#2993 = DIRECTION('',(-1.,1.110223024625E-16,0.));
#2994 = ORIENTED_EDGE('',*,*,#2995,.F.);
#2995 = EDGE_CURVE('',#2220,#2988,#2996,.T.);
#2996 = LINE('',#2997,#2998);
#2997 = CARTESIAN_POINT('',(-0.3,-2.24,8.2));
#2998 = VECTOR('',#2999,1.);
#2999 = DIRECTION('',(0.,-0.,-1.));
#3000 = PLANE('',#3001);
#3001 = AXIS2_PLACEMENT_3D('',#3002,#3003,#3004);
#3002 = CARTESIAN_POINT('',(0.3,-2.24,8.2));
#3003 = DIRECTION('',(1.110223024625E-16,1.,0.));
#3004 = DIRECTION('',(-1.,1.110223024625E-16,0.));
#3005 = ADVANCED_FACE('',(#3006),#3024,.F.);
#3006 = FACE_BOUND('',#3007,.F.);
#3007 = EDGE_LOOP('',(#3008,#3009,#3017,#3023));
#3008 = ORIENTED_EDGE('',*,*,#2995,.T.);
#3009 = ORIENTED_EDGE('',*,*,#3010,.T.);
#3010 = EDGE_CURVE('',#2988,#3011,#3013,.T.);
#3011 = VERTEX_POINT('',#3012);
#3012 = CARTESIAN_POINT('',(-0.3,-2.84,0.9));
#3013 = LINE('',#3014,#3015);
#3014 = CARTESIAN_POINT('',(-0.3,-2.24,0.9));
#3015 = VECTOR('',#3016,1.);
#3016 = DIRECTION('',(-1.110223024625E-16,-1.,0.));
#3017 = ORIENTED_EDGE('',*,*,#3018,.F.);
#3018 = EDGE_CURVE('',#2244,#3011,#3019,.T.);
#3019 = LINE('',#3020,#3021);
#3020 = CARTESIAN_POINT('',(-0.3,-2.84,8.2));
#3021 = VECTOR('',#3022,1.);
#3022 = DIRECTION('',(0.,-0.,-1.));
#3023 = ORIENTED_EDGE('',*,*,#2251,.F.);
#3024 = PLANE('',#3025);
#3025 = AXIS2_PLACEMENT_3D('',#3026,#3027,#3028);
#3026 = CARTESIAN_POINT('',(-0.3,-2.24,8.2));
#3027 = DIRECTION('',(-1.,1.110223024625E-16,0.));
#3028 = DIRECTION('',(-1.110223024625E-16,-1.,0.));
#3029 = ADVANCED_FACE('',(#3030),#3073,.F.);
#3030 = FACE_BOUND('',#3031,.F.);
#3031 = EDGE_LOOP('',(#3032,#3033,#3034,#3042,#3050,#3058,#3066,#3072));
#3032 = ORIENTED_EDGE('',*,*,#2268,.F.);
#3033 = ORIENTED_EDGE('',*,*,#3018,.T.);
#3034 = ORIENTED_EDGE('',*,*,#3035,.T.);
#3035 = EDGE_CURVE('',#3011,#3036,#3038,.T.);
#3036 = VERTEX_POINT('',#3037);
#3037 = CARTESIAN_POINT('',(-0.1,-2.84,0.9));
#3038 = LINE('',#3039,#3040);
#3039 = CARTESIAN_POINT('',(-0.3,-2.84,0.9));
#3040 = VECTOR('',#3041,1.);
#3041 = DIRECTION('',(1.,-1.110223024625E-16,0.));
#3042 = ORIENTED_EDGE('',*,*,#3043,.F.);
#3043 = EDGE_CURVE('',#3044,#3036,#3046,.T.);
#3044 = VERTEX_POINT('',#3045);
#3045 = CARTESIAN_POINT('',(-0.1,-2.84,7.4));
#3046 = LINE('',#3047,#3048);
#3047 = CARTESIAN_POINT('',(-0.1,-2.84,6.055738799212));
#3048 = VECTOR('',#3049,1.);
#3049 = DIRECTION('',(-0.,0.,-1.));
#3050 = ORIENTED_EDGE('',*,*,#3051,.T.);
#3051 = EDGE_CURVE('',#3044,#3052,#3054,.T.);
#3052 = VERTEX_POINT('',#3053);
#3053 = CARTESIAN_POINT('',(0.1,-2.84,7.4));
#3054 = LINE('',#3055,#3056);
#3055 = CARTESIAN_POINT('',(-0.1,-2.84,7.4));
#3056 = VECTOR('',#3057,1.);
#3057 = DIRECTION('',(1.,-1.110223024625E-16,0.));
#3058 = ORIENTED_EDGE('',*,*,#3059,.T.);
#3059 = EDGE_CURVE('',#3052,#3060,#3062,.T.);
#3060 = VERTEX_POINT('',#3061);
#3061 = CARTESIAN_POINT('',(0.1,-2.84,0.9));
#3062 = LINE('',#3063,#3064);
#3063 = CARTESIAN_POINT('',(0.1,-2.84,6.055738799212));
#3064 = VECTOR('',#3065,1.);
#3065 = DIRECTION('',(-0.,0.,-1.));
#3066 = ORIENTED_EDGE('',*,*,#3067,.T.);
#3067 = EDGE_CURVE('',#3060,#2923,#3068,.T.);
#3068 = LINE('',#3069,#3070);
#3069 = CARTESIAN_POINT('',(-0.3,-2.84,0.9));
#3070 = VECTOR('',#3071,1.);
#3071 = DIRECTION('',(1.,-1.110223024625E-16,0.));
#3072 = ORIENTED_EDGE('',*,*,#2922,.F.);
#3073 = PLANE('',#3074);
#3074 = AXIS2_PLACEMENT_3D('',#3075,#3076,#3077);
#3075 = CARTESIAN_POINT('',(-0.3,-2.84,8.2));
#3076 = DIRECTION('',(-1.110223024625E-16,-1.,0.));
#3077 = DIRECTION('',(1.,-1.110223024625E-16,0.));
#3078 = ADVANCED_FACE('',(#3079),#3104,.F.);
#3079 = FACE_BOUND('',#3080,.F.);
#3080 = EDGE_LOOP('',(#3081,#3089,#3097,#3103));
#3081 = ORIENTED_EDGE('',*,*,#3082,.T.);
#3082 = EDGE_CURVE('',#2283,#3083,#3085,.T.);
#3083 = VERTEX_POINT('',#3084);
#3084 = CARTESIAN_POINT('',(0.3,-0.3,0.9));
#3085 = LINE('',#3086,#3087);
#3086 = CARTESIAN_POINT('',(0.3,-0.3,8.2));
#3087 = VECTOR('',#3088,1.);
#3088 = DIRECTION('',(0.,-0.,-1.));
#3089 = ORIENTED_EDGE('',*,*,#3090,.T.);
#3090 = EDGE_CURVE('',#3083,#3091,#3093,.T.);
#3091 = VERTEX_POINT('',#3092);
#3092 = CARTESIAN_POINT('',(0.3,0.3,0.9));
#3093 = LINE('',#3094,#3095);
#3094 = CARTESIAN_POINT('',(0.3,-0.3,0.9));
#3095 = VECTOR('',#3096,1.);
#3096 = DIRECTION('',(1.110223024625E-16,1.,0.));
#3097 = ORIENTED_EDGE('',*,*,#3098,.F.);
#3098 = EDGE_CURVE('',#2292,#3091,#3099,.T.);
#3099 = LINE('',#3100,#3101);
#3100 = CARTESIAN_POINT('',(0.3,0.3,8.2));
#3101 = VECTOR('',#3102,1.);
#3102 = DIRECTION('',(0.,-0.,-1.));
#3103 = ORIENTED_EDGE('',*,*,#2299,.F.);
#3104 = PLANE('',#3105);
#3105 = AXIS2_PLACEMENT_3D('',#3106,#3107,#3108);
#3106 = CARTESIAN_POINT('',(0.3,-0.3,8.2));
#3107 = DIRECTION('',(1.,-1.110223024625E-16,0.));
#3108 = DIRECTION('',(1.110223024625E-16,1.,0.));
#3109 = ADVANCED_FACE('',(#3110),#3160,.F.);
#3110 = FACE_BOUND('',#3111,.F.);
#3111 = EDGE_LOOP('',(#3112,#3113,#3114,#3122,#3130,#3138,#3146,#3154));
#3112 = ORIENTED_EDGE('',*,*,#2323,.F.);
#3113 = ORIENTED_EDGE('',*,*,#3098,.T.);
#3114 = ORIENTED_EDGE('',*,*,#3115,.T.);
#3115 = EDGE_CURVE('',#3091,#3116,#3118,.T.);
#3116 = VERTEX_POINT('',#3117);
#3117 = CARTESIAN_POINT('',(0.1,0.3,0.9));
#3118 = LINE('',#3119,#3120);
#3119 = CARTESIAN_POINT('',(0.3,0.3,0.9));
#3120 = VECTOR('',#3121,1.);
#3121 = DIRECTION('',(-1.,1.110223024625E-16,0.));
#3122 = ORIENTED_EDGE('',*,*,#3123,.T.);
#3123 = EDGE_CURVE('',#3116,#3124,#3126,.T.);
#3124 = VERTEX_POINT('',#3125);
#3125 = CARTESIAN_POINT('',(0.1,0.3,7.4));
#3126 = LINE('',#3127,#3128);
#3127 = CARTESIAN_POINT('',(0.1,0.3,6.055738799212));
#3128 = VECTOR('',#3129,1.);
#3129 = DIRECTION('',(0.,-0.,1.));
#3130 = ORIENTED_EDGE('',*,*,#3131,.F.);
#3131 = EDGE_CURVE('',#3132,#3124,#3134,.T.);
#3132 = VERTEX_POINT('',#3133);
#3133 = CARTESIAN_POINT('',(-0.1,0.3,7.4));
#3134 = LINE('',#3135,#3136);
#3135 = CARTESIAN_POINT('',(-0.1,0.3,7.4));
#3136 = VECTOR('',#3137,1.);
#3137 = DIRECTION('',(1.,-1.110223024625E-16,0.));
#3138 = ORIENTED_EDGE('',*,*,#3139,.F.);
#3139 = EDGE_CURVE('',#3140,#3132,#3142,.T.);
#3140 = VERTEX_POINT('',#3141);
#3141 = CARTESIAN_POINT('',(-0.1,0.3,0.9));
#3142 = LINE('',#3143,#3144);
#3143 = CARTESIAN_POINT('',(-0.1,0.3,6.055738799212));
#3144 = VECTOR('',#3145,1.);
#3145 = DIRECTION('',(0.,-0.,1.));
#3146 = ORIENTED_EDGE('',*,*,#3147,.T.);
#3147 = EDGE_CURVE('',#3140,#3148,#3150,.T.);
#3148 = VERTEX_POINT('',#3149);
#3149 = CARTESIAN_POINT('',(-0.3,0.3,0.9));
#3150 = LINE('',#3151,#3152);
#3151 = CARTESIAN_POINT('',(0.3,0.3,0.9));
#3152 = VECTOR('',#3153,1.);
#3153 = DIRECTION('',(-1.,1.110223024625E-16,0.));
#3154 = ORIENTED_EDGE('',*,*,#3155,.F.);
#3155 = EDGE_CURVE('',#2316,#3148,#3156,.T.);
#3156 = LINE('',#3157,#3158);
#3157 = CARTESIAN_POINT('',(-0.3,0.3,8.2));
#3158 = VECTOR('',#3159,1.);
#3159 = DIRECTION('',(0.,-0.,-1.));
#3160 = PLANE('',#3161);
#3161 = AXIS2_PLACEMENT_3D('',#3162,#3163,#3164);
#3162 = CARTESIAN_POINT('',(0.3,0.3,8.2));
#3163 = DIRECTION('',(1.110223024625E-16,1.,0.));
#3164 = DIRECTION('',(-1.,1.110223024625E-16,0.));
#3165 = ADVANCED_FACE('',(#3166),#3184,.F.);
#3166 = FACE_BOUND('',#3167,.F.);
#3167 = EDGE_LOOP('',(#3168,#3169,#3177,#3183));
#3168 = ORIENTED_EDGE('',*,*,#3155,.T.);
#3169 = ORIENTED_EDGE('',*,*,#3170,.T.);
#3170 = EDGE_CURVE('',#3148,#3171,#3173,.T.);
#3171 = VERTEX_POINT('',#3172);
#3172 = CARTESIAN_POINT('',(-0.3,-0.3,0.9));
#3173 = LINE('',#3174,#3175);
#3174 = CARTESIAN_POINT('',(-0.3,0.3,0.9));
#3175 = VECTOR('',#3176,1.);
#3176 = DIRECTION('',(-1.110223024625E-16,-1.,0.));
#3177 = ORIENTED_EDGE('',*,*,#3178,.F.);
#3178 = EDGE_CURVE('',#2340,#3171,#3179,.T.);
#3179 = LINE('',#3180,#3181);
#3180 = CARTESIAN_POINT('',(-0.3,-0.3,8.2));
#3181 = VECTOR('',#3182,1.);
#3182 = DIRECTION('',(0.,-0.,-1.));
#3183 = ORIENTED_EDGE('',*,*,#2347,.F.);
#3184 = PLANE('',#3185);
#3185 = AXIS2_PLACEMENT_3D('',#3186,#3187,#3188);
#3186 = CARTESIAN_POINT('',(-0.3,0.3,8.2));
#3187 = DIRECTION('',(-1.,1.110223024625E-16,0.));
#3188 = DIRECTION('',(-1.110223024625E-16,-1.,0.));
#3189 = ADVANCED_FACE('',(#3190),#3233,.F.);
#3190 = FACE_BOUND('',#3191,.F.);
#3191 = EDGE_LOOP('',(#3192,#3193,#3194,#3202,#3210,#3218,#3226,#3232));
#3192 = ORIENTED_EDGE('',*,*,#2364,.F.);
#3193 = ORIENTED_EDGE('',*,*,#3178,.T.);
#3194 = ORIENTED_EDGE('',*,*,#3195,.T.);
#3195 = EDGE_CURVE('',#3171,#3196,#3198,.T.);
#3196 = VERTEX_POINT('',#3197);
#3197 = CARTESIAN_POINT('',(-0.1,-0.3,0.9));
#3198 = LINE('',#3199,#3200);
#3199 = CARTESIAN_POINT('',(-0.3,-0.3,0.9));
#3200 = VECTOR('',#3201,1.);
#3201 = DIRECTION('',(1.,-1.110223024625E-16,0.));
#3202 = ORIENTED_EDGE('',*,*,#3203,.F.);
#3203 = EDGE_CURVE('',#3204,#3196,#3206,.T.);
#3204 = VERTEX_POINT('',#3205);
#3205 = CARTESIAN_POINT('',(-0.1,-0.3,7.4));
#3206 = LINE('',#3207,#3208);
#3207 = CARTESIAN_POINT('',(-0.1,-0.3,6.055738799212));
#3208 = VECTOR('',#3209,1.);
#3209 = DIRECTION('',(-0.,0.,-1.));
#3210 = ORIENTED_EDGE('',*,*,#3211,.T.);
#3211 = EDGE_CURVE('',#3204,#3212,#3214,.T.);
#3212 = VERTEX_POINT('',#3213);
#3213 = CARTESIAN_POINT('',(0.1,-0.3,7.4));
#3214 = LINE('',#3215,#3216);
#3215 = CARTESIAN_POINT('',(-0.1,-0.3,7.4));
#3216 = VECTOR('',#3217,1.);
#3217 = DIRECTION('',(1.,-1.110223024625E-16,0.));
#3218 = ORIENTED_EDGE('',*,*,#3219,.T.);
#3219 = EDGE_CURVE('',#3212,#3220,#3222,.T.);
#3220 = VERTEX_POINT('',#3221);
#3221 = CARTESIAN_POINT('',(0.1,-0.3,0.9));
#3222 = LINE('',#3223,#3224);
#3223 = CARTESIAN_POINT('',(0.1,-0.3,6.055738799212));
#3224 = VECTOR('',#3225,1.);
#3225 = DIRECTION('',(-0.,0.,-1.));
#3226 = ORIENTED_EDGE('',*,*,#3227,.T.);
#3227 = EDGE_CURVE('',#3220,#3083,#3228,.T.);
#3228 = LINE('',#3229,#3230);
#3229 = CARTESIAN_POINT('',(-0.3,-0.3,0.9));
#3230 = VECTOR('',#3231,1.);
#3231 = DIRECTION('',(1.,-1.110223024625E-16,0.));
#3232 = ORIENTED_EDGE('',*,*,#3082,.F.);
#3233 = PLANE('',#3234);
#3234 = AXIS2_PLACEMENT_3D('',#3235,#3236,#3237);
#3235 = CARTESIAN_POINT('',(-0.3,-0.3,8.2));
#3236 = DIRECTION('',(-1.110223024625E-16,-1.,0.));
#3237 = DIRECTION('',(1.,-1.110223024625E-16,0.));
#3238 = ADVANCED_FACE('',(#3239),#3250,.T.);
#3239 = FACE_BOUND('',#3240,.T.);
#3240 = EDGE_LOOP('',(#3241,#3247,#3248,#3249));
#3241 = ORIENTED_EDGE('',*,*,#3242,.T.);
#3242 = EDGE_CURVE('',#2460,#2396,#3243,.T.);
#3243 = LINE('',#3244,#3245);
#3244 = CARTESIAN_POINT('',(-0.1,-5.38,-2.5));
#3245 = VECTOR('',#3246,1.);
#3246 = DIRECTION('',(1.,-1.110223024625E-16,0.));
#3247 = ORIENTED_EDGE('',*,*,#2395,.T.);
#3248 = ORIENTED_EDGE('',*,*,#2380,.F.);
#3249 = ORIENTED_EDGE('',*,*,#2459,.F.);
#3250 = PLANE('',#3251);
#3251 = AXIS2_PLACEMENT_3D('',#3252,#3253,#3254);
#3252 = CARTESIAN_POINT('',(-0.1,-5.38,-2.5));
#3253 = DIRECTION('',(-1.110223024625E-16,-1.,0.));
#3254 = DIRECTION('',(0.,0.,1.));
#3255 = ADVANCED_FACE('',(#3256),#3267,.T.);
#3256 = FACE_BOUND('',#3257,.T.);
#3257 = EDGE_LOOP('',(#3258,#3264,#3265,#3266));
#3258 = ORIENTED_EDGE('',*,*,#3259,.T.);
#3259 = EDGE_CURVE('',#2485,#2421,#3260,.T.);
#3260 = LINE('',#3261,#3262);
#3261 = CARTESIAN_POINT('',(-0.1,-5.23,-3.1));
#3262 = VECTOR('',#3263,1.);
#3263 = DIRECTION('',(1.,-1.110223024625E-16,0.));
#3264 = ORIENTED_EDGE('',*,*,#2428,.T.);
#3265 = ORIENTED_EDGE('',*,*,#3242,.F.);
#3266 = ORIENTED_EDGE('',*,*,#2492,.F.);
#3267 = PLANE('',#3268);
#3268 = AXIS2_PLACEMENT_3D('',#3269,#3270,#3271);
#3269 = CARTESIAN_POINT('',(-0.1,-5.23,-3.1));
#3270 = DIRECTION('',(-1.077074540829E-16,-0.970142500145,
    -0.242535625036));
#3271 = DIRECTION('',(-2.692686352073E-17,-0.242535625036,0.970142500145
    ));
#3272 = ADVANCED_FACE('',(#3273),#3284,.T.);
#3273 = FACE_BOUND('',#3274,.T.);
#3274 = EDGE_LOOP('',(#3275,#3281,#3282,#3283));
#3275 = ORIENTED_EDGE('',*,*,#3276,.T.);
#3276 = EDGE_CURVE('',#2477,#2413,#3277,.T.);
#3277 = LINE('',#3278,#3279);
#3278 = CARTESIAN_POINT('',(-0.1,-4.93,-3.1));
#3279 = VECTOR('',#3280,1.);
#3280 = DIRECTION('',(1.,-1.110223024625E-16,0.));
#3281 = ORIENTED_EDGE('',*,*,#2420,.T.);
#3282 = ORIENTED_EDGE('',*,*,#3259,.F.);
#3283 = ORIENTED_EDGE('',*,*,#2484,.T.);
#3284 = PLANE('',#3285);
#3285 = AXIS2_PLACEMENT_3D('',#3286,#3287,#3288);
#3286 = CARTESIAN_POINT('',(-0.1,-4.93,-3.1));
#3287 = DIRECTION('',(0.,-0.,-1.));
#3288 = DIRECTION('',(-1.110223024625E-16,-1.,0.));
#3289 = ADVANCED_FACE('',(#3290),#3301,.T.);
#3290 = FACE_BOUND('',#3291,.T.);
#3291 = EDGE_LOOP('',(#3292,#3298,#3299,#3300));
#3292 = ORIENTED_EDGE('',*,*,#3293,.T.);
#3293 = EDGE_CURVE('',#2469,#2405,#3294,.T.);
#3294 = LINE('',#3295,#3296);
#3295 = CARTESIAN_POINT('',(-0.1,-4.78,-2.5));
#3296 = VECTOR('',#3297,1.);
#3297 = DIRECTION('',(1.,-1.110223024625E-16,0.));
#3298 = ORIENTED_EDGE('',*,*,#2412,.T.);
#3299 = ORIENTED_EDGE('',*,*,#3276,.F.);
#3300 = ORIENTED_EDGE('',*,*,#2476,.F.);
#3301 = PLANE('',#3302);
#3302 = AXIS2_PLACEMENT_3D('',#3303,#3304,#3305);
#3303 = CARTESIAN_POINT('',(-0.1,-4.78,-2.5));
#3304 = DIRECTION('',(1.077074540829E-16,0.970142500145,-0.242535625036)
  );
#3305 = DIRECTION('',(-2.692686352073E-17,-0.242535625036,
    -0.970142500145));
#3306 = ADVANCED_FACE('',(#3307),#3313,.T.);
#3307 = FACE_BOUND('',#3308,.T.);
#3308 = EDGE_LOOP('',(#3309,#3310,#3311,#3312));
#3309 = ORIENTED_EDGE('',*,*,#2442,.T.);
#3310 = ORIENTED_EDGE('',*,*,#2404,.T.);
#3311 = ORIENTED_EDGE('',*,*,#3293,.F.);
#3312 = ORIENTED_EDGE('',*,*,#2468,.F.);
#3313 = PLANE('',#3314);
#3314 = AXIS2_PLACEMENT_3D('',#3315,#3316,#3317);
#3315 = CARTESIAN_POINT('',(-0.1,-4.78,0.2));
#3316 = DIRECTION('',(1.110223024625E-16,1.,0.));
#3317 = DIRECTION('',(0.,0.,-1.));
#3318 = ADVANCED_FACE('',(#3319),#3330,.T.);
#3319 = FACE_BOUND('',#3320,.T.);
#3320 = EDGE_LOOP('',(#3321,#3327,#3328,#3329));
#3321 = ORIENTED_EDGE('',*,*,#3322,.T.);
#3322 = EDGE_CURVE('',#2588,#2524,#3323,.T.);
#3323 = LINE('',#3324,#3325);
#3324 = CARTESIAN_POINT('',(-0.1,-2.84,-2.5));
#3325 = VECTOR('',#3326,1.);
#3326 = DIRECTION('',(1.,-1.110223024625E-16,0.));
#3327 = ORIENTED_EDGE('',*,*,#2523,.T.);
#3328 = ORIENTED_EDGE('',*,*,#2508,.F.);
#3329 = ORIENTED_EDGE('',*,*,#2587,.F.);
#3330 = PLANE('',#3331);
#3331 = AXIS2_PLACEMENT_3D('',#3332,#3333,#3334);
#3332 = CARTESIAN_POINT('',(-0.1,-2.84,-2.5));
#3333 = DIRECTION('',(-1.110223024625E-16,-1.,0.));
#3334 = DIRECTION('',(0.,0.,1.));
#3335 = ADVANCED_FACE('',(#3336),#3347,.T.);
#3336 = FACE_BOUND('',#3337,.T.);
#3337 = EDGE_LOOP('',(#3338,#3344,#3345,#3346));
#3338 = ORIENTED_EDGE('',*,*,#3339,.T.);
#3339 = EDGE_CURVE('',#2613,#2549,#3340,.T.);
#3340 = LINE('',#3341,#3342);
#3341 = CARTESIAN_POINT('',(-0.1,-2.69,-3.1));
#3342 = VECTOR('',#3343,1.);
#3343 = DIRECTION('',(1.,-1.110223024625E-16,0.));
#3344 = ORIENTED_EDGE('',*,*,#2556,.T.);
#3345 = ORIENTED_EDGE('',*,*,#3322,.F.);
#3346 = ORIENTED_EDGE('',*,*,#2620,.F.);
#3347 = PLANE('',#3348);
#3348 = AXIS2_PLACEMENT_3D('',#3349,#3350,#3351);
#3349 = CARTESIAN_POINT('',(-0.1,-2.69,-3.1));
#3350 = DIRECTION('',(-1.077074540829E-16,-0.970142500145,
    -0.242535625036));
#3351 = DIRECTION('',(-2.692686352073E-17,-0.242535625036,0.970142500145
    ));
#3352 = ADVANCED_FACE('',(#3353),#3364,.T.);
#3353 = FACE_BOUND('',#3354,.T.);
#3354 = EDGE_LOOP('',(#3355,#3361,#3362,#3363));
#3355 = ORIENTED_EDGE('',*,*,#3356,.T.);
#3356 = EDGE_CURVE('',#2605,#2541,#3357,.T.);
#3357 = LINE('',#3358,#3359);
#3358 = CARTESIAN_POINT('',(-0.1,-2.39,-3.1));
#3359 = VECTOR('',#3360,1.);
#3360 = DIRECTION('',(1.,-1.110223024625E-16,0.));
#3361 = ORIENTED_EDGE('',*,*,#2548,.T.);
#3362 = ORIENTED_EDGE('',*,*,#3339,.F.);
#3363 = ORIENTED_EDGE('',*,*,#2612,.T.);
#3364 = PLANE('',#3365);
#3365 = AXIS2_PLACEMENT_3D('',#3366,#3367,#3368);
#3366 = CARTESIAN_POINT('',(-0.1,-2.39,-3.1));
#3367 = DIRECTION('',(0.,-0.,-1.));
#3368 = DIRECTION('',(-1.110223024625E-16,-1.,0.));
#3369 = ADVANCED_FACE('',(#3370),#3381,.T.);
#3370 = FACE_BOUND('',#3371,.T.);
#3371 = EDGE_LOOP('',(#3372,#3378,#3379,#3380));
#3372 = ORIENTED_EDGE('',*,*,#3373,.T.);
#3373 = EDGE_CURVE('',#2597,#2533,#3374,.T.);
#3374 = LINE('',#3375,#3376);
#3375 = CARTESIAN_POINT('',(-0.1,-2.24,-2.5));
#3376 = VECTOR('',#3377,1.);
#3377 = DIRECTION('',(1.,-1.110223024625E-16,0.));
#3378 = ORIENTED_EDGE('',*,*,#2540,.T.);
#3379 = ORIENTED_EDGE('',*,*,#3356,.F.);
#3380 = ORIENTED_EDGE('',*,*,#2604,.F.);
#3381 = PLANE('',#3382);
#3382 = AXIS2_PLACEMENT_3D('',#3383,#3384,#3385);
#3383 = CARTESIAN_POINT('',(-0.1,-2.24,-2.5));
#3384 = DIRECTION('',(1.077074540829E-16,0.970142500145,-0.242535625036)
  );
#3385 = DIRECTION('',(-2.692686352073E-17,-0.242535625036,
    -0.970142500145));
#3386 = ADVANCED_FACE('',(#3387),#3393,.T.);
#3387 = FACE_BOUND('',#3388,.T.);
#3388 = EDGE_LOOP('',(#3389,#3390,#3391,#3392));
#3389 = ORIENTED_EDGE('',*,*,#2570,.T.);
#3390 = ORIENTED_EDGE('',*,*,#2532,.T.);
#3391 = ORIENTED_EDGE('',*,*,#3373,.F.);
#3392 = ORIENTED_EDGE('',*,*,#2596,.F.);
#3393 = PLANE('',#3394);
#3394 = AXIS2_PLACEMENT_3D('',#3395,#3396,#3397);
#3395 = CARTESIAN_POINT('',(-0.1,-2.24,0.2));
#3396 = DIRECTION('',(1.110223024625E-16,1.,0.));
#3397 = DIRECTION('',(0.,0.,-1.));
#3398 = ADVANCED_FACE('',(#3399),#3410,.T.);
#3399 = FACE_BOUND('',#3400,.T.);
#3400 = EDGE_LOOP('',(#3401,#3407,#3408,#3409));
#3401 = ORIENTED_EDGE('',*,*,#3402,.T.);
#3402 = EDGE_CURVE('',#2716,#2652,#3403,.T.);
#3403 = LINE('',#3404,#3405);
#3404 = CARTESIAN_POINT('',(-0.1,-0.3,-2.5));
#3405 = VECTOR('',#3406,1.);
#3406 = DIRECTION('',(1.,-1.110223024625E-16,0.));
#3407 = ORIENTED_EDGE('',*,*,#2651,.T.);
#3408 = ORIENTED_EDGE('',*,*,#2636,.F.);
#3409 = ORIENTED_EDGE('',*,*,#2715,.F.);
#3410 = PLANE('',#3411);
#3411 = AXIS2_PLACEMENT_3D('',#3412,#3413,#3414);
#3412 = CARTESIAN_POINT('',(-0.1,-0.3,-2.5));
#3413 = DIRECTION('',(-1.110223024625E-16,-1.,0.));
#3414 = DIRECTION('',(0.,0.,1.));
#3415 = ADVANCED_FACE('',(#3416),#3427,.T.);
#3416 = FACE_BOUND('',#3417,.T.);
#3417 = EDGE_LOOP('',(#3418,#3424,#3425,#3426));
#3418 = ORIENTED_EDGE('',*,*,#3419,.T.);
#3419 = EDGE_CURVE('',#2741,#2677,#3420,.T.);
#3420 = LINE('',#3421,#3422);
#3421 = CARTESIAN_POINT('',(-0.1,-0.15,-3.1));
#3422 = VECTOR('',#3423,1.);
#3423 = DIRECTION('',(1.,-1.110223024625E-16,0.));
#3424 = ORIENTED_EDGE('',*,*,#2684,.T.);
#3425 = ORIENTED_EDGE('',*,*,#3402,.F.);
#3426 = ORIENTED_EDGE('',*,*,#2748,.F.);
#3427 = PLANE('',#3428);
#3428 = AXIS2_PLACEMENT_3D('',#3429,#3430,#3431);
#3429 = CARTESIAN_POINT('',(-0.1,-0.15,-3.1));
#3430 = DIRECTION('',(-1.077074540829E-16,-0.970142500145,
    -0.242535625036));
#3431 = DIRECTION('',(-2.692686352073E-17,-0.242535625036,0.970142500145
    ));
#3432 = ADVANCED_FACE('',(#3433),#3444,.T.);
#3433 = FACE_BOUND('',#3434,.T.);
#3434 = EDGE_LOOP('',(#3435,#3441,#3442,#3443));
#3435 = ORIENTED_EDGE('',*,*,#3436,.T.);
#3436 = EDGE_CURVE('',#2733,#2669,#3437,.T.);
#3437 = LINE('',#3438,#3439);
#3438 = CARTESIAN_POINT('',(-0.1,0.15,-3.1));
#3439 = VECTOR('',#3440,1.);
#3440 = DIRECTION('',(1.,-1.110223024625E-16,0.));
#3441 = ORIENTED_EDGE('',*,*,#2676,.T.);
#3442 = ORIENTED_EDGE('',*,*,#3419,.F.);
#3443 = ORIENTED_EDGE('',*,*,#2740,.T.);
#3444 = PLANE('',#3445);
#3445 = AXIS2_PLACEMENT_3D('',#3446,#3447,#3448);
#3446 = CARTESIAN_POINT('',(-0.1,0.15,-3.1));
#3447 = DIRECTION('',(0.,-0.,-1.));
#3448 = DIRECTION('',(-1.110223024625E-16,-1.,0.));
#3449 = ADVANCED_FACE('',(#3450),#3461,.T.);
#3450 = FACE_BOUND('',#3451,.T.);
#3451 = EDGE_LOOP('',(#3452,#3458,#3459,#3460));
#3452 = ORIENTED_EDGE('',*,*,#3453,.T.);
#3453 = EDGE_CURVE('',#2725,#2661,#3454,.T.);
#3454 = LINE('',#3455,#3456);
#3455 = CARTESIAN_POINT('',(-0.1,0.3,-2.5));
#3456 = VECTOR('',#3457,1.);
#3457 = DIRECTION('',(1.,-1.110223024625E-16,0.));
#3458 = ORIENTED_EDGE('',*,*,#2668,.T.);
#3459 = ORIENTED_EDGE('',*,*,#3436,.F.);
#3460 = ORIENTED_EDGE('',*,*,#2732,.F.);
#3461 = PLANE('',#3462);
#3462 = AXIS2_PLACEMENT_3D('',#3463,#3464,#3465);
#3463 = CARTESIAN_POINT('',(-0.1,0.3,-2.5));
#3464 = DIRECTION('',(1.077074540829E-16,0.970142500145,-0.242535625036)
  );
#3465 = DIRECTION('',(-2.692686352073E-17,-0.242535625036,
    -0.970142500145));
#3466 = ADVANCED_FACE('',(#3467),#3473,.T.);
#3467 = FACE_BOUND('',#3468,.T.);
#3468 = EDGE_LOOP('',(#3469,#3470,#3471,#3472));
#3469 = ORIENTED_EDGE('',*,*,#2698,.T.);
#3470 = ORIENTED_EDGE('',*,*,#2660,.T.);
#3471 = ORIENTED_EDGE('',*,*,#3453,.F.);
#3472 = ORIENTED_EDGE('',*,*,#2724,.F.);
#3473 = PLANE('',#3474);
#3474 = AXIS2_PLACEMENT_3D('',#3475,#3476,#3477);
#3475 = CARTESIAN_POINT('',(-0.1,0.3,0.2));
#3476 = DIRECTION('',(1.110223024625E-16,1.,0.));
#3477 = DIRECTION('',(0.,0.,-1.));
#3478 = ADVANCED_FACE('',(#3479),#3490,.T.);
#3479 = FACE_BOUND('',#3480,.T.);
#3480 = EDGE_LOOP('',(#3481,#3482,#3483,#3484));
#3481 = ORIENTED_EDGE('',*,*,#2907,.T.);
#3482 = ORIENTED_EDGE('',*,*,#2770,.T.);
#3483 = ORIENTED_EDGE('',*,*,#2795,.T.);
#3484 = ORIENTED_EDGE('',*,*,#3485,.T.);
#3485 = EDGE_CURVE('',#2796,#2900,#3486,.T.);
#3486 = LINE('',#3487,#3488);
#3487 = CARTESIAN_POINT('',(0.1,-5.08,0.9));
#3488 = VECTOR('',#3489,1.);
#3489 = DIRECTION('',(-1.110223024625E-16,-1.,0.));
#3490 = PLANE('',#3491);
#3491 = AXIS2_PLACEMENT_3D('',#3492,#3493,#3494);
#3492 = CARTESIAN_POINT('',(-6.461035410391E-16,-5.08,0.9));
#3493 = DIRECTION('',(0.,0.,1.));
#3494 = DIRECTION('',(1.110223024625E-16,1.,-0.));
#3495 = ADVANCED_FACE('',(#3496),#3507,.T.);
#3496 = FACE_BOUND('',#3497,.T.);
#3497 = EDGE_LOOP('',(#3498,#3499,#3505,#3506));
#3498 = ORIENTED_EDGE('',*,*,#2875,.T.);
#3499 = ORIENTED_EDGE('',*,*,#3500,.F.);
#3500 = EDGE_CURVE('',#2820,#2876,#3501,.T.);
#3501 = LINE('',#3502,#3503);
#3502 = CARTESIAN_POINT('',(-0.1,-5.08,0.9));
#3503 = VECTOR('',#3504,1.);
#3504 = DIRECTION('',(-1.110223024625E-16,-1.,0.));
#3505 = ORIENTED_EDGE('',*,*,#2827,.T.);
#3506 = ORIENTED_EDGE('',*,*,#2850,.T.);
#3507 = PLANE('',#3508);
#3508 = AXIS2_PLACEMENT_3D('',#3509,#3510,#3511);
#3509 = CARTESIAN_POINT('',(-6.461035410391E-16,-5.08,0.9));
#3510 = DIRECTION('',(0.,0.,1.));
#3511 = DIRECTION('',(1.110223024625E-16,1.,-0.));
#3512 = ADVANCED_FACE('',(#3513),#3556,.T.);
#3513 = FACE_BOUND('',#3514,.T.);
#3514 = EDGE_LOOP('',(#3515,#3516,#3524,#3532,#3540,#3548,#3554,#3555));
#3515 = ORIENTED_EDGE('',*,*,#2883,.F.);
#3516 = ORIENTED_EDGE('',*,*,#3517,.T.);
#3517 = EDGE_CURVE('',#2884,#3518,#3520,.T.);
#3518 = VERTEX_POINT('',#3519);
#3519 = CARTESIAN_POINT('',(-0.1,-5.33,7.35));
#3520 = LINE('',#3521,#3522);
#3521 = CARTESIAN_POINT('',(-0.1,-5.38,7.4));
#3522 = VECTOR('',#3523,1.);
#3523 = DIRECTION('',(7.850462293414E-17,0.707106781187,-0.707106781187)
  );
#3524 = ORIENTED_EDGE('',*,*,#3525,.T.);
#3525 = EDGE_CURVE('',#3518,#3526,#3528,.T.);
#3526 = VERTEX_POINT('',#3527);
#3527 = CARTESIAN_POINT('',(-0.1,-5.33,1.25));
#3528 = LINE('',#3529,#3530);
#3529 = CARTESIAN_POINT('',(-0.1,-5.33,7.35));
#3530 = VECTOR('',#3531,1.);
#3531 = DIRECTION('',(0.,0.,-1.));
#3532 = ORIENTED_EDGE('',*,*,#3533,.T.);
#3533 = EDGE_CURVE('',#3526,#3534,#3536,.T.);
#3534 = VERTEX_POINT('',#3535);
#3535 = CARTESIAN_POINT('',(-0.1,-4.83,1.25));
#3536 = LINE('',#3537,#3538);
#3537 = CARTESIAN_POINT('',(-0.1,-5.33,1.25));
#3538 = VECTOR('',#3539,1.);
#3539 = DIRECTION('',(1.110223024625E-16,1.,0.));
#3540 = ORIENTED_EDGE('',*,*,#3541,.T.);
#3541 = EDGE_CURVE('',#3534,#3542,#3544,.T.);
#3542 = VERTEX_POINT('',#3543);
#3543 = CARTESIAN_POINT('',(-0.1,-4.83,7.35));
#3544 = LINE('',#3545,#3546);
#3545 = CARTESIAN_POINT('',(-0.1,-4.83,1.25));
#3546 = VECTOR('',#3547,1.);
#3547 = DIRECTION('',(0.,0.,1.));
#3548 = ORIENTED_EDGE('',*,*,#3549,.T.);
#3549 = EDGE_CURVE('',#3542,#2812,#3550,.T.);
#3550 = LINE('',#3551,#3552);
#3551 = CARTESIAN_POINT('',(-0.1,-4.83,7.35));
#3552 = VECTOR('',#3553,1.);
#3553 = DIRECTION('',(7.850462293414E-17,0.707106781187,0.707106781187)
  );
#3554 = ORIENTED_EDGE('',*,*,#2819,.F.);
#3555 = ORIENTED_EDGE('',*,*,#3500,.T.);
#3556 = PLANE('',#3557);
#3557 = AXIS2_PLACEMENT_3D('',#3558,#3559,#3560);
#3558 = CARTESIAN_POINT('',(-0.1,-5.08,3.911477598424));
#3559 = DIRECTION('',(-1.,1.110223024625E-16,0.));
#3560 = DIRECTION('',(0.,0.,1.));
#3561 = ADVANCED_FACE('',(#3562),#3580,.T.);
#3562 = FACE_BOUND('',#3563,.T.);
#3563 = EDGE_LOOP('',(#3564,#3572,#3578,#3579));
#3564 = ORIENTED_EDGE('',*,*,#3565,.T.);
#3565 = EDGE_CURVE('',#3542,#3566,#3568,.T.);
#3566 = VERTEX_POINT('',#3567);
#3567 = CARTESIAN_POINT('',(0.1,-4.83,7.35));
#3568 = LINE('',#3569,#3570);
#3569 = CARTESIAN_POINT('',(-0.1,-4.83,7.35));
#3570 = VECTOR('',#3571,1.);
#3571 = DIRECTION('',(1.,-1.110223024625E-16,0.));
#3572 = ORIENTED_EDGE('',*,*,#3573,.T.);
#3573 = EDGE_CURVE('',#3566,#2804,#3574,.T.);
#3574 = LINE('',#3575,#3576);
#3575 = CARTESIAN_POINT('',(0.1,-4.83,7.35));
#3576 = VECTOR('',#3577,1.);
#3577 = DIRECTION('',(7.850462293414E-17,0.707106781187,0.707106781187)
  );
#3578 = ORIENTED_EDGE('',*,*,#2811,.F.);
#3579 = ORIENTED_EDGE('',*,*,#3549,.F.);
#3580 = PLANE('',#3581);
#3581 = AXIS2_PLACEMENT_3D('',#3582,#3583,#3584);
#3582 = CARTESIAN_POINT('',(-0.1,-4.83,7.35));
#3583 = DIRECTION('',(-7.850462293414E-17,-0.707106781187,0.707106781187
    ));
#3584 = DIRECTION('',(7.850462293414E-17,0.707106781187,0.707106781187)
  );
#3585 = ADVANCED_FACE('',(#3586),#3622,.F.);
#3586 = FACE_BOUND('',#3587,.F.);
#3587 = EDGE_LOOP('',(#3588,#3589,#3597,#3605,#3613,#3619,#3620,#3621));
#3588 = ORIENTED_EDGE('',*,*,#2899,.F.);
#3589 = ORIENTED_EDGE('',*,*,#3590,.T.);
#3590 = EDGE_CURVE('',#2892,#3591,#3593,.T.);
#3591 = VERTEX_POINT('',#3592);
#3592 = CARTESIAN_POINT('',(0.1,-5.33,7.35));
#3593 = LINE('',#3594,#3595);
#3594 = CARTESIAN_POINT('',(0.1,-5.38,7.4));
#3595 = VECTOR('',#3596,1.);
#3596 = DIRECTION('',(7.850462293414E-17,0.707106781187,-0.707106781187)
  );
#3597 = ORIENTED_EDGE('',*,*,#3598,.T.);
#3598 = EDGE_CURVE('',#3591,#3599,#3601,.T.);
#3599 = VERTEX_POINT('',#3600);
#3600 = CARTESIAN_POINT('',(0.1,-5.33,1.25));
#3601 = LINE('',#3602,#3603);
#3602 = CARTESIAN_POINT('',(0.1,-5.33,7.35));
#3603 = VECTOR('',#3604,1.);
#3604 = DIRECTION('',(0.,0.,-1.));
#3605 = ORIENTED_EDGE('',*,*,#3606,.T.);
#3606 = EDGE_CURVE('',#3599,#3607,#3609,.T.);
#3607 = VERTEX_POINT('',#3608);
#3608 = CARTESIAN_POINT('',(0.1,-4.83,1.25));
#3609 = LINE('',#3610,#3611);
#3610 = CARTESIAN_POINT('',(0.1,-5.33,1.25));
#3611 = VECTOR('',#3612,1.);
#3612 = DIRECTION('',(1.110223024625E-16,1.,0.));
#3613 = ORIENTED_EDGE('',*,*,#3614,.T.);
#3614 = EDGE_CURVE('',#3607,#3566,#3615,.T.);
#3615 = LINE('',#3616,#3617);
#3616 = CARTESIAN_POINT('',(0.1,-4.83,1.25));
#3617 = VECTOR('',#3618,1.);
#3618 = DIRECTION('',(0.,0.,1.));
#3619 = ORIENTED_EDGE('',*,*,#3573,.T.);
#3620 = ORIENTED_EDGE('',*,*,#2803,.F.);
#3621 = ORIENTED_EDGE('',*,*,#3485,.T.);
#3622 = PLANE('',#3623);
#3623 = AXIS2_PLACEMENT_3D('',#3624,#3625,#3626);
#3624 = CARTESIAN_POINT('',(0.1,-5.08,3.911477598424));
#3625 = DIRECTION('',(-1.,1.110223024625E-16,0.));
#3626 = DIRECTION('',(0.,0.,1.));
#3627 = ADVANCED_FACE('',(#3628),#3639,.T.);
#3628 = FACE_BOUND('',#3629,.T.);
#3629 = EDGE_LOOP('',(#3630,#3631,#3632,#3638));
#3630 = ORIENTED_EDGE('',*,*,#2891,.T.);
#3631 = ORIENTED_EDGE('',*,*,#3590,.T.);
#3632 = ORIENTED_EDGE('',*,*,#3633,.F.);
#3633 = EDGE_CURVE('',#3518,#3591,#3634,.T.);
#3634 = LINE('',#3635,#3636);
#3635 = CARTESIAN_POINT('',(-0.1,-5.33,7.35));
#3636 = VECTOR('',#3637,1.);
#3637 = DIRECTION('',(1.,-1.110223024625E-16,0.));
#3638 = ORIENTED_EDGE('',*,*,#3517,.F.);
#3639 = PLANE('',#3640);
#3640 = AXIS2_PLACEMENT_3D('',#3641,#3642,#3643);
#3641 = CARTESIAN_POINT('',(-0.1,-5.38,7.4));
#3642 = DIRECTION('',(7.850462293414E-17,0.707106781187,0.707106781187)
  );
#3643 = DIRECTION('',(7.850462293414E-17,0.707106781187,-0.707106781187)
  );
#3644 = ADVANCED_FACE('',(#3645),#3656,.T.);
#3645 = FACE_BOUND('',#3646,.T.);
#3646 = EDGE_LOOP('',(#3647,#3648,#3649,#3650));
#3647 = ORIENTED_EDGE('',*,*,#3067,.T.);
#3648 = ORIENTED_EDGE('',*,*,#2930,.T.);
#3649 = ORIENTED_EDGE('',*,*,#2955,.T.);
#3650 = ORIENTED_EDGE('',*,*,#3651,.T.);
#3651 = EDGE_CURVE('',#2956,#3060,#3652,.T.);
#3652 = LINE('',#3653,#3654);
#3653 = CARTESIAN_POINT('',(0.1,-2.54,0.9));
#3654 = VECTOR('',#3655,1.);
#3655 = DIRECTION('',(-1.110223024625E-16,-1.,0.));
#3656 = PLANE('',#3657);
#3657 = AXIS2_PLACEMENT_3D('',#3658,#3659,#3660);
#3658 = CARTESIAN_POINT('',(-3.641068927844E-16,-2.54,0.9));
#3659 = DIRECTION('',(0.,0.,1.));
#3660 = DIRECTION('',(1.110223024625E-16,1.,-0.));
#3661 = ADVANCED_FACE('',(#3662),#3673,.T.);
#3662 = FACE_BOUND('',#3663,.T.);
#3663 = EDGE_LOOP('',(#3664,#3665,#3671,#3672));
#3664 = ORIENTED_EDGE('',*,*,#3035,.T.);
#3665 = ORIENTED_EDGE('',*,*,#3666,.F.);
#3666 = EDGE_CURVE('',#2980,#3036,#3667,.T.);
#3667 = LINE('',#3668,#3669);
#3668 = CARTESIAN_POINT('',(-0.1,-2.54,0.9));
#3669 = VECTOR('',#3670,1.);
#3670 = DIRECTION('',(-1.110223024625E-16,-1.,0.));
#3671 = ORIENTED_EDGE('',*,*,#2987,.T.);
#3672 = ORIENTED_EDGE('',*,*,#3010,.T.);
#3673 = PLANE('',#3674);
#3674 = AXIS2_PLACEMENT_3D('',#3675,#3676,#3677);
#3675 = CARTESIAN_POINT('',(-3.641068927844E-16,-2.54,0.9));
#3676 = DIRECTION('',(0.,0.,1.));
#3677 = DIRECTION('',(1.110223024625E-16,1.,-0.));
#3678 = ADVANCED_FACE('',(#3679),#3722,.T.);
#3679 = FACE_BOUND('',#3680,.T.);
#3680 = EDGE_LOOP('',(#3681,#3682,#3690,#3698,#3706,#3714,#3720,#3721));
#3681 = ORIENTED_EDGE('',*,*,#3043,.F.);
#3682 = ORIENTED_EDGE('',*,*,#3683,.T.);
#3683 = EDGE_CURVE('',#3044,#3684,#3686,.T.);
#3684 = VERTEX_POINT('',#3685);
#3685 = CARTESIAN_POINT('',(-0.1,-2.79,7.35));
#3686 = LINE('',#3687,#3688);
#3687 = CARTESIAN_POINT('',(-0.1,-2.84,7.4));
#3688 = VECTOR('',#3689,1.);
#3689 = DIRECTION('',(7.850462293414E-17,0.707106781187,-0.707106781187)
  );
#3690 = ORIENTED_EDGE('',*,*,#3691,.T.);
#3691 = EDGE_CURVE('',#3684,#3692,#3694,.T.);
#3692 = VERTEX_POINT('',#3693);
#3693 = CARTESIAN_POINT('',(-0.1,-2.79,1.25));
#3694 = LINE('',#3695,#3696);
#3695 = CARTESIAN_POINT('',(-0.1,-2.79,7.35));
#3696 = VECTOR('',#3697,1.);
#3697 = DIRECTION('',(0.,0.,-1.));
#3698 = ORIENTED_EDGE('',*,*,#3699,.T.);
#3699 = EDGE_CURVE('',#3692,#3700,#3702,.T.);
#3700 = VERTEX_POINT('',#3701);
#3701 = CARTESIAN_POINT('',(-0.1,-2.29,1.25));
#3702 = LINE('',#3703,#3704);
#3703 = CARTESIAN_POINT('',(-0.1,-2.79,1.25));
#3704 = VECTOR('',#3705,1.);
#3705 = DIRECTION('',(1.110223024625E-16,1.,0.));
#3706 = ORIENTED_EDGE('',*,*,#3707,.T.);
#3707 = EDGE_CURVE('',#3700,#3708,#3710,.T.);
#3708 = VERTEX_POINT('',#3709);
#3709 = CARTESIAN_POINT('',(-0.1,-2.29,7.35));
#3710 = LINE('',#3711,#3712);
#3711 = CARTESIAN_POINT('',(-0.1,-2.29,1.25));
#3712 = VECTOR('',#3713,1.);
#3713 = DIRECTION('',(0.,0.,1.));
#3714 = ORIENTED_EDGE('',*,*,#3715,.T.);
#3715 = EDGE_CURVE('',#3708,#2972,#3716,.T.);
#3716 = LINE('',#3717,#3718);
#3717 = CARTESIAN_POINT('',(-0.1,-2.29,7.35));
#3718 = VECTOR('',#3719,1.);
#3719 = DIRECTION('',(7.850462293414E-17,0.707106781187,0.707106781187)
  );
#3720 = ORIENTED_EDGE('',*,*,#2979,.F.);
#3721 = ORIENTED_EDGE('',*,*,#3666,.T.);
#3722 = PLANE('',#3723);
#3723 = AXIS2_PLACEMENT_3D('',#3724,#3725,#3726);
#3724 = CARTESIAN_POINT('',(-0.1,-2.54,3.911477598424));
#3725 = DIRECTION('',(-1.,1.110223024625E-16,0.));
#3726 = DIRECTION('',(0.,0.,1.));
#3727 = ADVANCED_FACE('',(#3728),#3746,.T.);
#3728 = FACE_BOUND('',#3729,.T.);
#3729 = EDGE_LOOP('',(#3730,#3738,#3744,#3745));
#3730 = ORIENTED_EDGE('',*,*,#3731,.T.);
#3731 = EDGE_CURVE('',#3708,#3732,#3734,.T.);
#3732 = VERTEX_POINT('',#3733);
#3733 = CARTESIAN_POINT('',(0.1,-2.29,7.35));
#3734 = LINE('',#3735,#3736);
#3735 = CARTESIAN_POINT('',(-0.1,-2.29,7.35));
#3736 = VECTOR('',#3737,1.);
#3737 = DIRECTION('',(1.,-1.110223024625E-16,0.));
#3738 = ORIENTED_EDGE('',*,*,#3739,.T.);
#3739 = EDGE_CURVE('',#3732,#2964,#3740,.T.);
#3740 = LINE('',#3741,#3742);
#3741 = CARTESIAN_POINT('',(0.1,-2.29,7.35));
#3742 = VECTOR('',#3743,1.);
#3743 = DIRECTION('',(7.850462293414E-17,0.707106781187,0.707106781187)
  );
#3744 = ORIENTED_EDGE('',*,*,#2971,.F.);
#3745 = ORIENTED_EDGE('',*,*,#3715,.F.);
#3746 = PLANE('',#3747);
#3747 = AXIS2_PLACEMENT_3D('',#3748,#3749,#3750);
#3748 = CARTESIAN_POINT('',(-0.1,-2.29,7.35));
#3749 = DIRECTION('',(-7.850462293414E-17,-0.707106781187,0.707106781187
    ));
#3750 = DIRECTION('',(7.850462293414E-17,0.707106781187,0.707106781187)
  );
#3751 = ADVANCED_FACE('',(#3752),#3788,.F.);
#3752 = FACE_BOUND('',#3753,.F.);
#3753 = EDGE_LOOP('',(#3754,#3755,#3763,#3771,#3779,#3785,#3786,#3787));
#3754 = ORIENTED_EDGE('',*,*,#3059,.F.);
#3755 = ORIENTED_EDGE('',*,*,#3756,.T.);
#3756 = EDGE_CURVE('',#3052,#3757,#3759,.T.);
#3757 = VERTEX_POINT('',#3758);
#3758 = CARTESIAN_POINT('',(0.1,-2.79,7.35));
#3759 = LINE('',#3760,#3761);
#3760 = CARTESIAN_POINT('',(0.1,-2.84,7.4));
#3761 = VECTOR('',#3762,1.);
#3762 = DIRECTION('',(7.850462293414E-17,0.707106781187,-0.707106781187)
  );
#3763 = ORIENTED_EDGE('',*,*,#3764,.T.);
#3764 = EDGE_CURVE('',#3757,#3765,#3767,.T.);
#3765 = VERTEX_POINT('',#3766);
#3766 = CARTESIAN_POINT('',(0.1,-2.79,1.25));
#3767 = LINE('',#3768,#3769);
#3768 = CARTESIAN_POINT('',(0.1,-2.79,7.35));
#3769 = VECTOR('',#3770,1.);
#3770 = DIRECTION('',(0.,0.,-1.));
#3771 = ORIENTED_EDGE('',*,*,#3772,.T.);
#3772 = EDGE_CURVE('',#3765,#3773,#3775,.T.);
#3773 = VERTEX_POINT('',#3774);
#3774 = CARTESIAN_POINT('',(0.1,-2.29,1.25));
#3775 = LINE('',#3776,#3777);
#3776 = CARTESIAN_POINT('',(0.1,-2.79,1.25));
#3777 = VECTOR('',#3778,1.);
#3778 = DIRECTION('',(1.110223024625E-16,1.,0.));
#3779 = ORIENTED_EDGE('',*,*,#3780,.T.);
#3780 = EDGE_CURVE('',#3773,#3732,#3781,.T.);
#3781 = LINE('',#3782,#3783);
#3782 = CARTESIAN_POINT('',(0.1,-2.29,1.25));
#3783 = VECTOR('',#3784,1.);
#3784 = DIRECTION('',(0.,0.,1.));
#3785 = ORIENTED_EDGE('',*,*,#3739,.T.);
#3786 = ORIENTED_EDGE('',*,*,#2963,.F.);
#3787 = ORIENTED_EDGE('',*,*,#3651,.T.);
#3788 = PLANE('',#3789);
#3789 = AXIS2_PLACEMENT_3D('',#3790,#3791,#3792);
#3790 = CARTESIAN_POINT('',(0.1,-2.54,3.911477598424));
#3791 = DIRECTION('',(-1.,1.110223024625E-16,0.));
#3792 = DIRECTION('',(0.,0.,1.));
#3793 = ADVANCED_FACE('',(#3794),#3805,.T.);
#3794 = FACE_BOUND('',#3795,.T.);
#3795 = EDGE_LOOP('',(#3796,#3797,#3798,#3804));
#3796 = ORIENTED_EDGE('',*,*,#3051,.T.);
#3797 = ORIENTED_EDGE('',*,*,#3756,.T.);
#3798 = ORIENTED_EDGE('',*,*,#3799,.F.);
#3799 = EDGE_CURVE('',#3684,#3757,#3800,.T.);
#3800 = LINE('',#3801,#3802);
#3801 = CARTESIAN_POINT('',(-0.1,-2.79,7.35));
#3802 = VECTOR('',#3803,1.);
#3803 = DIRECTION('',(1.,-1.110223024625E-16,0.));
#3804 = ORIENTED_EDGE('',*,*,#3683,.F.);
#3805 = PLANE('',#3806);
#3806 = AXIS2_PLACEMENT_3D('',#3807,#3808,#3809);
#3807 = CARTESIAN_POINT('',(-0.1,-2.84,7.4));
#3808 = DIRECTION('',(7.850462293414E-17,0.707106781187,0.707106781187)
  );
#3809 = DIRECTION('',(7.850462293414E-17,0.707106781187,-0.707106781187)
  );
#3810 = ADVANCED_FACE('',(#3811),#3822,.T.);
#3811 = FACE_BOUND('',#3812,.T.);
#3812 = EDGE_LOOP('',(#3813,#3814,#3815,#3816));
#3813 = ORIENTED_EDGE('',*,*,#3227,.T.);
#3814 = ORIENTED_EDGE('',*,*,#3090,.T.);
#3815 = ORIENTED_EDGE('',*,*,#3115,.T.);
#3816 = ORIENTED_EDGE('',*,*,#3817,.T.);
#3817 = EDGE_CURVE('',#3116,#3220,#3818,.T.);
#3818 = LINE('',#3819,#3820);
#3819 = CARTESIAN_POINT('',(0.1,-1.110223024625E-17,0.9));
#3820 = VECTOR('',#3821,1.);
#3821 = DIRECTION('',(-1.110223024625E-16,-1.,0.));
#3822 = PLANE('',#3823);
#3823 = AXIS2_PLACEMENT_3D('',#3824,#3825,#3826);
#3824 = CARTESIAN_POINT('',(-8.211024452957E-17,9.116068403433E-33,0.9)
  );
#3825 = DIRECTION('',(0.,0.,1.));
#3826 = DIRECTION('',(1.110223024625E-16,1.,-0.));
#3827 = ADVANCED_FACE('',(#3828),#3839,.T.);
#3828 = FACE_BOUND('',#3829,.T.);
#3829 = EDGE_LOOP('',(#3830,#3831,#3837,#3838));
#3830 = ORIENTED_EDGE('',*,*,#3195,.T.);
#3831 = ORIENTED_EDGE('',*,*,#3832,.F.);
#3832 = EDGE_CURVE('',#3140,#3196,#3833,.T.);
#3833 = LINE('',#3834,#3835);
#3834 = CARTESIAN_POINT('',(-0.1,1.110223024625E-17,0.9));
#3835 = VECTOR('',#3836,1.);
#3836 = DIRECTION('',(-1.110223024625E-16,-1.,0.));
#3837 = ORIENTED_EDGE('',*,*,#3147,.T.);
#3838 = ORIENTED_EDGE('',*,*,#3170,.T.);
#3839 = PLANE('',#3840);
#3840 = AXIS2_PLACEMENT_3D('',#3841,#3842,#3843);
#3841 = CARTESIAN_POINT('',(-8.211024452957E-17,9.116068403433E-33,0.9)
  );
#3842 = DIRECTION('',(0.,0.,1.));
#3843 = DIRECTION('',(1.110223024625E-16,1.,-0.));
#3844 = ADVANCED_FACE('',(#3845),#3888,.T.);
#3845 = FACE_BOUND('',#3846,.T.);
#3846 = EDGE_LOOP('',(#3847,#3848,#3856,#3864,#3872,#3880,#3886,#3887));
#3847 = ORIENTED_EDGE('',*,*,#3203,.F.);
#3848 = ORIENTED_EDGE('',*,*,#3849,.T.);
#3849 = EDGE_CURVE('',#3204,#3850,#3852,.T.);
#3850 = VERTEX_POINT('',#3851);
#3851 = CARTESIAN_POINT('',(-0.1,-0.25,7.35));
#3852 = LINE('',#3853,#3854);
#3853 = CARTESIAN_POINT('',(-0.1,-0.3,7.4));
#3854 = VECTOR('',#3855,1.);
#3855 = DIRECTION('',(7.850462293414E-17,0.707106781187,-0.707106781187)
  );
#3856 = ORIENTED_EDGE('',*,*,#3857,.T.);
#3857 = EDGE_CURVE('',#3850,#3858,#3860,.T.);
#3858 = VERTEX_POINT('',#3859);
#3859 = CARTESIAN_POINT('',(-0.1,-0.25,1.25));
#3860 = LINE('',#3861,#3862);
#3861 = CARTESIAN_POINT('',(-0.1,-0.25,7.35));
#3862 = VECTOR('',#3863,1.);
#3863 = DIRECTION('',(0.,0.,-1.));
#3864 = ORIENTED_EDGE('',*,*,#3865,.T.);
#3865 = EDGE_CURVE('',#3858,#3866,#3868,.T.);
#3866 = VERTEX_POINT('',#3867);
#3867 = CARTESIAN_POINT('',(-0.1,0.25,1.25));
#3868 = LINE('',#3869,#3870);
#3869 = CARTESIAN_POINT('',(-0.1,-0.25,1.25));
#3870 = VECTOR('',#3871,1.);
#3871 = DIRECTION('',(1.110223024625E-16,1.,0.));
#3872 = ORIENTED_EDGE('',*,*,#3873,.T.);
#3873 = EDGE_CURVE('',#3866,#3874,#3876,.T.);
#3874 = VERTEX_POINT('',#3875);
#3875 = CARTESIAN_POINT('',(-0.1,0.25,7.35));
#3876 = LINE('',#3877,#3878);
#3877 = CARTESIAN_POINT('',(-0.1,0.25,1.25));
#3878 = VECTOR('',#3879,1.);
#3879 = DIRECTION('',(0.,0.,1.));
#3880 = ORIENTED_EDGE('',*,*,#3881,.T.);
#3881 = EDGE_CURVE('',#3874,#3132,#3882,.T.);
#3882 = LINE('',#3883,#3884);
#3883 = CARTESIAN_POINT('',(-0.1,0.25,7.35));
#3884 = VECTOR('',#3885,1.);
#3885 = DIRECTION('',(7.850462293414E-17,0.707106781187,0.707106781187)
  );
#3886 = ORIENTED_EDGE('',*,*,#3139,.F.);
#3887 = ORIENTED_EDGE('',*,*,#3832,.T.);
#3888 = PLANE('',#3889);
#3889 = AXIS2_PLACEMENT_3D('',#3890,#3891,#3892);
#3890 = CARTESIAN_POINT('',(-0.1,1.110223024625E-17,3.911477598424));
#3891 = DIRECTION('',(-1.,1.110223024625E-16,0.));
#3892 = DIRECTION('',(0.,0.,1.));
#3893 = ADVANCED_FACE('',(#3894),#3912,.T.);
#3894 = FACE_BOUND('',#3895,.T.);
#3895 = EDGE_LOOP('',(#3896,#3904,#3910,#3911));
#3896 = ORIENTED_EDGE('',*,*,#3897,.T.);
#3897 = EDGE_CURVE('',#3874,#3898,#3900,.T.);
#3898 = VERTEX_POINT('',#3899);
#3899 = CARTESIAN_POINT('',(0.1,0.25,7.35));
#3900 = LINE('',#3901,#3902);
#3901 = CARTESIAN_POINT('',(-0.1,0.25,7.35));
#3902 = VECTOR('',#3903,1.);
#3903 = DIRECTION('',(1.,-1.110223024625E-16,0.));
#3904 = ORIENTED_EDGE('',*,*,#3905,.T.);
#3905 = EDGE_CURVE('',#3898,#3124,#3906,.T.);
#3906 = LINE('',#3907,#3908);
#3907 = CARTESIAN_POINT('',(0.1,0.25,7.35));
#3908 = VECTOR('',#3909,1.);
#3909 = DIRECTION('',(7.850462293414E-17,0.707106781187,0.707106781187)
  );
#3910 = ORIENTED_EDGE('',*,*,#3131,.F.);
#3911 = ORIENTED_EDGE('',*,*,#3881,.F.);
#3912 = PLANE('',#3913);
#3913 = AXIS2_PLACEMENT_3D('',#3914,#3915,#3916);
#3914 = CARTESIAN_POINT('',(-0.1,0.25,7.35));
#3915 = DIRECTION('',(-7.850462293414E-17,-0.707106781187,0.707106781187
    ));
#3916 = DIRECTION('',(7.850462293414E-17,0.707106781187,0.707106781187)
  );
#3917 = ADVANCED_FACE('',(#3918),#3954,.F.);
#3918 = FACE_BOUND('',#3919,.F.);
#3919 = EDGE_LOOP('',(#3920,#3921,#3929,#3937,#3945,#3951,#3952,#3953));
#3920 = ORIENTED_EDGE('',*,*,#3219,.F.);
#3921 = ORIENTED_EDGE('',*,*,#3922,.T.);
#3922 = EDGE_CURVE('',#3212,#3923,#3925,.T.);
#3923 = VERTEX_POINT('',#3924);
#3924 = CARTESIAN_POINT('',(0.1,-0.25,7.35));
#3925 = LINE('',#3926,#3927);
#3926 = CARTESIAN_POINT('',(0.1,-0.3,7.4));
#3927 = VECTOR('',#3928,1.);
#3928 = DIRECTION('',(7.850462293414E-17,0.707106781187,-0.707106781187)
  );
#3929 = ORIENTED_EDGE('',*,*,#3930,.T.);
#3930 = EDGE_CURVE('',#3923,#3931,#3933,.T.);
#3931 = VERTEX_POINT('',#3932);
#3932 = CARTESIAN_POINT('',(0.1,-0.25,1.25));
#3933 = LINE('',#3934,#3935);
#3934 = CARTESIAN_POINT('',(0.1,-0.25,7.35));
#3935 = VECTOR('',#3936,1.);
#3936 = DIRECTION('',(0.,0.,-1.));
#3937 = ORIENTED_EDGE('',*,*,#3938,.T.);
#3938 = EDGE_CURVE('',#3931,#3939,#3941,.T.);
#3939 = VERTEX_POINT('',#3940);
#3940 = CARTESIAN_POINT('',(0.1,0.25,1.25));
#3941 = LINE('',#3942,#3943);
#3942 = CARTESIAN_POINT('',(0.1,-0.25,1.25));
#3943 = VECTOR('',#3944,1.);
#3944 = DIRECTION('',(1.110223024625E-16,1.,0.));
#3945 = ORIENTED_EDGE('',*,*,#3946,.T.);
#3946 = EDGE_CURVE('',#3939,#3898,#3947,.T.);
#3947 = LINE('',#3948,#3949);
#3948 = CARTESIAN_POINT('',(0.1,0.25,1.25));
#3949 = VECTOR('',#3950,1.);
#3950 = DIRECTION('',(0.,0.,1.));
#3951 = ORIENTED_EDGE('',*,*,#3905,.T.);
#3952 = ORIENTED_EDGE('',*,*,#3123,.F.);
#3953 = ORIENTED_EDGE('',*,*,#3817,.T.);
#3954 = PLANE('',#3955);
#3955 = AXIS2_PLACEMENT_3D('',#3956,#3957,#3958);
#3956 = CARTESIAN_POINT('',(0.1,-1.110223024625E-17,3.911477598424));
#3957 = DIRECTION('',(-1.,1.110223024625E-16,0.));
#3958 = DIRECTION('',(0.,0.,1.));
#3959 = ADVANCED_FACE('',(#3960),#3971,.T.);
#3960 = FACE_BOUND('',#3961,.T.);
#3961 = EDGE_LOOP('',(#3962,#3963,#3964,#3970));
#3962 = ORIENTED_EDGE('',*,*,#3211,.T.);
#3963 = ORIENTED_EDGE('',*,*,#3922,.T.);
#3964 = ORIENTED_EDGE('',*,*,#3965,.F.);
#3965 = EDGE_CURVE('',#3850,#3923,#3966,.T.);
#3966 = LINE('',#3967,#3968);
#3967 = CARTESIAN_POINT('',(-0.1,-0.25,7.35));
#3968 = VECTOR('',#3969,1.);
#3969 = DIRECTION('',(1.,-1.110223024625E-16,0.));
#3970 = ORIENTED_EDGE('',*,*,#3849,.F.);
#3971 = PLANE('',#3972);
#3972 = AXIS2_PLACEMENT_3D('',#3973,#3974,#3975);
#3973 = CARTESIAN_POINT('',(-0.1,-0.3,7.4));
#3974 = DIRECTION('',(7.850462293414E-17,0.707106781187,0.707106781187)
  );
#3975 = DIRECTION('',(7.850462293414E-17,0.707106781187,-0.707106781187)
  );
#3976 = ADVANCED_FACE('',(#3977),#3988,.T.);
#3977 = FACE_BOUND('',#3978,.T.);
#3978 = EDGE_LOOP('',(#3979,#3985,#3986,#3987));
#3979 = ORIENTED_EDGE('',*,*,#3980,.T.);
#3980 = EDGE_CURVE('',#3534,#3607,#3981,.T.);
#3981 = LINE('',#3982,#3983);
#3982 = CARTESIAN_POINT('',(-0.1,-4.83,1.25));
#3983 = VECTOR('',#3984,1.);
#3984 = DIRECTION('',(1.,-1.110223024625E-16,0.));
#3985 = ORIENTED_EDGE('',*,*,#3614,.T.);
#3986 = ORIENTED_EDGE('',*,*,#3565,.F.);
#3987 = ORIENTED_EDGE('',*,*,#3541,.F.);
#3988 = PLANE('',#3989);
#3989 = AXIS2_PLACEMENT_3D('',#3990,#3991,#3992);
#3990 = CARTESIAN_POINT('',(-0.1,-4.83,1.25));
#3991 = DIRECTION('',(-1.110223024625E-16,-1.,0.));
#3992 = DIRECTION('',(0.,0.,1.));
#3993 = ADVANCED_FACE('',(#3994),#4005,.T.);
#3994 = FACE_BOUND('',#3995,.T.);
#3995 = EDGE_LOOP('',(#3996,#4002,#4003,#4004));
#3996 = ORIENTED_EDGE('',*,*,#3997,.T.);
#3997 = EDGE_CURVE('',#3526,#3599,#3998,.T.);
#3998 = LINE('',#3999,#4000);
#3999 = CARTESIAN_POINT('',(-0.1,-5.33,1.25));
#4000 = VECTOR('',#4001,1.);
#4001 = DIRECTION('',(1.,-1.110223024625E-16,0.));
#4002 = ORIENTED_EDGE('',*,*,#3606,.T.);
#4003 = ORIENTED_EDGE('',*,*,#3980,.F.);
#4004 = ORIENTED_EDGE('',*,*,#3533,.F.);
#4005 = PLANE('',#4006);
#4006 = AXIS2_PLACEMENT_3D('',#4007,#4008,#4009);
#4007 = CARTESIAN_POINT('',(-0.1,-5.33,1.25));
#4008 = DIRECTION('',(0.,0.,1.));
#4009 = DIRECTION('',(1.110223024625E-16,1.,-0.));
#4010 = ADVANCED_FACE('',(#4011),#4017,.T.);
#4011 = FACE_BOUND('',#4012,.T.);
#4012 = EDGE_LOOP('',(#4013,#4014,#4015,#4016));
#4013 = ORIENTED_EDGE('',*,*,#3633,.T.);
#4014 = ORIENTED_EDGE('',*,*,#3598,.T.);
#4015 = ORIENTED_EDGE('',*,*,#3997,.F.);
#4016 = ORIENTED_EDGE('',*,*,#3525,.F.);
#4017 = PLANE('',#4018);
#4018 = AXIS2_PLACEMENT_3D('',#4019,#4020,#4021);
#4019 = CARTESIAN_POINT('',(-0.1,-5.33,7.35));
#4020 = DIRECTION('',(1.110223024625E-16,1.,0.));
#4021 = DIRECTION('',(0.,0.,-1.));
#4022 = ADVANCED_FACE('',(#4023),#4034,.T.);
#4023 = FACE_BOUND('',#4024,.T.);
#4024 = EDGE_LOOP('',(#4025,#4031,#4032,#4033));
#4025 = ORIENTED_EDGE('',*,*,#4026,.T.);
#4026 = EDGE_CURVE('',#3700,#3773,#4027,.T.);
#4027 = LINE('',#4028,#4029);
#4028 = CARTESIAN_POINT('',(-0.1,-2.29,1.25));
#4029 = VECTOR('',#4030,1.);
#4030 = DIRECTION('',(1.,-1.110223024625E-16,0.));
#4031 = ORIENTED_EDGE('',*,*,#3780,.T.);
#4032 = ORIENTED_EDGE('',*,*,#3731,.F.);
#4033 = ORIENTED_EDGE('',*,*,#3707,.F.);
#4034 = PLANE('',#4035);
#4035 = AXIS2_PLACEMENT_3D('',#4036,#4037,#4038);
#4036 = CARTESIAN_POINT('',(-0.1,-2.29,1.25));
#4037 = DIRECTION('',(-1.110223024625E-16,-1.,0.));
#4038 = DIRECTION('',(0.,0.,1.));
#4039 = ADVANCED_FACE('',(#4040),#4051,.T.);
#4040 = FACE_BOUND('',#4041,.T.);
#4041 = EDGE_LOOP('',(#4042,#4048,#4049,#4050));
#4042 = ORIENTED_EDGE('',*,*,#4043,.T.);
#4043 = EDGE_CURVE('',#3692,#3765,#4044,.T.);
#4044 = LINE('',#4045,#4046);
#4045 = CARTESIAN_POINT('',(-0.1,-2.79,1.25));
#4046 = VECTOR('',#4047,1.);
#4047 = DIRECTION('',(1.,-1.110223024625E-16,0.));
#4048 = ORIENTED_EDGE('',*,*,#3772,.T.);
#4049 = ORIENTED_EDGE('',*,*,#4026,.F.);
#4050 = ORIENTED_EDGE('',*,*,#3699,.F.);
#4051 = PLANE('',#4052);
#4052 = AXIS2_PLACEMENT_3D('',#4053,#4054,#4055);
#4053 = CARTESIAN_POINT('',(-0.1,-2.79,1.25));
#4054 = DIRECTION('',(0.,0.,1.));
#4055 = DIRECTION('',(1.110223024625E-16,1.,-0.));
#4056 = ADVANCED_FACE('',(#4057),#4063,.T.);
#4057 = FACE_BOUND('',#4058,.T.);
#4058 = EDGE_LOOP('',(#4059,#4060,#4061,#4062));
#4059 = ORIENTED_EDGE('',*,*,#3799,.T.);
#4060 = ORIENTED_EDGE('',*,*,#3764,.T.);
#4061 = ORIENTED_EDGE('',*,*,#4043,.F.);
#4062 = ORIENTED_EDGE('',*,*,#3691,.F.);
#4063 = PLANE('',#4064);
#4064 = AXIS2_PLACEMENT_3D('',#4065,#4066,#4067);
#4065 = CARTESIAN_POINT('',(-0.1,-2.79,7.35));
#4066 = DIRECTION('',(1.110223024625E-16,1.,0.));
#4067 = DIRECTION('',(0.,0.,-1.));
#4068 = ADVANCED_FACE('',(#4069),#4080,.T.);
#4069 = FACE_BOUND('',#4070,.T.);
#4070 = EDGE_LOOP('',(#4071,#4077,#4078,#4079));
#4071 = ORIENTED_EDGE('',*,*,#4072,.T.);
#4072 = EDGE_CURVE('',#3866,#3939,#4073,.T.);
#4073 = LINE('',#4074,#4075);
#4074 = CARTESIAN_POINT('',(-0.1,0.25,1.25));
#4075 = VECTOR('',#4076,1.);
#4076 = DIRECTION('',(1.,-1.110223024625E-16,0.));
#4077 = ORIENTED_EDGE('',*,*,#3946,.T.);
#4078 = ORIENTED_EDGE('',*,*,#3897,.F.);
#4079 = ORIENTED_EDGE('',*,*,#3873,.F.);
#4080 = PLANE('',#4081);
#4081 = AXIS2_PLACEMENT_3D('',#4082,#4083,#4084);
#4082 = CARTESIAN_POINT('',(-0.1,0.25,1.25));
#4083 = DIRECTION('',(-1.110223024625E-16,-1.,0.));
#4084 = DIRECTION('',(0.,0.,1.));
#4085 = ADVANCED_FACE('',(#4086),#4097,.T.);
#4086 = FACE_BOUND('',#4087,.T.);
#4087 = EDGE_LOOP('',(#4088,#4094,#4095,#4096));
#4088 = ORIENTED_EDGE('',*,*,#4089,.T.);
#4089 = EDGE_CURVE('',#3858,#3931,#4090,.T.);
#4090 = LINE('',#4091,#4092);
#4091 = CARTESIAN_POINT('',(-0.1,-0.25,1.25));
#4092 = VECTOR('',#4093,1.);
#4093 = DIRECTION('',(1.,-1.110223024625E-16,0.));
#4094 = ORIENTED_EDGE('',*,*,#3938,.T.);
#4095 = ORIENTED_EDGE('',*,*,#4072,.F.);
#4096 = ORIENTED_EDGE('',*,*,#3865,.F.);
#4097 = PLANE('',#4098);
#4098 = AXIS2_PLACEMENT_3D('',#4099,#4100,#4101);
#4099 = CARTESIAN_POINT('',(-0.1,-0.25,1.25));
#4100 = DIRECTION('',(0.,0.,1.));
#4101 = DIRECTION('',(1.110223024625E-16,1.,-0.));
#4102 = ADVANCED_FACE('',(#4103),#4109,.T.);
#4103 = FACE_BOUND('',#4104,.T.);
#4104 = EDGE_LOOP('',(#4105,#4106,#4107,#4108));
#4105 = ORIENTED_EDGE('',*,*,#3965,.T.);
#4106 = ORIENTED_EDGE('',*,*,#3930,.T.);
#4107 = ORIENTED_EDGE('',*,*,#4089,.F.);
#4108 = ORIENTED_EDGE('',*,*,#3857,.F.);
#4109 = PLANE('',#4110);
#4110 = AXIS2_PLACEMENT_3D('',#4111,#4112,#4113);
#4111 = CARTESIAN_POINT('',(-0.1,-0.25,7.35));
#4112 = DIRECTION('',(1.110223024625E-16,1.,0.));
#4113 = DIRECTION('',(0.,0.,-1.));
#4114 = ( GEOMETRIC_REPRESENTATION_CONTEXT(3) 
GLOBAL_UNCERTAINTY_ASSIGNED_CONTEXT((#4118)) 
GLOBAL_UNIT_ASSIGNED_CONTEXT((#4115,#4116,#4117)) REPRESENTATION_CONTEXT
('Context #1','3D Context with UNIT and UNCERTAINTY') );
#4115 = ( LENGTH_UNIT() NAMED_UNIT(*) SI_UNIT(.MILLI.,.METRE.) );
#4116 = ( NAMED_UNIT(*) PLANE_ANGLE_UNIT() SI_UNIT($,.RADIAN.) );
#4117 = ( NAMED_UNIT(*) SI_UNIT($,.STERADIAN.) SOLID_ANGLE_UNIT() );
#4118 = UNCERTAINTY_MEASURE_WITH_UNIT(LENGTH_MEASURE(1.E-07),#4115,
  'distance_accuracy_value','confusion accuracy');
#4119 = CONTEXT_DEPENDENT_SHAPE_REPRESENTATION(#4120,#4122);
#4120 = ( REPRESENTATION_RELATIONSHIP('','',#1503,#10) 
REPRESENTATION_RELATIONSHIP_WITH_TRANSFORMATION(#4121) 
SHAPE_REPRESENTATION_RELATIONSHIP() );
#4121 = ITEM_DEFINED_TRANSFORMATION('','',#11,#19);
#4122 = PRODUCT_DEFINITION_SHAPE('Placement','Placement of an item',
  #4123);
#4123 = NEXT_ASSEMBLY_USAGE_OCCURRENCE('2','J4','',#5,#1498,$);
#4124 = PRODUCT_RELATED_PRODUCT_CATEGORY('part',$,(#1500));
#4125 = SHAPE_DEFINITION_REPRESENTATION(#4126,#4132);
#4126 = PRODUCT_DEFINITION_SHAPE('','',#4127);
#4127 = PRODUCT_DEFINITION('design','',#4128,#4131);
#4128 = PRODUCT_DEFINITION_FORMATION('','',#4129);
#4129 = PRODUCT('PinSocket_1x02_P2.54mm_Vertical',
  'PinSocket_1x02_P2.54mm_Vertical','',(#4130));
#4130 = PRODUCT_CONTEXT('',#2,'mechanical');
#4131 = PRODUCT_DEFINITION_CONTEXT('part definition',#2,'design');
#4132 = ADVANCED_BREP_SHAPE_REPRESENTATION('',(#11,#4133),#5967);
#4133 = MANIFOLD_SOLID_BREP('',#4134);
#4134 = CLOSED_SHELL('',(#4135,#4175,#4238,#4301,#4318,#4403,#4425,#4442
    ,#4591,#4603,#4615,#4646,#4670,#4694,#4711,#4742,#4766,#4790,#4807,
    #4824,#4871,#4888,#4935,#4952,#4999,#5016,#5063,#5094,#5150,#5174,
    #5223,#5254,#5310,#5334,#5383,#5400,#5417,#5434,#5451,#5463,#5480,
    #5497,#5514,#5531,#5543,#5560,#5577,#5626,#5650,#5692,#5709,#5726,
    #5743,#5792,#5816,#5858,#5875,#5892,#5909,#5921,#5938,#5955));
#4135 = ADVANCED_FACE('',(#4136),#4170,.F.);
#4136 = FACE_BOUND('',#4137,.F.);
#4137 = EDGE_LOOP('',(#4138,#4148,#4156,#4164));
#4138 = ORIENTED_EDGE('',*,*,#4139,.T.);
#4139 = EDGE_CURVE('',#4140,#4142,#4144,.T.);
#4140 = VERTEX_POINT('',#4141);
#4141 = CARTESIAN_POINT('',(1.27,-3.81,0.));
#4142 = VERTEX_POINT('',#4143);
#4143 = CARTESIAN_POINT('',(1.27,-3.81,8.5));
#4144 = LINE('',#4145,#4146);
#4145 = CARTESIAN_POINT('',(1.27,-3.81,0.));
#4146 = VECTOR('',#4147,1.);
#4147 = DIRECTION('',(0.,0.,1.));
#4148 = ORIENTED_EDGE('',*,*,#4149,.T.);
#4149 = EDGE_CURVE('',#4142,#4150,#4152,.T.);
#4150 = VERTEX_POINT('',#4151);
#4151 = CARTESIAN_POINT('',(1.27,1.27,8.5));
#4152 = LINE('',#4153,#4154);
#4153 = CARTESIAN_POINT('',(1.27,-3.81,8.5));
#4154 = VECTOR('',#4155,1.);
#4155 = DIRECTION('',(1.110223024625E-16,1.,0.));
#4156 = ORIENTED_EDGE('',*,*,#4157,.F.);
#4157 = EDGE_CURVE('',#4158,#4150,#4160,.T.);
#4158 = VERTEX_POINT('',#4159);
#4159 = CARTESIAN_POINT('',(1.27,1.27,0.));
#4160 = LINE('',#4161,#4162);
#4161 = CARTESIAN_POINT('',(1.27,1.27,0.));
#4162 = VECTOR('',#4163,1.);
#4163 = DIRECTION('',(0.,0.,1.));
#4164 = ORIENTED_EDGE('',*,*,#4165,.F.);
#4165 = EDGE_CURVE('',#4140,#4158,#4166,.T.);
#4166 = LINE('',#4167,#4168);
#4167 = CARTESIAN_POINT('',(1.27,-3.81,0.));
#4168 = VECTOR('',#4169,1.);
#4169 = DIRECTION('',(1.110223024625E-16,1.,0.));
#4170 = PLANE('',#4171);
#4171 = AXIS2_PLACEMENT_3D('',#4172,#4173,#4174);
#4172 = CARTESIAN_POINT('',(1.27,-3.81,0.));
#4173 = DIRECTION('',(-1.,1.110223024625E-16,0.));
#4174 = DIRECTION('',(1.110223024625E-16,1.,0.));
#4175 = ADVANCED_FACE('',(#4176),#4233,.F.);
#4176 = FACE_BOUND('',#4177,.F.);
#4177 = EDGE_LOOP('',(#4178,#4188,#4196,#4202,#4203,#4211,#4219,#4227));
#4178 = ORIENTED_EDGE('',*,*,#4179,.F.);
#4179 = EDGE_CURVE('',#4180,#4182,#4184,.T.);
#4180 = VERTEX_POINT('',#4181);
#4181 = CARTESIAN_POINT('',(-1.27,-3.81,0.));
#4182 = VERTEX_POINT('',#4183);
#4183 = CARTESIAN_POINT('',(-0.846666666667,-3.81,0.));
#4184 = LINE('',#4185,#4186);
#4185 = CARTESIAN_POINT('',(-1.27,-3.81,0.));
#4186 = VECTOR('',#4187,1.);
#4187 = DIRECTION('',(1.,-1.110223024625E-16,0.));
#4188 = ORIENTED_EDGE('',*,*,#4189,.T.);
#4189 = EDGE_CURVE('',#4180,#4190,#4192,.T.);
#4190 = VERTEX_POINT('',#4191);
#4191 = CARTESIAN_POINT('',(-1.27,-3.81,8.5));
#4192 = LINE('',#4193,#4194);
#4193 = CARTESIAN_POINT('',(-1.27,-3.81,0.));
#4194 = VECTOR('',#4195,1.);
#4195 = DIRECTION('',(0.,0.,1.));
#4196 = ORIENTED_EDGE('',*,*,#4197,.T.);
#4197 = EDGE_CURVE('',#4190,#4142,#4198,.T.);
#4198 = LINE('',#4199,#4200);
#4199 = CARTESIAN_POINT('',(-1.27,-3.81,8.5));
#4200 = VECTOR('',#4201,1.);
#4201 = DIRECTION('',(1.,-1.110223024625E-16,0.));
#4202 = ORIENTED_EDGE('',*,*,#4139,.F.);
#4203 = ORIENTED_EDGE('',*,*,#4204,.F.);
#4204 = EDGE_CURVE('',#4205,#4140,#4207,.T.);
#4205 = VERTEX_POINT('',#4206);
#4206 = CARTESIAN_POINT('',(0.846666666667,-3.81,0.));
#4207 = LINE('',#4208,#4209);
#4208 = CARTESIAN_POINT('',(-1.27,-3.81,0.));
#4209 = VECTOR('',#4210,1.);
#4210 = DIRECTION('',(1.,-1.110223024625E-16,0.));
#4211 = ORIENTED_EDGE('',*,*,#4212,.T.);
#4212 = EDGE_CURVE('',#4205,#4213,#4215,.T.);
#4213 = VERTEX_POINT('',#4214);
#4214 = CARTESIAN_POINT('',(0.846666666667,-3.81,0.2));
#4215 = LINE('',#4216,#4217);
#4216 = CARTESIAN_POINT('',(0.846666666667,-3.81,0.));
#4217 = VECTOR('',#4218,1.);
#4218 = DIRECTION('',(0.,0.,1.));
#4219 = ORIENTED_EDGE('',*,*,#4220,.F.);
#4220 = EDGE_CURVE('',#4221,#4213,#4223,.T.);
#4221 = VERTEX_POINT('',#4222);
#4222 = CARTESIAN_POINT('',(-0.846666666667,-3.81,0.2));
#4223 = LINE('',#4224,#4225);
#4224 = CARTESIAN_POINT('',(-0.846666666667,-3.81,0.2));
#4225 = VECTOR('',#4226,1.);
#4226 = DIRECTION('',(1.,-1.110223024625E-16,0.));
#4227 = ORIENTED_EDGE('',*,*,#4228,.F.);
#4228 = EDGE_CURVE('',#4182,#4221,#4229,.T.);
#4229 = LINE('',#4230,#4231);
#4230 = CARTESIAN_POINT('',(-0.846666666667,-3.81,0.));
#4231 = VECTOR('',#4232,1.);
#4232 = DIRECTION('',(0.,0.,1.));
#4233 = PLANE('',#4234);
#4234 = AXIS2_PLACEMENT_3D('',#4235,#4236,#4237);
#4235 = CARTESIAN_POINT('',(-1.27,-3.81,0.));
#4236 = DIRECTION('',(1.110223024625E-16,1.,0.));
#4237 = DIRECTION('',(1.,-1.110223024625E-16,0.));
#4238 = ADVANCED_FACE('',(#4239),#4296,.F.);
#4239 = FACE_BOUND('',#4240,.F.);
#4240 = EDGE_LOOP('',(#4241,#4249,#4250,#4258,#4266,#4274,#4282,#4290));
#4241 = ORIENTED_EDGE('',*,*,#4242,.F.);
#4242 = EDGE_CURVE('',#4158,#4243,#4245,.T.);
#4243 = VERTEX_POINT('',#4244);
#4244 = CARTESIAN_POINT('',(0.846666666667,1.27,0.));
#4245 = LINE('',#4246,#4247);
#4246 = CARTESIAN_POINT('',(1.27,1.27,0.));
#4247 = VECTOR('',#4248,1.);
#4248 = DIRECTION('',(-1.,1.110223024625E-16,0.));
#4249 = ORIENTED_EDGE('',*,*,#4157,.T.);
#4250 = ORIENTED_EDGE('',*,*,#4251,.T.);
#4251 = EDGE_CURVE('',#4150,#4252,#4254,.T.);
#4252 = VERTEX_POINT('',#4253);
#4253 = CARTESIAN_POINT('',(-1.27,1.27,8.5));
#4254 = LINE('',#4255,#4256);
#4255 = CARTESIAN_POINT('',(1.27,1.27,8.5));
#4256 = VECTOR('',#4257,1.);
#4257 = DIRECTION('',(-1.,1.110223024625E-16,0.));
#4258 = ORIENTED_EDGE('',*,*,#4259,.F.);
#4259 = EDGE_CURVE('',#4260,#4252,#4262,.T.);
#4260 = VERTEX_POINT('',#4261);
#4261 = CARTESIAN_POINT('',(-1.27,1.27,0.));
#4262 = LINE('',#4263,#4264);
#4263 = CARTESIAN_POINT('',(-1.27,1.27,0.));
#4264 = VECTOR('',#4265,1.);
#4265 = DIRECTION('',(0.,0.,1.));
#4266 = ORIENTED_EDGE('',*,*,#4267,.F.);
#4267 = EDGE_CURVE('',#4268,#4260,#4270,.T.);
#4268 = VERTEX_POINT('',#4269);
#4269 = CARTESIAN_POINT('',(-0.846666666667,1.27,0.));
#4270 = LINE('',#4271,#4272);
#4271 = CARTESIAN_POINT('',(1.27,1.27,0.));
#4272 = VECTOR('',#4273,1.);
#4273 = DIRECTION('',(-1.,1.110223024625E-16,0.));
#4274 = ORIENTED_EDGE('',*,*,#4275,.T.);
#4275 = EDGE_CURVE('',#4268,#4276,#4278,.T.);
#4276 = VERTEX_POINT('',#4277);
#4277 = CARTESIAN_POINT('',(-0.846666666667,1.27,0.2));
#4278 = LINE('',#4279,#4280);
#4279 = CARTESIAN_POINT('',(-0.846666666667,1.27,0.));
#4280 = VECTOR('',#4281,1.);
#4281 = DIRECTION('',(0.,0.,1.));
#4282 = ORIENTED_EDGE('',*,*,#4283,.F.);
#4283 = EDGE_CURVE('',#4284,#4276,#4286,.T.);
#4284 = VERTEX_POINT('',#4285);
#4285 = CARTESIAN_POINT('',(0.846666666667,1.27,0.2));
#4286 = LINE('',#4287,#4288);
#4287 = CARTESIAN_POINT('',(0.846666666667,1.27,0.2));
#4288 = VECTOR('',#4289,1.);
#4289 = DIRECTION('',(-1.,1.110223024625E-16,0.));
#4290 = ORIENTED_EDGE('',*,*,#4291,.F.);
#4291 = EDGE_CURVE('',#4243,#4284,#4292,.T.);
#4292 = LINE('',#4293,#4294);
#4293 = CARTESIAN_POINT('',(0.846666666667,1.27,0.));
#4294 = VECTOR('',#4295,1.);
#4295 = DIRECTION('',(0.,0.,1.));
#4296 = PLANE('',#4297);
#4297 = AXIS2_PLACEMENT_3D('',#4298,#4299,#4300);
#4298 = CARTESIAN_POINT('',(1.27,1.27,0.));
#4299 = DIRECTION('',(-1.110223024625E-16,-1.,0.));
#4300 = DIRECTION('',(-1.,1.110223024625E-16,0.));
#4301 = ADVANCED_FACE('',(#4302),#4313,.F.);
#4302 = FACE_BOUND('',#4303,.F.);
#4303 = EDGE_LOOP('',(#4304,#4305,#4306,#4307));
#4304 = ORIENTED_EDGE('',*,*,#4204,.T.);
#4305 = ORIENTED_EDGE('',*,*,#4165,.T.);
#4306 = ORIENTED_EDGE('',*,*,#4242,.T.);
#4307 = ORIENTED_EDGE('',*,*,#4308,.F.);
#4308 = EDGE_CURVE('',#4205,#4243,#4309,.T.);
#4309 = LINE('',#4310,#4311);
#4310 = CARTESIAN_POINT('',(0.846666666667,-3.81,0.));
#4311 = VECTOR('',#4312,1.);
#4312 = DIRECTION('',(1.110223024625E-16,1.,0.));
#4313 = PLANE('',#4314);
#4314 = AXIS2_PLACEMENT_3D('',#4315,#4316,#4317);
#4315 = CARTESIAN_POINT('',(-5.496332464693E-17,-1.27,0.));
#4316 = DIRECTION('',(0.,0.,1.));
#4317 = DIRECTION('',(1.110223024625E-16,1.,-0.));
#4318 = ADVANCED_FACE('',(#4319,#4330,#4364),#4398,.T.);
#4319 = FACE_BOUND('',#4320,.T.);
#4320 = EDGE_LOOP('',(#4321,#4322,#4323,#4329));
#4321 = ORIENTED_EDGE('',*,*,#4149,.T.);
#4322 = ORIENTED_EDGE('',*,*,#4251,.T.);
#4323 = ORIENTED_EDGE('',*,*,#4324,.T.);
#4324 = EDGE_CURVE('',#4252,#4190,#4325,.T.);
#4325 = LINE('',#4326,#4327);
#4326 = CARTESIAN_POINT('',(-1.27,1.27,8.5));
#4327 = VECTOR('',#4328,1.);
#4328 = DIRECTION('',(-1.110223024625E-16,-1.,0.));
#4329 = ORIENTED_EDGE('',*,*,#4197,.T.);
#4330 = FACE_BOUND('',#4331,.T.);
#4331 = EDGE_LOOP('',(#4332,#4342,#4350,#4358));
#4332 = ORIENTED_EDGE('',*,*,#4333,.F.);
#4333 = EDGE_CURVE('',#4334,#4336,#4338,.T.);
#4334 = VERTEX_POINT('',#4335);
#4335 = CARTESIAN_POINT('',(0.6,-3.14,8.5));
#4336 = VERTEX_POINT('',#4337);
#4337 = CARTESIAN_POINT('',(0.6,-1.94,8.5));
#4338 = LINE('',#4339,#4340);
#4339 = CARTESIAN_POINT('',(0.6,-3.14,8.5));
#4340 = VECTOR('',#4341,1.);
#4341 = DIRECTION('',(1.110223024625E-16,1.,0.));
#4342 = ORIENTED_EDGE('',*,*,#4343,.F.);
#4343 = EDGE_CURVE('',#4344,#4334,#4346,.T.);
#4344 = VERTEX_POINT('',#4345);
#4345 = CARTESIAN_POINT('',(-0.6,-3.14,8.5));
#4346 = LINE('',#4347,#4348);
#4347 = CARTESIAN_POINT('',(-0.6,-3.14,8.5));
#4348 = VECTOR('',#4349,1.);
#4349 = DIRECTION('',(1.,-1.110223024625E-16,0.));
#4350 = ORIENTED_EDGE('',*,*,#4351,.F.);
#4351 = EDGE_CURVE('',#4352,#4344,#4354,.T.);
#4352 = VERTEX_POINT('',#4353);
#4353 = CARTESIAN_POINT('',(-0.6,-1.94,8.5));
#4354 = LINE('',#4355,#4356);
#4355 = CARTESIAN_POINT('',(-0.6,-1.94,8.5));
#4356 = VECTOR('',#4357,1.);
#4357 = DIRECTION('',(-1.110223024625E-16,-1.,0.));
#4358 = ORIENTED_EDGE('',*,*,#4359,.F.);
#4359 = EDGE_CURVE('',#4336,#4352,#4360,.T.);
#4360 = LINE('',#4361,#4362);
#4361 = CARTESIAN_POINT('',(0.6,-1.94,8.5));
#4362 = VECTOR('',#4363,1.);
#4363 = DIRECTION('',(-1.,1.110223024625E-16,0.));
#4364 = FACE_BOUND('',#4365,.T.);
#4365 = EDGE_LOOP('',(#4366,#4376,#4384,#4392));
#4366 = ORIENTED_EDGE('',*,*,#4367,.F.);
#4367 = EDGE_CURVE('',#4368,#4370,#4372,.T.);
#4368 = VERTEX_POINT('',#4369);
#4369 = CARTESIAN_POINT('',(0.6,-0.6,8.5));
#4370 = VERTEX_POINT('',#4371);
#4371 = CARTESIAN_POINT('',(0.6,0.6,8.5));
#4372 = LINE('',#4373,#4374);
#4373 = CARTESIAN_POINT('',(0.6,-0.6,8.5));
#4374 = VECTOR('',#4375,1.);
#4375 = DIRECTION('',(1.110223024625E-16,1.,0.));
#4376 = ORIENTED_EDGE('',*,*,#4377,.F.);
#4377 = EDGE_CURVE('',#4378,#4368,#4380,.T.);
#4378 = VERTEX_POINT('',#4379);
#4379 = CARTESIAN_POINT('',(-0.6,-0.6,8.5));
#4380 = LINE('',#4381,#4382);
#4381 = CARTESIAN_POINT('',(-0.6,-0.6,8.5));
#4382 = VECTOR('',#4383,1.);
#4383 = DIRECTION('',(1.,-1.110223024625E-16,0.));
#4384 = ORIENTED_EDGE('',*,*,#4385,.F.);
#4385 = EDGE_CURVE('',#4386,#4378,#4388,.T.);
#4386 = VERTEX_POINT('',#4387);
#4387 = CARTESIAN_POINT('',(-0.6,0.6,8.5));
#4388 = LINE('',#4389,#4390);
#4389 = CARTESIAN_POINT('',(-0.6,0.6,8.5));
#4390 = VECTOR('',#4391,1.);
#4391 = DIRECTION('',(-1.110223024625E-16,-1.,0.));
#4392 = ORIENTED_EDGE('',*,*,#4393,.F.);
#4393 = EDGE_CURVE('',#4370,#4386,#4394,.T.);
#4394 = LINE('',#4395,#4396);
#4395 = CARTESIAN_POINT('',(0.6,0.6,8.5));
#4396 = VECTOR('',#4397,1.);
#4397 = DIRECTION('',(-1.,1.110223024625E-16,0.));
#4398 = PLANE('',#4399);
#4399 = AXIS2_PLACEMENT_3D('',#4400,#4401,#4402);
#4400 = CARTESIAN_POINT('',(-5.496332464693E-17,-1.27,8.5));
#4401 = DIRECTION('',(0.,0.,1.));
#4402 = DIRECTION('',(1.110223024625E-16,1.,-0.));
#4403 = ADVANCED_FACE('',(#4404),#4420,.F.);
#4404 = FACE_BOUND('',#4405,.F.);
#4405 = EDGE_LOOP('',(#4406,#4407,#4413,#4414));
#4406 = ORIENTED_EDGE('',*,*,#4179,.T.);
#4407 = ORIENTED_EDGE('',*,*,#4408,.F.);
#4408 = EDGE_CURVE('',#4268,#4182,#4409,.T.);
#4409 = LINE('',#4410,#4411);
#4410 = CARTESIAN_POINT('',(-0.846666666667,1.27,0.));
#4411 = VECTOR('',#4412,1.);
#4412 = DIRECTION('',(-1.110223024625E-16,-1.,0.));
#4413 = ORIENTED_EDGE('',*,*,#4267,.T.);
#4414 = ORIENTED_EDGE('',*,*,#4415,.T.);
#4415 = EDGE_CURVE('',#4260,#4180,#4416,.T.);
#4416 = LINE('',#4417,#4418);
#4417 = CARTESIAN_POINT('',(-1.27,1.27,0.));
#4418 = VECTOR('',#4419,1.);
#4419 = DIRECTION('',(-1.110223024625E-16,-1.,0.));
#4420 = PLANE('',#4421);
#4421 = AXIS2_PLACEMENT_3D('',#4422,#4423,#4424);
#4422 = CARTESIAN_POINT('',(-5.496332464693E-17,-1.27,0.));
#4423 = DIRECTION('',(0.,0.,1.));
#4424 = DIRECTION('',(1.110223024625E-16,1.,-0.));
#4425 = ADVANCED_FACE('',(#4426),#4437,.T.);
#4426 = FACE_BOUND('',#4427,.T.);
#4427 = EDGE_LOOP('',(#4428,#4429,#4435,#4436));
#4428 = ORIENTED_EDGE('',*,*,#4275,.T.);
#4429 = ORIENTED_EDGE('',*,*,#4430,.T.);
#4430 = EDGE_CURVE('',#4276,#4221,#4431,.T.);
#4431 = LINE('',#4432,#4433);
#4432 = CARTESIAN_POINT('',(-0.846666666667,1.27,0.2));
#4433 = VECTOR('',#4434,1.);
#4434 = DIRECTION('',(-1.110223024625E-16,-1.,0.));
#4435 = ORIENTED_EDGE('',*,*,#4228,.F.);
#4436 = ORIENTED_EDGE('',*,*,#4408,.F.);
#4437 = PLANE('',#4438);
#4438 = AXIS2_PLACEMENT_3D('',#4439,#4440,#4441);
#4439 = CARTESIAN_POINT('',(-0.846666666667,1.27,0.));
#4440 = DIRECTION('',(1.,-1.110223024625E-16,0.));
#4441 = DIRECTION('',(-1.110223024625E-16,-1.,0.));
#4442 = ADVANCED_FACE('',(#4443,#4454,#4520),#4586,.F.);
#4443 = FACE_BOUND('',#4444,.F.);
#4444 = EDGE_LOOP('',(#4445,#4451,#4452,#4453));
#4445 = ORIENTED_EDGE('',*,*,#4446,.T.);
#4446 = EDGE_CURVE('',#4213,#4284,#4447,.T.);
#4447 = LINE('',#4448,#4449);
#4448 = CARTESIAN_POINT('',(0.846666666667,-3.81,0.2));
#4449 = VECTOR('',#4450,1.);
#4450 = DIRECTION('',(1.110223024625E-16,1.,0.));
#4451 = ORIENTED_EDGE('',*,*,#4283,.T.);
#4452 = ORIENTED_EDGE('',*,*,#4430,.T.);
#4453 = ORIENTED_EDGE('',*,*,#4220,.T.);
#4454 = FACE_BOUND('',#4455,.F.);
#4455 = EDGE_LOOP('',(#4456,#4466,#4474,#4482,#4490,#4498,#4506,#4514));
#4456 = ORIENTED_EDGE('',*,*,#4457,.F.);
#4457 = EDGE_CURVE('',#4458,#4460,#4462,.T.);
#4458 = VERTEX_POINT('',#4459);
#4459 = CARTESIAN_POINT('',(-0.1,-2.99,0.2));
#4460 = VERTEX_POINT('',#4461);
#4461 = CARTESIAN_POINT('',(0.1,-2.99,0.2));
#4462 = LINE('',#4463,#4464);
#4463 = CARTESIAN_POINT('',(-0.1,-2.99,0.2));
#4464 = VECTOR('',#4465,1.);
#4465 = DIRECTION('',(1.,-1.110223024625E-16,0.));
#4466 = ORIENTED_EDGE('',*,*,#4467,.T.);
#4467 = EDGE_CURVE('',#4458,#4468,#4470,.T.);
#4468 = VERTEX_POINT('',#4469);
#4469 = CARTESIAN_POINT('',(-0.1,-2.84,0.2));
#4470 = LINE('',#4471,#4472);
#4471 = CARTESIAN_POINT('',(-0.1,-2.99,0.2));
#4472 = VECTOR('',#4473,1.);
#4473 = DIRECTION('',(1.110223024625E-16,1.,0.));
#4474 = ORIENTED_EDGE('',*,*,#4475,.F.);
#4475 = EDGE_CURVE('',#4476,#4468,#4478,.T.);
#4476 = VERTEX_POINT('',#4477);
#4477 = CARTESIAN_POINT('',(-0.1,-2.24,0.2));
#4478 = LINE('',#4479,#4480);
#4479 = CARTESIAN_POINT('',(-0.1,-1.905,0.2));
#4480 = VECTOR('',#4481,1.);
#4481 = DIRECTION('',(-1.110223024625E-16,-1.,0.));
#4482 = ORIENTED_EDGE('',*,*,#4483,.T.);
#4483 = EDGE_CURVE('',#4476,#4484,#4486,.T.);
#4484 = VERTEX_POINT('',#4485);
#4485 = CARTESIAN_POINT('',(-0.1,-2.09,0.2));
#4486 = LINE('',#4487,#4488);
#4487 = CARTESIAN_POINT('',(-0.1,-2.99,0.2));
#4488 = VECTOR('',#4489,1.);
#4489 = DIRECTION('',(1.110223024625E-16,1.,0.));
#4490 = ORIENTED_EDGE('',*,*,#4491,.T.);
#4491 = EDGE_CURVE('',#4484,#4492,#4494,.T.);
#4492 = VERTEX_POINT('',#4493);
#4493 = CARTESIAN_POINT('',(0.1,-2.09,0.2));
#4494 = LINE('',#4495,#4496);
#4495 = CARTESIAN_POINT('',(-0.1,-2.09,0.2));
#4496 = VECTOR('',#4497,1.);
#4497 = DIRECTION('',(1.,-1.110223024625E-16,0.));
#4498 = ORIENTED_EDGE('',*,*,#4499,.T.);
#4499 = EDGE_CURVE('',#4492,#4500,#4502,.T.);
#4500 = VERTEX_POINT('',#4501);
#4501 = CARTESIAN_POINT('',(0.1,-2.24,0.2));
#4502 = LINE('',#4503,#4504);
#4503 = CARTESIAN_POINT('',(0.1,-2.09,0.2));
#4504 = VECTOR('',#4505,1.);
#4505 = DIRECTION('',(-1.110223024625E-16,-1.,0.));
#4506 = ORIENTED_EDGE('',*,*,#4507,.T.);
#4507 = EDGE_CURVE('',#4500,#4508,#4510,.T.);
#4508 = VERTEX_POINT('',#4509);
#4509 = CARTESIAN_POINT('',(0.1,-2.84,0.2));
#4510 = LINE('',#4511,#4512);
#4511 = CARTESIAN_POINT('',(0.1,-1.905,0.2));
#4512 = VECTOR('',#4513,1.);
#4513 = DIRECTION('',(-1.110223024625E-16,-1.,0.));
#4514 = ORIENTED_EDGE('',*,*,#4515,.T.);
#4515 = EDGE_CURVE('',#4508,#4460,#4516,.T.);
#4516 = LINE('',#4517,#4518);
#4517 = CARTESIAN_POINT('',(0.1,-2.09,0.2));
#4518 = VECTOR('',#4519,1.);
#4519 = DIRECTION('',(-1.110223024625E-16,-1.,0.));
#4520 = FACE_BOUND('',#4521,.F.);
#4521 = EDGE_LOOP('',(#4522,#4532,#4540,#4548,#4556,#4564,#4572,#4580));
#4522 = ORIENTED_EDGE('',*,*,#4523,.F.);
#4523 = EDGE_CURVE('',#4524,#4526,#4528,.T.);
#4524 = VERTEX_POINT('',#4525);
#4525 = CARTESIAN_POINT('',(-0.1,-0.45,0.2));
#4526 = VERTEX_POINT('',#4527);
#4527 = CARTESIAN_POINT('',(0.1,-0.45,0.2));
#4528 = LINE('',#4529,#4530);
#4529 = CARTESIAN_POINT('',(-0.1,-0.45,0.2));
#4530 = VECTOR('',#4531,1.);
#4531 = DIRECTION('',(1.,-1.110223024625E-16,0.));
#4532 = ORIENTED_EDGE('',*,*,#4533,.T.);
#4533 = EDGE_CURVE('',#4524,#4534,#4536,.T.);
#4534 = VERTEX_POINT('',#4535);
#4535 = CARTESIAN_POINT('',(-0.1,-0.3,0.2));
#4536 = LINE('',#4537,#4538);
#4537 = CARTESIAN_POINT('',(-0.1,-0.45,0.2));
#4538 = VECTOR('',#4539,1.);
#4539 = DIRECTION('',(1.110223024625E-16,1.,0.));
#4540 = ORIENTED_EDGE('',*,*,#4541,.F.);
#4541 = EDGE_CURVE('',#4542,#4534,#4544,.T.);
#4542 = VERTEX_POINT('',#4543);
#4543 = CARTESIAN_POINT('',(-0.1,0.3,0.2));
#4544 = LINE('',#4545,#4546);
#4545 = CARTESIAN_POINT('',(-0.1,-0.635,0.2));
#4546 = VECTOR('',#4547,1.);
#4547 = DIRECTION('',(-1.110223024625E-16,-1.,0.));
#4548 = ORIENTED_EDGE('',*,*,#4549,.T.);
#4549 = EDGE_CURVE('',#4542,#4550,#4552,.T.);
#4550 = VERTEX_POINT('',#4551);
#4551 = CARTESIAN_POINT('',(-0.1,0.45,0.2));
#4552 = LINE('',#4553,#4554);
#4553 = CARTESIAN_POINT('',(-0.1,-0.45,0.2));
#4554 = VECTOR('',#4555,1.);
#4555 = DIRECTION('',(1.110223024625E-16,1.,0.));
#4556 = ORIENTED_EDGE('',*,*,#4557,.T.);
#4557 = EDGE_CURVE('',#4550,#4558,#4560,.T.);
#4558 = VERTEX_POINT('',#4559);
#4559 = CARTESIAN_POINT('',(0.1,0.45,0.2));
#4560 = LINE('',#4561,#4562);
#4561 = CARTESIAN_POINT('',(-0.1,0.45,0.2));
#4562 = VECTOR('',#4563,1.);
#4563 = DIRECTION('',(1.,-1.110223024625E-16,0.));
#4564 = ORIENTED_EDGE('',*,*,#4565,.T.);
#4565 = EDGE_CURVE('',#4558,#4566,#4568,.T.);
#4566 = VERTEX_POINT('',#4567);
#4567 = CARTESIAN_POINT('',(0.1,0.3,0.2));
#4568 = LINE('',#4569,#4570);
#4569 = CARTESIAN_POINT('',(0.1,0.45,0.2));
#4570 = VECTOR('',#4571,1.);
#4571 = DIRECTION('',(-1.110223024625E-16,-1.,0.));
#4572 = ORIENTED_EDGE('',*,*,#4573,.T.);
#4573 = EDGE_CURVE('',#4566,#4574,#4576,.T.);
#4574 = VERTEX_POINT('',#4575);
#4575 = CARTESIAN_POINT('',(0.1,-0.3,0.2));
#4576 = LINE('',#4577,#4578);
#4577 = CARTESIAN_POINT('',(0.1,-0.635,0.2));
#4578 = VECTOR('',#4579,1.);
#4579 = DIRECTION('',(-1.110223024625E-16,-1.,0.));
#4580 = ORIENTED_EDGE('',*,*,#4581,.T.);
#4581 = EDGE_CURVE('',#4574,#4526,#4582,.T.);
#4582 = LINE('',#4583,#4584);
#4583 = CARTESIAN_POINT('',(0.1,0.45,0.2));
#4584 = VECTOR('',#4585,1.);
#4585 = DIRECTION('',(-1.110223024625E-16,-1.,0.));
#4586 = PLANE('',#4587);
#4587 = AXIS2_PLACEMENT_3D('',#4588,#4589,#4590);
#4588 = CARTESIAN_POINT('',(-1.132427485118E-16,-1.27,0.2));
#4589 = DIRECTION('',(0.,0.,1.));
#4590 = DIRECTION('',(1.110223024625E-16,1.,-0.));
#4591 = ADVANCED_FACE('',(#4592),#4598,.T.);
#4592 = FACE_BOUND('',#4593,.T.);
#4593 = EDGE_LOOP('',(#4594,#4595,#4596,#4597));
#4594 = ORIENTED_EDGE('',*,*,#4212,.T.);
#4595 = ORIENTED_EDGE('',*,*,#4446,.T.);
#4596 = ORIENTED_EDGE('',*,*,#4291,.F.);
#4597 = ORIENTED_EDGE('',*,*,#4308,.F.);
#4598 = PLANE('',#4599);
#4599 = AXIS2_PLACEMENT_3D('',#4600,#4601,#4602);
#4600 = CARTESIAN_POINT('',(0.846666666667,-3.81,0.));
#4601 = DIRECTION('',(-1.,1.110223024625E-16,0.));
#4602 = DIRECTION('',(1.110223024625E-16,1.,0.));
#4603 = ADVANCED_FACE('',(#4604),#4610,.F.);
#4604 = FACE_BOUND('',#4605,.F.);
#4605 = EDGE_LOOP('',(#4606,#4607,#4608,#4609));
#4606 = ORIENTED_EDGE('',*,*,#4259,.T.);
#4607 = ORIENTED_EDGE('',*,*,#4324,.T.);
#4608 = ORIENTED_EDGE('',*,*,#4189,.F.);
#4609 = ORIENTED_EDGE('',*,*,#4415,.F.);
#4610 = PLANE('',#4611);
#4611 = AXIS2_PLACEMENT_3D('',#4612,#4613,#4614);
#4612 = CARTESIAN_POINT('',(-1.27,1.27,0.));
#4613 = DIRECTION('',(1.,-1.110223024625E-16,0.));
#4614 = DIRECTION('',(-1.110223024625E-16,-1.,0.));
#4615 = ADVANCED_FACE('',(#4616),#4641,.T.);
#4616 = FACE_BOUND('',#4617,.T.);
#4617 = EDGE_LOOP('',(#4618,#4626,#4627,#4635));
#4618 = ORIENTED_EDGE('',*,*,#4619,.F.);
#4619 = EDGE_CURVE('',#4334,#4620,#4622,.T.);
#4620 = VERTEX_POINT('',#4621);
#4621 = CARTESIAN_POINT('',(0.3,-2.84,8.2));
#4622 = LINE('',#4623,#4624);
#4623 = CARTESIAN_POINT('',(0.3,-2.84,8.2));
#4624 = VECTOR('',#4625,1.);
#4625 = DIRECTION('',(-0.57735026919,0.57735026919,-0.57735026919));
#4626 = ORIENTED_EDGE('',*,*,#4333,.T.);
#4627 = ORIENTED_EDGE('',*,*,#4628,.T.);
#4628 = EDGE_CURVE('',#4336,#4629,#4631,.T.);
#4629 = VERTEX_POINT('',#4630);
#4630 = CARTESIAN_POINT('',(0.3,-2.24,8.2));
#4631 = LINE('',#4632,#4633);
#4632 = CARTESIAN_POINT('',(0.3,-2.24,8.2));
#4633 = VECTOR('',#4634,1.);
#4634 = DIRECTION('',(-0.57735026919,-0.57735026919,-0.57735026919));
#4635 = ORIENTED_EDGE('',*,*,#4636,.F.);
#4636 = EDGE_CURVE('',#4620,#4629,#4637,.T.);
#4637 = LINE('',#4638,#4639);
#4638 = CARTESIAN_POINT('',(0.3,-3.14,8.2));
#4639 = VECTOR('',#4640,1.);
#4640 = DIRECTION('',(1.110223024625E-16,1.,0.));
#4641 = PLANE('',#4642);
#4642 = AXIS2_PLACEMENT_3D('',#4643,#4644,#4645);
#4643 = CARTESIAN_POINT('',(0.45,-3.14,8.35));
#4644 = DIRECTION('',(-0.707106781187,7.850462293414E-17,0.707106781187)
  );
#4645 = DIRECTION('',(1.110223024625E-16,1.,2.680278185005E-29));
#4646 = ADVANCED_FACE('',(#4647),#4665,.T.);
#4647 = FACE_BOUND('',#4648,.T.);
#4648 = EDGE_LOOP('',(#4649,#4650,#4651,#4659));
#4649 = ORIENTED_EDGE('',*,*,#4628,.F.);
#4650 = ORIENTED_EDGE('',*,*,#4359,.T.);
#4651 = ORIENTED_EDGE('',*,*,#4652,.T.);
#4652 = EDGE_CURVE('',#4352,#4653,#4655,.T.);
#4653 = VERTEX_POINT('',#4654);
#4654 = CARTESIAN_POINT('',(-0.3,-2.24,8.2));
#4655 = LINE('',#4656,#4657);
#4656 = CARTESIAN_POINT('',(-0.3,-2.24,8.2));
#4657 = VECTOR('',#4658,1.);
#4658 = DIRECTION('',(0.57735026919,-0.57735026919,-0.57735026919));
#4659 = ORIENTED_EDGE('',*,*,#4660,.F.);
#4660 = EDGE_CURVE('',#4629,#4653,#4661,.T.);
#4661 = LINE('',#4662,#4663);
#4662 = CARTESIAN_POINT('',(0.6,-2.24,8.2));
#4663 = VECTOR('',#4664,1.);
#4664 = DIRECTION('',(-1.,1.110223024625E-16,0.));
#4665 = PLANE('',#4666);
#4666 = AXIS2_PLACEMENT_3D('',#4667,#4668,#4669);
#4667 = CARTESIAN_POINT('',(0.6,-2.09,8.35));
#4668 = DIRECTION('',(-7.850462293414E-17,-0.707106781187,0.707106781187
    ));
#4669 = DIRECTION('',(-1.,1.110223024625E-16,2.680278185005E-29));
#4670 = ADVANCED_FACE('',(#4671),#4689,.T.);
#4671 = FACE_BOUND('',#4672,.T.);
#4672 = EDGE_LOOP('',(#4673,#4674,#4675,#4683));
#4673 = ORIENTED_EDGE('',*,*,#4652,.F.);
#4674 = ORIENTED_EDGE('',*,*,#4351,.T.);
#4675 = ORIENTED_EDGE('',*,*,#4676,.T.);
#4676 = EDGE_CURVE('',#4344,#4677,#4679,.T.);
#4677 = VERTEX_POINT('',#4678);
#4678 = CARTESIAN_POINT('',(-0.3,-2.84,8.2));
#4679 = LINE('',#4680,#4681);
#4680 = CARTESIAN_POINT('',(-0.3,-2.84,8.2));
#4681 = VECTOR('',#4682,1.);
#4682 = DIRECTION('',(0.57735026919,0.57735026919,-0.57735026919));
#4683 = ORIENTED_EDGE('',*,*,#4684,.F.);
#4684 = EDGE_CURVE('',#4653,#4677,#4685,.T.);
#4685 = LINE('',#4686,#4687);
#4686 = CARTESIAN_POINT('',(-0.3,-1.94,8.2));
#4687 = VECTOR('',#4688,1.);
#4688 = DIRECTION('',(-1.110223024625E-16,-1.,0.));
#4689 = PLANE('',#4690);
#4690 = AXIS2_PLACEMENT_3D('',#4691,#4692,#4693);
#4691 = CARTESIAN_POINT('',(-0.45,-1.94,8.35));
#4692 = DIRECTION('',(0.707106781187,-7.850462293414E-17,0.707106781187)
  );
#4693 = DIRECTION('',(-1.110223024625E-16,-1.,2.680278185005E-29));
#4694 = ADVANCED_FACE('',(#4695),#4706,.T.);
#4695 = FACE_BOUND('',#4696,.T.);
#4696 = EDGE_LOOP('',(#4697,#4698,#4699,#4700));
#4697 = ORIENTED_EDGE('',*,*,#4676,.F.);
#4698 = ORIENTED_EDGE('',*,*,#4343,.T.);
#4699 = ORIENTED_EDGE('',*,*,#4619,.T.);
#4700 = ORIENTED_EDGE('',*,*,#4701,.F.);
#4701 = EDGE_CURVE('',#4677,#4620,#4702,.T.);
#4702 = LINE('',#4703,#4704);
#4703 = CARTESIAN_POINT('',(-0.6,-2.84,8.2));
#4704 = VECTOR('',#4705,1.);
#4705 = DIRECTION('',(1.,-1.110223024625E-16,0.));
#4706 = PLANE('',#4707);
#4707 = AXIS2_PLACEMENT_3D('',#4708,#4709,#4710);
#4708 = CARTESIAN_POINT('',(-0.6,-2.99,8.35));
#4709 = DIRECTION('',(7.850462293414E-17,0.707106781187,0.707106781187)
  );
#4710 = DIRECTION('',(1.,-1.110223024625E-16,2.680278185005E-29));
#4711 = ADVANCED_FACE('',(#4712),#4737,.T.);
#4712 = FACE_BOUND('',#4713,.T.);
#4713 = EDGE_LOOP('',(#4714,#4722,#4723,#4731));
#4714 = ORIENTED_EDGE('',*,*,#4715,.F.);
#4715 = EDGE_CURVE('',#4368,#4716,#4718,.T.);
#4716 = VERTEX_POINT('',#4717);
#4717 = CARTESIAN_POINT('',(0.3,-0.3,8.2));
#4718 = LINE('',#4719,#4720);
#4719 = CARTESIAN_POINT('',(0.3,-0.3,8.2));
#4720 = VECTOR('',#4721,1.);
#4721 = DIRECTION('',(-0.57735026919,0.57735026919,-0.57735026919));
#4722 = ORIENTED_EDGE('',*,*,#4367,.T.);
#4723 = ORIENTED_EDGE('',*,*,#4724,.T.);
#4724 = EDGE_CURVE('',#4370,#4725,#4727,.T.);
#4725 = VERTEX_POINT('',#4726);
#4726 = CARTESIAN_POINT('',(0.3,0.3,8.2));
#4727 = LINE('',#4728,#4729);
#4728 = CARTESIAN_POINT('',(0.3,0.3,8.2));
#4729 = VECTOR('',#4730,1.);
#4730 = DIRECTION('',(-0.57735026919,-0.57735026919,-0.57735026919));
#4731 = ORIENTED_EDGE('',*,*,#4732,.F.);
#4732 = EDGE_CURVE('',#4716,#4725,#4733,.T.);
#4733 = LINE('',#4734,#4735);
#4734 = CARTESIAN_POINT('',(0.3,-0.6,8.2));
#4735 = VECTOR('',#4736,1.);
#4736 = DIRECTION('',(1.110223024625E-16,1.,0.));
#4737 = PLANE('',#4738);
#4738 = AXIS2_PLACEMENT_3D('',#4739,#4740,#4741);
#4739 = CARTESIAN_POINT('',(0.45,-0.6,8.35));
#4740 = DIRECTION('',(-0.707106781187,7.850462293414E-17,0.707106781187)
  );
#4741 = DIRECTION('',(1.110223024625E-16,1.,2.680278185005E-29));
#4742 = ADVANCED_FACE('',(#4743),#4761,.T.);
#4743 = FACE_BOUND('',#4744,.T.);
#4744 = EDGE_LOOP('',(#4745,#4746,#4747,#4755));
#4745 = ORIENTED_EDGE('',*,*,#4724,.F.);
#4746 = ORIENTED_EDGE('',*,*,#4393,.T.);
#4747 = ORIENTED_EDGE('',*,*,#4748,.T.);
#4748 = EDGE_CURVE('',#4386,#4749,#4751,.T.);
#4749 = VERTEX_POINT('',#4750);
#4750 = CARTESIAN_POINT('',(-0.3,0.3,8.2));
#4751 = LINE('',#4752,#4753);
#4752 = CARTESIAN_POINT('',(-0.3,0.3,8.2));
#4753 = VECTOR('',#4754,1.);
#4754 = DIRECTION('',(0.57735026919,-0.57735026919,-0.57735026919));
#4755 = ORIENTED_EDGE('',*,*,#4756,.F.);
#4756 = EDGE_CURVE('',#4725,#4749,#4757,.T.);
#4757 = LINE('',#4758,#4759);
#4758 = CARTESIAN_POINT('',(0.6,0.3,8.2));
#4759 = VECTOR('',#4760,1.);
#4760 = DIRECTION('',(-1.,1.110223024625E-16,0.));
#4761 = PLANE('',#4762);
#4762 = AXIS2_PLACEMENT_3D('',#4763,#4764,#4765);
#4763 = CARTESIAN_POINT('',(0.6,0.45,8.35));
#4764 = DIRECTION('',(-7.850462293414E-17,-0.707106781187,0.707106781187
    ));
#4765 = DIRECTION('',(-1.,1.110223024625E-16,2.680278185005E-29));
#4766 = ADVANCED_FACE('',(#4767),#4785,.T.);
#4767 = FACE_BOUND('',#4768,.T.);
#4768 = EDGE_LOOP('',(#4769,#4770,#4771,#4779));
#4769 = ORIENTED_EDGE('',*,*,#4748,.F.);
#4770 = ORIENTED_EDGE('',*,*,#4385,.T.);
#4771 = ORIENTED_EDGE('',*,*,#4772,.T.);
#4772 = EDGE_CURVE('',#4378,#4773,#4775,.T.);
#4773 = VERTEX_POINT('',#4774);
#4774 = CARTESIAN_POINT('',(-0.3,-0.3,8.2));
#4775 = LINE('',#4776,#4777);
#4776 = CARTESIAN_POINT('',(-0.3,-0.3,8.2));
#4777 = VECTOR('',#4778,1.);
#4778 = DIRECTION('',(0.57735026919,0.57735026919,-0.57735026919));
#4779 = ORIENTED_EDGE('',*,*,#4780,.F.);
#4780 = EDGE_CURVE('',#4749,#4773,#4781,.T.);
#4781 = LINE('',#4782,#4783);
#4782 = CARTESIAN_POINT('',(-0.3,0.6,8.2));
#4783 = VECTOR('',#4784,1.);
#4784 = DIRECTION('',(-1.110223024625E-16,-1.,0.));
#4785 = PLANE('',#4786);
#4786 = AXIS2_PLACEMENT_3D('',#4787,#4788,#4789);
#4787 = CARTESIAN_POINT('',(-0.45,0.6,8.35));
#4788 = DIRECTION('',(0.707106781187,-7.850462293414E-17,0.707106781187)
  );
#4789 = DIRECTION('',(-1.110223024625E-16,-1.,2.680278185005E-29));
#4790 = ADVANCED_FACE('',(#4791),#4802,.T.);
#4791 = FACE_BOUND('',#4792,.T.);
#4792 = EDGE_LOOP('',(#4793,#4794,#4795,#4796));
#4793 = ORIENTED_EDGE('',*,*,#4772,.F.);
#4794 = ORIENTED_EDGE('',*,*,#4377,.T.);
#4795 = ORIENTED_EDGE('',*,*,#4715,.T.);
#4796 = ORIENTED_EDGE('',*,*,#4797,.F.);
#4797 = EDGE_CURVE('',#4773,#4716,#4798,.T.);
#4798 = LINE('',#4799,#4800);
#4799 = CARTESIAN_POINT('',(-0.6,-0.3,8.2));
#4800 = VECTOR('',#4801,1.);
#4801 = DIRECTION('',(1.,-1.110223024625E-16,0.));
#4802 = PLANE('',#4803);
#4803 = AXIS2_PLACEMENT_3D('',#4804,#4805,#4806);
#4804 = CARTESIAN_POINT('',(-0.6,-0.45,8.35));
#4805 = DIRECTION('',(7.850462293414E-17,0.707106781187,0.707106781187)
  );
#4806 = DIRECTION('',(1.,-1.110223024625E-16,2.680278185005E-29));
#4807 = ADVANCED_FACE('',(#4808),#4819,.T.);
#4808 = FACE_BOUND('',#4809,.T.);
#4809 = EDGE_LOOP('',(#4810,#4811,#4812,#4818));
#4810 = ORIENTED_EDGE('',*,*,#4457,.F.);
#4811 = ORIENTED_EDGE('',*,*,#4467,.T.);
#4812 = ORIENTED_EDGE('',*,*,#4813,.T.);
#4813 = EDGE_CURVE('',#4468,#4508,#4814,.T.);
#4814 = LINE('',#4815,#4816);
#4815 = CARTESIAN_POINT('',(-0.1,-2.84,0.2));
#4816 = VECTOR('',#4817,1.);
#4817 = DIRECTION('',(1.,-1.110223024625E-16,0.));
#4818 = ORIENTED_EDGE('',*,*,#4515,.T.);
#4819 = PLANE('',#4820);
#4820 = AXIS2_PLACEMENT_3D('',#4821,#4822,#4823);
#4821 = CARTESIAN_POINT('',(-0.1,-2.84,0.2));
#4822 = DIRECTION('',(0.,-0.,-1.));
#4823 = DIRECTION('',(-1.110223024625E-16,-1.,0.));
#4824 = ADVANCED_FACE('',(#4825),#4866,.F.);
#4825 = FACE_BOUND('',#4826,.F.);
#4826 = EDGE_LOOP('',(#4827,#4835,#4836,#4844,#4852,#4860));
#4827 = ORIENTED_EDGE('',*,*,#4828,.T.);
#4828 = EDGE_CURVE('',#4829,#4508,#4831,.T.);
#4829 = VERTEX_POINT('',#4830);
#4830 = CARTESIAN_POINT('',(0.1,-2.84,-2.5));
#4831 = LINE('',#4832,#4833);
#4832 = CARTESIAN_POINT('',(0.1,-2.84,-2.5));
#4833 = VECTOR('',#4834,1.);
#4834 = DIRECTION('',(0.,0.,1.));
#4835 = ORIENTED_EDGE('',*,*,#4507,.F.);
#4836 = ORIENTED_EDGE('',*,*,#4837,.T.);
#4837 = EDGE_CURVE('',#4500,#4838,#4840,.T.);
#4838 = VERTEX_POINT('',#4839);
#4839 = CARTESIAN_POINT('',(0.1,-2.24,-2.5));
#4840 = LINE('',#4841,#4842);
#4841 = CARTESIAN_POINT('',(0.1,-2.24,0.2));
#4842 = VECTOR('',#4843,1.);
#4843 = DIRECTION('',(0.,0.,-1.));
#4844 = ORIENTED_EDGE('',*,*,#4845,.T.);
#4845 = EDGE_CURVE('',#4838,#4846,#4848,.T.);
#4846 = VERTEX_POINT('',#4847);
#4847 = CARTESIAN_POINT('',(0.1,-2.39,-3.1));
#4848 = LINE('',#4849,#4850);
#4849 = CARTESIAN_POINT('',(0.1,-2.24,-2.5));
#4850 = VECTOR('',#4851,1.);
#4851 = DIRECTION('',(-2.692686352073E-17,-0.242535625036,
    -0.970142500145));
#4852 = ORIENTED_EDGE('',*,*,#4853,.T.);
#4853 = EDGE_CURVE('',#4846,#4854,#4856,.T.);
#4854 = VERTEX_POINT('',#4855);
#4855 = CARTESIAN_POINT('',(0.1,-2.69,-3.1));
#4856 = LINE('',#4857,#4858);
#4857 = CARTESIAN_POINT('',(0.1,-2.39,-3.1));
#4858 = VECTOR('',#4859,1.);
#4859 = DIRECTION('',(-1.110223024625E-16,-1.,0.));
#4860 = ORIENTED_EDGE('',*,*,#4861,.T.);
#4861 = EDGE_CURVE('',#4854,#4829,#4862,.T.);
#4862 = LINE('',#4863,#4864);
#4863 = CARTESIAN_POINT('',(0.1,-2.69,-3.1));
#4864 = VECTOR('',#4865,1.);
#4865 = DIRECTION('',(-2.692686352073E-17,-0.242535625036,0.970142500145
    ));
#4866 = PLANE('',#4867);
#4867 = AXIS2_PLACEMENT_3D('',#4868,#4869,#4870);
#4868 = CARTESIAN_POINT('',(0.1,-2.54,3.911477598424));
#4869 = DIRECTION('',(-1.,1.110223024625E-16,0.));
#4870 = DIRECTION('',(0.,0.,1.));
#4871 = ADVANCED_FACE('',(#4872),#4883,.T.);
#4872 = FACE_BOUND('',#4873,.T.);
#4873 = EDGE_LOOP('',(#4874,#4880,#4881,#4882));
#4874 = ORIENTED_EDGE('',*,*,#4875,.F.);
#4875 = EDGE_CURVE('',#4476,#4500,#4876,.T.);
#4876 = LINE('',#4877,#4878);
#4877 = CARTESIAN_POINT('',(-0.1,-2.24,0.2));
#4878 = VECTOR('',#4879,1.);
#4879 = DIRECTION('',(1.,-1.110223024625E-16,0.));
#4880 = ORIENTED_EDGE('',*,*,#4483,.T.);
#4881 = ORIENTED_EDGE('',*,*,#4491,.T.);
#4882 = ORIENTED_EDGE('',*,*,#4499,.T.);
#4883 = PLANE('',#4884);
#4884 = AXIS2_PLACEMENT_3D('',#4885,#4886,#4887);
#4885 = CARTESIAN_POINT('',(-0.1,-2.84,0.2));
#4886 = DIRECTION('',(0.,-0.,-1.));
#4887 = DIRECTION('',(-1.110223024625E-16,-1.,0.));
#4888 = ADVANCED_FACE('',(#4889),#4930,.T.);
#4889 = FACE_BOUND('',#4890,.T.);
#4890 = EDGE_LOOP('',(#4891,#4899,#4900,#4908,#4916,#4924));
#4891 = ORIENTED_EDGE('',*,*,#4892,.T.);
#4892 = EDGE_CURVE('',#4893,#4468,#4895,.T.);
#4893 = VERTEX_POINT('',#4894);
#4894 = CARTESIAN_POINT('',(-0.1,-2.84,-2.5));
#4895 = LINE('',#4896,#4897);
#4896 = CARTESIAN_POINT('',(-0.1,-2.84,-2.5));
#4897 = VECTOR('',#4898,1.);
#4898 = DIRECTION('',(0.,0.,1.));
#4899 = ORIENTED_EDGE('',*,*,#4475,.F.);
#4900 = ORIENTED_EDGE('',*,*,#4901,.T.);
#4901 = EDGE_CURVE('',#4476,#4902,#4904,.T.);
#4902 = VERTEX_POINT('',#4903);
#4903 = CARTESIAN_POINT('',(-0.1,-2.24,-2.5));
#4904 = LINE('',#4905,#4906);
#4905 = CARTESIAN_POINT('',(-0.1,-2.24,0.2));
#4906 = VECTOR('',#4907,1.);
#4907 = DIRECTION('',(0.,0.,-1.));
#4908 = ORIENTED_EDGE('',*,*,#4909,.T.);
#4909 = EDGE_CURVE('',#4902,#4910,#4912,.T.);
#4910 = VERTEX_POINT('',#4911);
#4911 = CARTESIAN_POINT('',(-0.1,-2.39,-3.1));
#4912 = LINE('',#4913,#4914);
#4913 = CARTESIAN_POINT('',(-0.1,-2.24,-2.5));
#4914 = VECTOR('',#4915,1.);
#4915 = DIRECTION('',(-2.692686352073E-17,-0.242535625036,
    -0.970142500145));
#4916 = ORIENTED_EDGE('',*,*,#4917,.F.);
#4917 = EDGE_CURVE('',#4918,#4910,#4920,.T.);
#4918 = VERTEX_POINT('',#4919);
#4919 = CARTESIAN_POINT('',(-0.1,-2.69,-3.1));
#4920 = LINE('',#4921,#4922);
#4921 = CARTESIAN_POINT('',(-0.1,-2.69,-3.1));
#4922 = VECTOR('',#4923,1.);
#4923 = DIRECTION('',(1.110223024625E-16,1.,0.));
#4924 = ORIENTED_EDGE('',*,*,#4925,.T.);
#4925 = EDGE_CURVE('',#4918,#4893,#4926,.T.);
#4926 = LINE('',#4927,#4928);
#4927 = CARTESIAN_POINT('',(-0.1,-2.69,-3.1));
#4928 = VECTOR('',#4929,1.);
#4929 = DIRECTION('',(-2.692686352073E-17,-0.242535625036,0.970142500145
    ));
#4930 = PLANE('',#4931);
#4931 = AXIS2_PLACEMENT_3D('',#4932,#4933,#4934);
#4932 = CARTESIAN_POINT('',(-0.1,-2.54,3.911477598424));
#4933 = DIRECTION('',(-1.,1.110223024625E-16,0.));
#4934 = DIRECTION('',(0.,0.,1.));
#4935 = ADVANCED_FACE('',(#4936),#4947,.T.);
#4936 = FACE_BOUND('',#4937,.T.);
#4937 = EDGE_LOOP('',(#4938,#4939,#4940,#4946));
#4938 = ORIENTED_EDGE('',*,*,#4523,.F.);
#4939 = ORIENTED_EDGE('',*,*,#4533,.T.);
#4940 = ORIENTED_EDGE('',*,*,#4941,.T.);
#4941 = EDGE_CURVE('',#4534,#4574,#4942,.T.);
#4942 = LINE('',#4943,#4944);
#4943 = CARTESIAN_POINT('',(-0.1,-0.3,0.2));
#4944 = VECTOR('',#4945,1.);
#4945 = DIRECTION('',(1.,-1.110223024625E-16,0.));
#4946 = ORIENTED_EDGE('',*,*,#4581,.T.);
#4947 = PLANE('',#4948);
#4948 = AXIS2_PLACEMENT_3D('',#4949,#4950,#4951);
#4949 = CARTESIAN_POINT('',(-0.1,-0.3,0.2));
#4950 = DIRECTION('',(0.,-0.,-1.));
#4951 = DIRECTION('',(-1.110223024625E-16,-1.,0.));
#4952 = ADVANCED_FACE('',(#4953),#4994,.F.);
#4953 = FACE_BOUND('',#4954,.F.);
#4954 = EDGE_LOOP('',(#4955,#4963,#4964,#4972,#4980,#4988));
#4955 = ORIENTED_EDGE('',*,*,#4956,.T.);
#4956 = EDGE_CURVE('',#4957,#4574,#4959,.T.);
#4957 = VERTEX_POINT('',#4958);
#4958 = CARTESIAN_POINT('',(0.1,-0.3,-2.5));
#4959 = LINE('',#4960,#4961);
#4960 = CARTESIAN_POINT('',(0.1,-0.3,-2.5));
#4961 = VECTOR('',#4962,1.);
#4962 = DIRECTION('',(0.,0.,1.));
#4963 = ORIENTED_EDGE('',*,*,#4573,.F.);
#4964 = ORIENTED_EDGE('',*,*,#4965,.T.);
#4965 = EDGE_CURVE('',#4566,#4966,#4968,.T.);
#4966 = VERTEX_POINT('',#4967);
#4967 = CARTESIAN_POINT('',(0.1,0.3,-2.5));
#4968 = LINE('',#4969,#4970);
#4969 = CARTESIAN_POINT('',(0.1,0.3,0.2));
#4970 = VECTOR('',#4971,1.);
#4971 = DIRECTION('',(0.,0.,-1.));
#4972 = ORIENTED_EDGE('',*,*,#4973,.T.);
#4973 = EDGE_CURVE('',#4966,#4974,#4976,.T.);
#4974 = VERTEX_POINT('',#4975);
#4975 = CARTESIAN_POINT('',(0.1,0.15,-3.1));
#4976 = LINE('',#4977,#4978);
#4977 = CARTESIAN_POINT('',(0.1,0.3,-2.5));
#4978 = VECTOR('',#4979,1.);
#4979 = DIRECTION('',(-2.692686352073E-17,-0.242535625036,
    -0.970142500145));
#4980 = ORIENTED_EDGE('',*,*,#4981,.T.);
#4981 = EDGE_CURVE('',#4974,#4982,#4984,.T.);
#4982 = VERTEX_POINT('',#4983);
#4983 = CARTESIAN_POINT('',(0.1,-0.15,-3.1));
#4984 = LINE('',#4985,#4986);
#4985 = CARTESIAN_POINT('',(0.1,0.15,-3.1));
#4986 = VECTOR('',#4987,1.);
#4987 = DIRECTION('',(-1.110223024625E-16,-1.,0.));
#4988 = ORIENTED_EDGE('',*,*,#4989,.T.);
#4989 = EDGE_CURVE('',#4982,#4957,#4990,.T.);
#4990 = LINE('',#4991,#4992);
#4991 = CARTESIAN_POINT('',(0.1,-0.15,-3.1));
#4992 = VECTOR('',#4993,1.);
#4993 = DIRECTION('',(-2.692686352073E-17,-0.242535625036,0.970142500145
    ));
#4994 = PLANE('',#4995);
#4995 = AXIS2_PLACEMENT_3D('',#4996,#4997,#4998);
#4996 = CARTESIAN_POINT('',(0.1,-1.110223024625E-17,3.911477598424));
#4997 = DIRECTION('',(-1.,1.110223024625E-16,0.));
#4998 = DIRECTION('',(0.,0.,1.));
#4999 = ADVANCED_FACE('',(#5000),#5011,.T.);
#5000 = FACE_BOUND('',#5001,.T.);
#5001 = EDGE_LOOP('',(#5002,#5008,#5009,#5010));
#5002 = ORIENTED_EDGE('',*,*,#5003,.F.);
#5003 = EDGE_CURVE('',#4542,#4566,#5004,.T.);
#5004 = LINE('',#5005,#5006);
#5005 = CARTESIAN_POINT('',(-0.1,0.3,0.2));
#5006 = VECTOR('',#5007,1.);
#5007 = DIRECTION('',(1.,-1.110223024625E-16,0.));
#5008 = ORIENTED_EDGE('',*,*,#4549,.T.);
#5009 = ORIENTED_EDGE('',*,*,#4557,.T.);
#5010 = ORIENTED_EDGE('',*,*,#4565,.T.);
#5011 = PLANE('',#5012);
#5012 = AXIS2_PLACEMENT_3D('',#5013,#5014,#5015);
#5013 = CARTESIAN_POINT('',(-0.1,-0.3,0.2));
#5014 = DIRECTION('',(0.,-0.,-1.));
#5015 = DIRECTION('',(-1.110223024625E-16,-1.,0.));
#5016 = ADVANCED_FACE('',(#5017),#5058,.T.);
#5017 = FACE_BOUND('',#5018,.T.);
#5018 = EDGE_LOOP('',(#5019,#5027,#5028,#5036,#5044,#5052));
#5019 = ORIENTED_EDGE('',*,*,#5020,.T.);
#5020 = EDGE_CURVE('',#5021,#4534,#5023,.T.);
#5021 = VERTEX_POINT('',#5022);
#5022 = CARTESIAN_POINT('',(-0.1,-0.3,-2.5));
#5023 = LINE('',#5024,#5025);
#5024 = CARTESIAN_POINT('',(-0.1,-0.3,-2.5));
#5025 = VECTOR('',#5026,1.);
#5026 = DIRECTION('',(0.,0.,1.));
#5027 = ORIENTED_EDGE('',*,*,#4541,.F.);
#5028 = ORIENTED_EDGE('',*,*,#5029,.T.);
#5029 = EDGE_CURVE('',#4542,#5030,#5032,.T.);
#5030 = VERTEX_POINT('',#5031);
#5031 = CARTESIAN_POINT('',(-0.1,0.3,-2.5));
#5032 = LINE('',#5033,#5034);
#5033 = CARTESIAN_POINT('',(-0.1,0.3,0.2));
#5034 = VECTOR('',#5035,1.);
#5035 = DIRECTION('',(0.,0.,-1.));
#5036 = ORIENTED_EDGE('',*,*,#5037,.T.);
#5037 = EDGE_CURVE('',#5030,#5038,#5040,.T.);
#5038 = VERTEX_POINT('',#5039);
#5039 = CARTESIAN_POINT('',(-0.1,0.15,-3.1));
#5040 = LINE('',#5041,#5042);
#5041 = CARTESIAN_POINT('',(-0.1,0.3,-2.5));
#5042 = VECTOR('',#5043,1.);
#5043 = DIRECTION('',(-2.692686352073E-17,-0.242535625036,
    -0.970142500145));
#5044 = ORIENTED_EDGE('',*,*,#5045,.F.);
#5045 = EDGE_CURVE('',#5046,#5038,#5048,.T.);
#5046 = VERTEX_POINT('',#5047);
#5047 = CARTESIAN_POINT('',(-0.1,-0.15,-3.1));
#5048 = LINE('',#5049,#5050);
#5049 = CARTESIAN_POINT('',(-0.1,-0.15,-3.1));
#5050 = VECTOR('',#5051,1.);
#5051 = DIRECTION('',(1.110223024625E-16,1.,0.));
#5052 = ORIENTED_EDGE('',*,*,#5053,.T.);
#5053 = EDGE_CURVE('',#5046,#5021,#5054,.T.);
#5054 = LINE('',#5055,#5056);
#5055 = CARTESIAN_POINT('',(-0.1,-0.15,-3.1));
#5056 = VECTOR('',#5057,1.);
#5057 = DIRECTION('',(-2.692686352073E-17,-0.242535625036,0.970142500145
    ));
#5058 = PLANE('',#5059);
#5059 = AXIS2_PLACEMENT_3D('',#5060,#5061,#5062);
#5060 = CARTESIAN_POINT('',(-0.1,1.110223024625E-17,3.911477598424));
#5061 = DIRECTION('',(-1.,1.110223024625E-16,0.));
#5062 = DIRECTION('',(0.,0.,1.));
#5063 = ADVANCED_FACE('',(#5064),#5089,.F.);
#5064 = FACE_BOUND('',#5065,.F.);
#5065 = EDGE_LOOP('',(#5066,#5074,#5082,#5088));
#5066 = ORIENTED_EDGE('',*,*,#5067,.T.);
#5067 = EDGE_CURVE('',#4620,#5068,#5070,.T.);
#5068 = VERTEX_POINT('',#5069);
#5069 = CARTESIAN_POINT('',(0.3,-2.84,0.9));
#5070 = LINE('',#5071,#5072);
#5071 = CARTESIAN_POINT('',(0.3,-2.84,8.2));
#5072 = VECTOR('',#5073,1.);
#5073 = DIRECTION('',(0.,-0.,-1.));
#5074 = ORIENTED_EDGE('',*,*,#5075,.T.);
#5075 = EDGE_CURVE('',#5068,#5076,#5078,.T.);
#5076 = VERTEX_POINT('',#5077);
#5077 = CARTESIAN_POINT('',(0.3,-2.24,0.9));
#5078 = LINE('',#5079,#5080);
#5079 = CARTESIAN_POINT('',(0.3,-2.84,0.9));
#5080 = VECTOR('',#5081,1.);
#5081 = DIRECTION('',(1.110223024625E-16,1.,0.));
#5082 = ORIENTED_EDGE('',*,*,#5083,.F.);
#5083 = EDGE_CURVE('',#4629,#5076,#5084,.T.);
#5084 = LINE('',#5085,#5086);
#5085 = CARTESIAN_POINT('',(0.3,-2.24,8.2));
#5086 = VECTOR('',#5087,1.);
#5087 = DIRECTION('',(0.,-0.,-1.));
#5088 = ORIENTED_EDGE('',*,*,#4636,.F.);
#5089 = PLANE('',#5090);
#5090 = AXIS2_PLACEMENT_3D('',#5091,#5092,#5093);
#5091 = CARTESIAN_POINT('',(0.3,-2.84,8.2));
#5092 = DIRECTION('',(1.,-1.110223024625E-16,0.));
#5093 = DIRECTION('',(1.110223024625E-16,1.,0.));
#5094 = ADVANCED_FACE('',(#5095),#5145,.F.);
#5095 = FACE_BOUND('',#5096,.F.);
#5096 = EDGE_LOOP('',(#5097,#5098,#5099,#5107,#5115,#5123,#5131,#5139));
#5097 = ORIENTED_EDGE('',*,*,#4660,.F.);
#5098 = ORIENTED_EDGE('',*,*,#5083,.T.);
#5099 = ORIENTED_EDGE('',*,*,#5100,.T.);
#5100 = EDGE_CURVE('',#5076,#5101,#5103,.T.);
#5101 = VERTEX_POINT('',#5102);
#5102 = CARTESIAN_POINT('',(0.1,-2.24,0.9));
#5103 = LINE('',#5104,#5105);
#5104 = CARTESIAN_POINT('',(0.3,-2.24,0.9));
#5105 = VECTOR('',#5106,1.);
#5106 = DIRECTION('',(-1.,1.110223024625E-16,0.));
#5107 = ORIENTED_EDGE('',*,*,#5108,.T.);
#5108 = EDGE_CURVE('',#5101,#5109,#5111,.T.);
#5109 = VERTEX_POINT('',#5110);
#5110 = CARTESIAN_POINT('',(0.1,-2.24,7.4));
#5111 = LINE('',#5112,#5113);
#5112 = CARTESIAN_POINT('',(0.1,-2.24,6.055738799212));
#5113 = VECTOR('',#5114,1.);
#5114 = DIRECTION('',(0.,-0.,1.));
#5115 = ORIENTED_EDGE('',*,*,#5116,.F.);
#5116 = EDGE_CURVE('',#5117,#5109,#5119,.T.);
#5117 = VERTEX_POINT('',#5118);
#5118 = CARTESIAN_POINT('',(-0.1,-2.24,7.4));
#5119 = LINE('',#5120,#5121);
#5120 = CARTESIAN_POINT('',(-0.1,-2.24,7.4));
#5121 = VECTOR('',#5122,1.);
#5122 = DIRECTION('',(1.,-1.110223024625E-16,0.));
#5123 = ORIENTED_EDGE('',*,*,#5124,.F.);
#5124 = EDGE_CURVE('',#5125,#5117,#5127,.T.);
#5125 = VERTEX_POINT('',#5126);
#5126 = CARTESIAN_POINT('',(-0.1,-2.24,0.9));
#5127 = LINE('',#5128,#5129);
#5128 = CARTESIAN_POINT('',(-0.1,-2.24,6.055738799212));
#5129 = VECTOR('',#5130,1.);
#5130 = DIRECTION('',(0.,-0.,1.));
#5131 = ORIENTED_EDGE('',*,*,#5132,.T.);
#5132 = EDGE_CURVE('',#5125,#5133,#5135,.T.);
#5133 = VERTEX_POINT('',#5134);
#5134 = CARTESIAN_POINT('',(-0.3,-2.24,0.9));
#5135 = LINE('',#5136,#5137);
#5136 = CARTESIAN_POINT('',(0.3,-2.24,0.9));
#5137 = VECTOR('',#5138,1.);
#5138 = DIRECTION('',(-1.,1.110223024625E-16,0.));
#5139 = ORIENTED_EDGE('',*,*,#5140,.F.);
#5140 = EDGE_CURVE('',#4653,#5133,#5141,.T.);
#5141 = LINE('',#5142,#5143);
#5142 = CARTESIAN_POINT('',(-0.3,-2.24,8.2));
#5143 = VECTOR('',#5144,1.);
#5144 = DIRECTION('',(0.,-0.,-1.));
#5145 = PLANE('',#5146);
#5146 = AXIS2_PLACEMENT_3D('',#5147,#5148,#5149);
#5147 = CARTESIAN_POINT('',(0.3,-2.24,8.2));
#5148 = DIRECTION('',(1.110223024625E-16,1.,0.));
#5149 = DIRECTION('',(-1.,1.110223024625E-16,0.));
#5150 = ADVANCED_FACE('',(#5151),#5169,.F.);
#5151 = FACE_BOUND('',#5152,.F.);
#5152 = EDGE_LOOP('',(#5153,#5154,#5162,#5168));
#5153 = ORIENTED_EDGE('',*,*,#5140,.T.);
#5154 = ORIENTED_EDGE('',*,*,#5155,.T.);
#5155 = EDGE_CURVE('',#5133,#5156,#5158,.T.);
#5156 = VERTEX_POINT('',#5157);
#5157 = CARTESIAN_POINT('',(-0.3,-2.84,0.9));
#5158 = LINE('',#5159,#5160);
#5159 = CARTESIAN_POINT('',(-0.3,-2.24,0.9));
#5160 = VECTOR('',#5161,1.);
#5161 = DIRECTION('',(-1.110223024625E-16,-1.,0.));
#5162 = ORIENTED_EDGE('',*,*,#5163,.F.);
#5163 = EDGE_CURVE('',#4677,#5156,#5164,.T.);
#5164 = LINE('',#5165,#5166);
#5165 = CARTESIAN_POINT('',(-0.3,-2.84,8.2));
#5166 = VECTOR('',#5167,1.);
#5167 = DIRECTION('',(0.,-0.,-1.));
#5168 = ORIENTED_EDGE('',*,*,#4684,.F.);
#5169 = PLANE('',#5170);
#5170 = AXIS2_PLACEMENT_3D('',#5171,#5172,#5173);
#5171 = CARTESIAN_POINT('',(-0.3,-2.24,8.2));
#5172 = DIRECTION('',(-1.,1.110223024625E-16,0.));
#5173 = DIRECTION('',(-1.110223024625E-16,-1.,0.));
#5174 = ADVANCED_FACE('',(#5175),#5218,.F.);
#5175 = FACE_BOUND('',#5176,.F.);
#5176 = EDGE_LOOP('',(#5177,#5178,#5179,#5187,#5195,#5203,#5211,#5217));
#5177 = ORIENTED_EDGE('',*,*,#4701,.F.);
#5178 = ORIENTED_EDGE('',*,*,#5163,.T.);
#5179 = ORIENTED_EDGE('',*,*,#5180,.T.);
#5180 = EDGE_CURVE('',#5156,#5181,#5183,.T.);
#5181 = VERTEX_POINT('',#5182);
#5182 = CARTESIAN_POINT('',(-0.1,-2.84,0.9));
#5183 = LINE('',#5184,#5185);
#5184 = CARTESIAN_POINT('',(-0.3,-2.84,0.9));
#5185 = VECTOR('',#5186,1.);
#5186 = DIRECTION('',(1.,-1.110223024625E-16,0.));
#5187 = ORIENTED_EDGE('',*,*,#5188,.F.);
#5188 = EDGE_CURVE('',#5189,#5181,#5191,.T.);
#5189 = VERTEX_POINT('',#5190);
#5190 = CARTESIAN_POINT('',(-0.1,-2.84,7.4));
#5191 = LINE('',#5192,#5193);
#5192 = CARTESIAN_POINT('',(-0.1,-2.84,6.055738799212));
#5193 = VECTOR('',#5194,1.);
#5194 = DIRECTION('',(-0.,0.,-1.));
#5195 = ORIENTED_EDGE('',*,*,#5196,.T.);
#5196 = EDGE_CURVE('',#5189,#5197,#5199,.T.);
#5197 = VERTEX_POINT('',#5198);
#5198 = CARTESIAN_POINT('',(0.1,-2.84,7.4));
#5199 = LINE('',#5200,#5201);
#5200 = CARTESIAN_POINT('',(-0.1,-2.84,7.4));
#5201 = VECTOR('',#5202,1.);
#5202 = DIRECTION('',(1.,-1.110223024625E-16,0.));
#5203 = ORIENTED_EDGE('',*,*,#5204,.T.);
#5204 = EDGE_CURVE('',#5197,#5205,#5207,.T.);
#5205 = VERTEX_POINT('',#5206);
#5206 = CARTESIAN_POINT('',(0.1,-2.84,0.9));
#5207 = LINE('',#5208,#5209);
#5208 = CARTESIAN_POINT('',(0.1,-2.84,6.055738799212));
#5209 = VECTOR('',#5210,1.);
#5210 = DIRECTION('',(-0.,0.,-1.));
#5211 = ORIENTED_EDGE('',*,*,#5212,.T.);
#5212 = EDGE_CURVE('',#5205,#5068,#5213,.T.);
#5213 = LINE('',#5214,#5215);
#5214 = CARTESIAN_POINT('',(-0.3,-2.84,0.9));
#5215 = VECTOR('',#5216,1.);
#5216 = DIRECTION('',(1.,-1.110223024625E-16,0.));
#5217 = ORIENTED_EDGE('',*,*,#5067,.F.);
#5218 = PLANE('',#5219);
#5219 = AXIS2_PLACEMENT_3D('',#5220,#5221,#5222);
#5220 = CARTESIAN_POINT('',(-0.3,-2.84,8.2));
#5221 = DIRECTION('',(-1.110223024625E-16,-1.,0.));
#5222 = DIRECTION('',(1.,-1.110223024625E-16,0.));
#5223 = ADVANCED_FACE('',(#5224),#5249,.F.);
#5224 = FACE_BOUND('',#5225,.F.);
#5225 = EDGE_LOOP('',(#5226,#5234,#5242,#5248));
#5226 = ORIENTED_EDGE('',*,*,#5227,.T.);
#5227 = EDGE_CURVE('',#4716,#5228,#5230,.T.);
#5228 = VERTEX_POINT('',#5229);
#5229 = CARTESIAN_POINT('',(0.3,-0.3,0.9));
#5230 = LINE('',#5231,#5232);
#5231 = CARTESIAN_POINT('',(0.3,-0.3,8.2));
#5232 = VECTOR('',#5233,1.);
#5233 = DIRECTION('',(0.,-0.,-1.));
#5234 = ORIENTED_EDGE('',*,*,#5235,.T.);
#5235 = EDGE_CURVE('',#5228,#5236,#5238,.T.);
#5236 = VERTEX_POINT('',#5237);
#5237 = CARTESIAN_POINT('',(0.3,0.3,0.9));
#5238 = LINE('',#5239,#5240);
#5239 = CARTESIAN_POINT('',(0.3,-0.3,0.9));
#5240 = VECTOR('',#5241,1.);
#5241 = DIRECTION('',(1.110223024625E-16,1.,0.));
#5242 = ORIENTED_EDGE('',*,*,#5243,.F.);
#5243 = EDGE_CURVE('',#4725,#5236,#5244,.T.);
#5244 = LINE('',#5245,#5246);
#5245 = CARTESIAN_POINT('',(0.3,0.3,8.2));
#5246 = VECTOR('',#5247,1.);
#5247 = DIRECTION('',(0.,-0.,-1.));
#5248 = ORIENTED_EDGE('',*,*,#4732,.F.);
#5249 = PLANE('',#5250);
#5250 = AXIS2_PLACEMENT_3D('',#5251,#5252,#5253);
#5251 = CARTESIAN_POINT('',(0.3,-0.3,8.2));
#5252 = DIRECTION('',(1.,-1.110223024625E-16,0.));
#5253 = DIRECTION('',(1.110223024625E-16,1.,0.));
#5254 = ADVANCED_FACE('',(#5255),#5305,.F.);
#5255 = FACE_BOUND('',#5256,.F.);
#5256 = EDGE_LOOP('',(#5257,#5258,#5259,#5267,#5275,#5283,#5291,#5299));
#5257 = ORIENTED_EDGE('',*,*,#4756,.F.);
#5258 = ORIENTED_EDGE('',*,*,#5243,.T.);
#5259 = ORIENTED_EDGE('',*,*,#5260,.T.);
#5260 = EDGE_CURVE('',#5236,#5261,#5263,.T.);
#5261 = VERTEX_POINT('',#5262);
#5262 = CARTESIAN_POINT('',(0.1,0.3,0.9));
#5263 = LINE('',#5264,#5265);
#5264 = CARTESIAN_POINT('',(0.3,0.3,0.9));
#5265 = VECTOR('',#5266,1.);
#5266 = DIRECTION('',(-1.,1.110223024625E-16,0.));
#5267 = ORIENTED_EDGE('',*,*,#5268,.T.);
#5268 = EDGE_CURVE('',#5261,#5269,#5271,.T.);
#5269 = VERTEX_POINT('',#5270);
#5270 = CARTESIAN_POINT('',(0.1,0.3,7.4));
#5271 = LINE('',#5272,#5273);
#5272 = CARTESIAN_POINT('',(0.1,0.3,6.055738799212));
#5273 = VECTOR('',#5274,1.);
#5274 = DIRECTION('',(0.,-0.,1.));
#5275 = ORIENTED_EDGE('',*,*,#5276,.F.);
#5276 = EDGE_CURVE('',#5277,#5269,#5279,.T.);
#5277 = VERTEX_POINT('',#5278);
#5278 = CARTESIAN_POINT('',(-0.1,0.3,7.4));
#5279 = LINE('',#5280,#5281);
#5280 = CARTESIAN_POINT('',(-0.1,0.3,7.4));
#5281 = VECTOR('',#5282,1.);
#5282 = DIRECTION('',(1.,-1.110223024625E-16,0.));
#5283 = ORIENTED_EDGE('',*,*,#5284,.F.);
#5284 = EDGE_CURVE('',#5285,#5277,#5287,.T.);
#5285 = VERTEX_POINT('',#5286);
#5286 = CARTESIAN_POINT('',(-0.1,0.3,0.9));
#5287 = LINE('',#5288,#5289);
#5288 = CARTESIAN_POINT('',(-0.1,0.3,6.055738799212));
#5289 = VECTOR('',#5290,1.);
#5290 = DIRECTION('',(0.,-0.,1.));
#5291 = ORIENTED_EDGE('',*,*,#5292,.T.);
#5292 = EDGE_CURVE('',#5285,#5293,#5295,.T.);
#5293 = VERTEX_POINT('',#5294);
#5294 = CARTESIAN_POINT('',(-0.3,0.3,0.9));
#5295 = LINE('',#5296,#5297);
#5296 = CARTESIAN_POINT('',(0.3,0.3,0.9));
#5297 = VECTOR('',#5298,1.);
#5298 = DIRECTION('',(-1.,1.110223024625E-16,0.));
#5299 = ORIENTED_EDGE('',*,*,#5300,.F.);
#5300 = EDGE_CURVE('',#4749,#5293,#5301,.T.);
#5301 = LINE('',#5302,#5303);
#5302 = CARTESIAN_POINT('',(-0.3,0.3,8.2));
#5303 = VECTOR('',#5304,1.);
#5304 = DIRECTION('',(0.,-0.,-1.));
#5305 = PLANE('',#5306);
#5306 = AXIS2_PLACEMENT_3D('',#5307,#5308,#5309);
#5307 = CARTESIAN_POINT('',(0.3,0.3,8.2));
#5308 = DIRECTION('',(1.110223024625E-16,1.,0.));
#5309 = DIRECTION('',(-1.,1.110223024625E-16,0.));
#5310 = ADVANCED_FACE('',(#5311),#5329,.F.);
#5311 = FACE_BOUND('',#5312,.F.);
#5312 = EDGE_LOOP('',(#5313,#5314,#5322,#5328));
#5313 = ORIENTED_EDGE('',*,*,#5300,.T.);
#5314 = ORIENTED_EDGE('',*,*,#5315,.T.);
#5315 = EDGE_CURVE('',#5293,#5316,#5318,.T.);
#5316 = VERTEX_POINT('',#5317);
#5317 = CARTESIAN_POINT('',(-0.3,-0.3,0.9));
#5318 = LINE('',#5319,#5320);
#5319 = CARTESIAN_POINT('',(-0.3,0.3,0.9));
#5320 = VECTOR('',#5321,1.);
#5321 = DIRECTION('',(-1.110223024625E-16,-1.,0.));
#5322 = ORIENTED_EDGE('',*,*,#5323,.F.);
#5323 = EDGE_CURVE('',#4773,#5316,#5324,.T.);
#5324 = LINE('',#5325,#5326);
#5325 = CARTESIAN_POINT('',(-0.3,-0.3,8.2));
#5326 = VECTOR('',#5327,1.);
#5327 = DIRECTION('',(0.,-0.,-1.));
#5328 = ORIENTED_EDGE('',*,*,#4780,.F.);
#5329 = PLANE('',#5330);
#5330 = AXIS2_PLACEMENT_3D('',#5331,#5332,#5333);
#5331 = CARTESIAN_POINT('',(-0.3,0.3,8.2));
#5332 = DIRECTION('',(-1.,1.110223024625E-16,0.));
#5333 = DIRECTION('',(-1.110223024625E-16,-1.,0.));
#5334 = ADVANCED_FACE('',(#5335),#5378,.F.);
#5335 = FACE_BOUND('',#5336,.F.);
#5336 = EDGE_LOOP('',(#5337,#5338,#5339,#5347,#5355,#5363,#5371,#5377));
#5337 = ORIENTED_EDGE('',*,*,#4797,.F.);
#5338 = ORIENTED_EDGE('',*,*,#5323,.T.);
#5339 = ORIENTED_EDGE('',*,*,#5340,.T.);
#5340 = EDGE_CURVE('',#5316,#5341,#5343,.T.);
#5341 = VERTEX_POINT('',#5342);
#5342 = CARTESIAN_POINT('',(-0.1,-0.3,0.9));
#5343 = LINE('',#5344,#5345);
#5344 = CARTESIAN_POINT('',(-0.3,-0.3,0.9));
#5345 = VECTOR('',#5346,1.);
#5346 = DIRECTION('',(1.,-1.110223024625E-16,0.));
#5347 = ORIENTED_EDGE('',*,*,#5348,.F.);
#5348 = EDGE_CURVE('',#5349,#5341,#5351,.T.);
#5349 = VERTEX_POINT('',#5350);
#5350 = CARTESIAN_POINT('',(-0.1,-0.3,7.4));
#5351 = LINE('',#5352,#5353);
#5352 = CARTESIAN_POINT('',(-0.1,-0.3,6.055738799212));
#5353 = VECTOR('',#5354,1.);
#5354 = DIRECTION('',(-0.,0.,-1.));
#5355 = ORIENTED_EDGE('',*,*,#5356,.T.);
#5356 = EDGE_CURVE('',#5349,#5357,#5359,.T.);
#5357 = VERTEX_POINT('',#5358);
#5358 = CARTESIAN_POINT('',(0.1,-0.3,7.4));
#5359 = LINE('',#5360,#5361);
#5360 = CARTESIAN_POINT('',(-0.1,-0.3,7.4));
#5361 = VECTOR('',#5362,1.);
#5362 = DIRECTION('',(1.,-1.110223024625E-16,0.));
#5363 = ORIENTED_EDGE('',*,*,#5364,.T.);
#5364 = EDGE_CURVE('',#5357,#5365,#5367,.T.);
#5365 = VERTEX_POINT('',#5366);
#5366 = CARTESIAN_POINT('',(0.1,-0.3,0.9));
#5367 = LINE('',#5368,#5369);
#5368 = CARTESIAN_POINT('',(0.1,-0.3,6.055738799212));
#5369 = VECTOR('',#5370,1.);
#5370 = DIRECTION('',(-0.,0.,-1.));
#5371 = ORIENTED_EDGE('',*,*,#5372,.T.);
#5372 = EDGE_CURVE('',#5365,#5228,#5373,.T.);
#5373 = LINE('',#5374,#5375);
#5374 = CARTESIAN_POINT('',(-0.3,-0.3,0.9));
#5375 = VECTOR('',#5376,1.);
#5376 = DIRECTION('',(1.,-1.110223024625E-16,0.));
#5377 = ORIENTED_EDGE('',*,*,#5227,.F.);
#5378 = PLANE('',#5379);
#5379 = AXIS2_PLACEMENT_3D('',#5380,#5381,#5382);
#5380 = CARTESIAN_POINT('',(-0.3,-0.3,8.2));
#5381 = DIRECTION('',(-1.110223024625E-16,-1.,0.));
#5382 = DIRECTION('',(1.,-1.110223024625E-16,0.));
#5383 = ADVANCED_FACE('',(#5384),#5395,.T.);
#5384 = FACE_BOUND('',#5385,.T.);
#5385 = EDGE_LOOP('',(#5386,#5392,#5393,#5394));
#5386 = ORIENTED_EDGE('',*,*,#5387,.T.);
#5387 = EDGE_CURVE('',#4893,#4829,#5388,.T.);
#5388 = LINE('',#5389,#5390);
#5389 = CARTESIAN_POINT('',(-0.1,-2.84,-2.5));
#5390 = VECTOR('',#5391,1.);
#5391 = DIRECTION('',(1.,-1.110223024625E-16,0.));
#5392 = ORIENTED_EDGE('',*,*,#4828,.T.);
#5393 = ORIENTED_EDGE('',*,*,#4813,.F.);
#5394 = ORIENTED_EDGE('',*,*,#4892,.F.);
#5395 = PLANE('',#5396);
#5396 = AXIS2_PLACEMENT_3D('',#5397,#5398,#5399);
#5397 = CARTESIAN_POINT('',(-0.1,-2.84,-2.5));
#5398 = DIRECTION('',(-1.110223024625E-16,-1.,0.));
#5399 = DIRECTION('',(0.,0.,1.));
#5400 = ADVANCED_FACE('',(#5401),#5412,.T.);
#5401 = FACE_BOUND('',#5402,.T.);
#5402 = EDGE_LOOP('',(#5403,#5409,#5410,#5411));
#5403 = ORIENTED_EDGE('',*,*,#5404,.T.);
#5404 = EDGE_CURVE('',#4918,#4854,#5405,.T.);
#5405 = LINE('',#5406,#5407);
#5406 = CARTESIAN_POINT('',(-0.1,-2.69,-3.1));
#5407 = VECTOR('',#5408,1.);
#5408 = DIRECTION('',(1.,-1.110223024625E-16,0.));
#5409 = ORIENTED_EDGE('',*,*,#4861,.T.);
#5410 = ORIENTED_EDGE('',*,*,#5387,.F.);
#5411 = ORIENTED_EDGE('',*,*,#4925,.F.);
#5412 = PLANE('',#5413);
#5413 = AXIS2_PLACEMENT_3D('',#5414,#5415,#5416);
#5414 = CARTESIAN_POINT('',(-0.1,-2.69,-3.1));
#5415 = DIRECTION('',(-1.077074540829E-16,-0.970142500145,
    -0.242535625036));
#5416 = DIRECTION('',(-2.692686352073E-17,-0.242535625036,0.970142500145
    ));
#5417 = ADVANCED_FACE('',(#5418),#5429,.T.);
#5418 = FACE_BOUND('',#5419,.T.);
#5419 = EDGE_LOOP('',(#5420,#5426,#5427,#5428));
#5420 = ORIENTED_EDGE('',*,*,#5421,.T.);
#5421 = EDGE_CURVE('',#4910,#4846,#5422,.T.);
#5422 = LINE('',#5423,#5424);
#5423 = CARTESIAN_POINT('',(-0.1,-2.39,-3.1));
#5424 = VECTOR('',#5425,1.);
#5425 = DIRECTION('',(1.,-1.110223024625E-16,0.));
#5426 = ORIENTED_EDGE('',*,*,#4853,.T.);
#5427 = ORIENTED_EDGE('',*,*,#5404,.F.);
#5428 = ORIENTED_EDGE('',*,*,#4917,.T.);
#5429 = PLANE('',#5430);
#5430 = AXIS2_PLACEMENT_3D('',#5431,#5432,#5433);
#5431 = CARTESIAN_POINT('',(-0.1,-2.39,-3.1));
#5432 = DIRECTION('',(0.,-0.,-1.));
#5433 = DIRECTION('',(-1.110223024625E-16,-1.,0.));
#5434 = ADVANCED_FACE('',(#5435),#5446,.T.);
#5435 = FACE_BOUND('',#5436,.T.);
#5436 = EDGE_LOOP('',(#5437,#5443,#5444,#5445));
#5437 = ORIENTED_EDGE('',*,*,#5438,.T.);
#5438 = EDGE_CURVE('',#4902,#4838,#5439,.T.);
#5439 = LINE('',#5440,#5441);
#5440 = CARTESIAN_POINT('',(-0.1,-2.24,-2.5));
#5441 = VECTOR('',#5442,1.);
#5442 = DIRECTION('',(1.,-1.110223024625E-16,0.));
#5443 = ORIENTED_EDGE('',*,*,#4845,.T.);
#5444 = ORIENTED_EDGE('',*,*,#5421,.F.);
#5445 = ORIENTED_EDGE('',*,*,#4909,.F.);
#5446 = PLANE('',#5447);
#5447 = AXIS2_PLACEMENT_3D('',#5448,#5449,#5450);
#5448 = CARTESIAN_POINT('',(-0.1,-2.24,-2.5));
#5449 = DIRECTION('',(1.077074540829E-16,0.970142500145,-0.242535625036)
  );
#5450 = DIRECTION('',(-2.692686352073E-17,-0.242535625036,
    -0.970142500145));
#5451 = ADVANCED_FACE('',(#5452),#5458,.T.);
#5452 = FACE_BOUND('',#5453,.T.);
#5453 = EDGE_LOOP('',(#5454,#5455,#5456,#5457));
#5454 = ORIENTED_EDGE('',*,*,#4875,.T.);
#5455 = ORIENTED_EDGE('',*,*,#4837,.T.);
#5456 = ORIENTED_EDGE('',*,*,#5438,.F.);
#5457 = ORIENTED_EDGE('',*,*,#4901,.F.);
#5458 = PLANE('',#5459);
#5459 = AXIS2_PLACEMENT_3D('',#5460,#5461,#5462);
#5460 = CARTESIAN_POINT('',(-0.1,-2.24,0.2));
#5461 = DIRECTION('',(1.110223024625E-16,1.,0.));
#5462 = DIRECTION('',(0.,0.,-1.));
#5463 = ADVANCED_FACE('',(#5464),#5475,.T.);
#5464 = FACE_BOUND('',#5465,.T.);
#5465 = EDGE_LOOP('',(#5466,#5472,#5473,#5474));
#5466 = ORIENTED_EDGE('',*,*,#5467,.T.);
#5467 = EDGE_CURVE('',#5021,#4957,#5468,.T.);
#5468 = LINE('',#5469,#5470);
#5469 = CARTESIAN_POINT('',(-0.1,-0.3,-2.5));
#5470 = VECTOR('',#5471,1.);
#5471 = DIRECTION('',(1.,-1.110223024625E-16,0.));
#5472 = ORIENTED_EDGE('',*,*,#4956,.T.);
#5473 = ORIENTED_EDGE('',*,*,#4941,.F.);
#5474 = ORIENTED_EDGE('',*,*,#5020,.F.);
#5475 = PLANE('',#5476);
#5476 = AXIS2_PLACEMENT_3D('',#5477,#5478,#5479);
#5477 = CARTESIAN_POINT('',(-0.1,-0.3,-2.5));
#5478 = DIRECTION('',(-1.110223024625E-16,-1.,0.));
#5479 = DIRECTION('',(0.,0.,1.));
#5480 = ADVANCED_FACE('',(#5481),#5492,.T.);
#5481 = FACE_BOUND('',#5482,.T.);
#5482 = EDGE_LOOP('',(#5483,#5489,#5490,#5491));
#5483 = ORIENTED_EDGE('',*,*,#5484,.T.);
#5484 = EDGE_CURVE('',#5046,#4982,#5485,.T.);
#5485 = LINE('',#5486,#5487);
#5486 = CARTESIAN_POINT('',(-0.1,-0.15,-3.1));
#5487 = VECTOR('',#5488,1.);
#5488 = DIRECTION('',(1.,-1.110223024625E-16,0.));
#5489 = ORIENTED_EDGE('',*,*,#4989,.T.);
#5490 = ORIENTED_EDGE('',*,*,#5467,.F.);
#5491 = ORIENTED_EDGE('',*,*,#5053,.F.);
#5492 = PLANE('',#5493);
#5493 = AXIS2_PLACEMENT_3D('',#5494,#5495,#5496);
#5494 = CARTESIAN_POINT('',(-0.1,-0.15,-3.1));
#5495 = DIRECTION('',(-1.077074540829E-16,-0.970142500145,
    -0.242535625036));
#5496 = DIRECTION('',(-2.692686352073E-17,-0.242535625036,0.970142500145
    ));
#5497 = ADVANCED_FACE('',(#5498),#5509,.T.);
#5498 = FACE_BOUND('',#5499,.T.);
#5499 = EDGE_LOOP('',(#5500,#5506,#5507,#5508));
#5500 = ORIENTED_EDGE('',*,*,#5501,.T.);
#5501 = EDGE_CURVE('',#5038,#4974,#5502,.T.);
#5502 = LINE('',#5503,#5504);
#5503 = CARTESIAN_POINT('',(-0.1,0.15,-3.1));
#5504 = VECTOR('',#5505,1.);
#5505 = DIRECTION('',(1.,-1.110223024625E-16,0.));
#5506 = ORIENTED_EDGE('',*,*,#4981,.T.);
#5507 = ORIENTED_EDGE('',*,*,#5484,.F.);
#5508 = ORIENTED_EDGE('',*,*,#5045,.T.);
#5509 = PLANE('',#5510);
#5510 = AXIS2_PLACEMENT_3D('',#5511,#5512,#5513);
#5511 = CARTESIAN_POINT('',(-0.1,0.15,-3.1));
#5512 = DIRECTION('',(0.,-0.,-1.));
#5513 = DIRECTION('',(-1.110223024625E-16,-1.,0.));
#5514 = ADVANCED_FACE('',(#5515),#5526,.T.);
#5515 = FACE_BOUND('',#5516,.T.);
#5516 = EDGE_LOOP('',(#5517,#5523,#5524,#5525));
#5517 = ORIENTED_EDGE('',*,*,#5518,.T.);
#5518 = EDGE_CURVE('',#5030,#4966,#5519,.T.);
#5519 = LINE('',#5520,#5521);
#5520 = CARTESIAN_POINT('',(-0.1,0.3,-2.5));
#5521 = VECTOR('',#5522,1.);
#5522 = DIRECTION('',(1.,-1.110223024625E-16,0.));
#5523 = ORIENTED_EDGE('',*,*,#4973,.T.);
#5524 = ORIENTED_EDGE('',*,*,#5501,.F.);
#5525 = ORIENTED_EDGE('',*,*,#5037,.F.);
#5526 = PLANE('',#5527);
#5527 = AXIS2_PLACEMENT_3D('',#5528,#5529,#5530);
#5528 = CARTESIAN_POINT('',(-0.1,0.3,-2.5));
#5529 = DIRECTION('',(1.077074540829E-16,0.970142500145,-0.242535625036)
  );
#5530 = DIRECTION('',(-2.692686352073E-17,-0.242535625036,
    -0.970142500145));
#5531 = ADVANCED_FACE('',(#5532),#5538,.T.);
#5532 = FACE_BOUND('',#5533,.T.);
#5533 = EDGE_LOOP('',(#5534,#5535,#5536,#5537));
#5534 = ORIENTED_EDGE('',*,*,#5003,.T.);
#5535 = ORIENTED_EDGE('',*,*,#4965,.T.);
#5536 = ORIENTED_EDGE('',*,*,#5518,.F.);
#5537 = ORIENTED_EDGE('',*,*,#5029,.F.);
#5538 = PLANE('',#5539);
#5539 = AXIS2_PLACEMENT_3D('',#5540,#5541,#5542);
#5540 = CARTESIAN_POINT('',(-0.1,0.3,0.2));
#5541 = DIRECTION('',(1.110223024625E-16,1.,0.));
#5542 = DIRECTION('',(0.,0.,-1.));
#5543 = ADVANCED_FACE('',(#5544),#5555,.T.);
#5544 = FACE_BOUND('',#5545,.T.);
#5545 = EDGE_LOOP('',(#5546,#5547,#5548,#5549));
#5546 = ORIENTED_EDGE('',*,*,#5212,.T.);
#5547 = ORIENTED_EDGE('',*,*,#5075,.T.);
#5548 = ORIENTED_EDGE('',*,*,#5100,.T.);
#5549 = ORIENTED_EDGE('',*,*,#5550,.T.);
#5550 = EDGE_CURVE('',#5101,#5205,#5551,.T.);
#5551 = LINE('',#5552,#5553);
#5552 = CARTESIAN_POINT('',(0.1,-2.54,0.9));
#5553 = VECTOR('',#5554,1.);
#5554 = DIRECTION('',(-1.110223024625E-16,-1.,0.));
#5555 = PLANE('',#5556);
#5556 = AXIS2_PLACEMENT_3D('',#5557,#5558,#5559);
#5557 = CARTESIAN_POINT('',(-3.641068927844E-16,-2.54,0.9));
#5558 = DIRECTION('',(0.,0.,1.));
#5559 = DIRECTION('',(1.110223024625E-16,1.,-0.));
#5560 = ADVANCED_FACE('',(#5561),#5572,.T.);
#5561 = FACE_BOUND('',#5562,.T.);
#5562 = EDGE_LOOP('',(#5563,#5564,#5570,#5571));
#5563 = ORIENTED_EDGE('',*,*,#5180,.T.);
#5564 = ORIENTED_EDGE('',*,*,#5565,.F.);
#5565 = EDGE_CURVE('',#5125,#5181,#5566,.T.);
#5566 = LINE('',#5567,#5568);
#5567 = CARTESIAN_POINT('',(-0.1,-2.54,0.9));
#5568 = VECTOR('',#5569,1.);
#5569 = DIRECTION('',(-1.110223024625E-16,-1.,0.));
#5570 = ORIENTED_EDGE('',*,*,#5132,.T.);
#5571 = ORIENTED_EDGE('',*,*,#5155,.T.);
#5572 = PLANE('',#5573);
#5573 = AXIS2_PLACEMENT_3D('',#5574,#5575,#5576);
#5574 = CARTESIAN_POINT('',(-3.641068927844E-16,-2.54,0.9));
#5575 = DIRECTION('',(0.,0.,1.));
#5576 = DIRECTION('',(1.110223024625E-16,1.,-0.));
#5577 = ADVANCED_FACE('',(#5578),#5621,.T.);
#5578 = FACE_BOUND('',#5579,.T.);
#5579 = EDGE_LOOP('',(#5580,#5581,#5589,#5597,#5605,#5613,#5619,#5620));
#5580 = ORIENTED_EDGE('',*,*,#5188,.F.);
#5581 = ORIENTED_EDGE('',*,*,#5582,.T.);
#5582 = EDGE_CURVE('',#5189,#5583,#5585,.T.);
#5583 = VERTEX_POINT('',#5584);
#5584 = CARTESIAN_POINT('',(-0.1,-2.79,7.35));
#5585 = LINE('',#5586,#5587);
#5586 = CARTESIAN_POINT('',(-0.1,-2.84,7.4));
#5587 = VECTOR('',#5588,1.);
#5588 = DIRECTION('',(7.850462293414E-17,0.707106781187,-0.707106781187)
  );
#5589 = ORIENTED_EDGE('',*,*,#5590,.T.);
#5590 = EDGE_CURVE('',#5583,#5591,#5593,.T.);
#5591 = VERTEX_POINT('',#5592);
#5592 = CARTESIAN_POINT('',(-0.1,-2.79,1.25));
#5593 = LINE('',#5594,#5595);
#5594 = CARTESIAN_POINT('',(-0.1,-2.79,7.35));
#5595 = VECTOR('',#5596,1.);
#5596 = DIRECTION('',(0.,0.,-1.));
#5597 = ORIENTED_EDGE('',*,*,#5598,.T.);
#5598 = EDGE_CURVE('',#5591,#5599,#5601,.T.);
#5599 = VERTEX_POINT('',#5600);
#5600 = CARTESIAN_POINT('',(-0.1,-2.29,1.25));
#5601 = LINE('',#5602,#5603);
#5602 = CARTESIAN_POINT('',(-0.1,-2.79,1.25));
#5603 = VECTOR('',#5604,1.);
#5604 = DIRECTION('',(1.110223024625E-16,1.,0.));
#5605 = ORIENTED_EDGE('',*,*,#5606,.T.);
#5606 = EDGE_CURVE('',#5599,#5607,#5609,.T.);
#5607 = VERTEX_POINT('',#5608);
#5608 = CARTESIAN_POINT('',(-0.1,-2.29,7.35));
#5609 = LINE('',#5610,#5611);
#5610 = CARTESIAN_POINT('',(-0.1,-2.29,1.25));
#5611 = VECTOR('',#5612,1.);
#5612 = DIRECTION('',(0.,0.,1.));
#5613 = ORIENTED_EDGE('',*,*,#5614,.T.);
#5614 = EDGE_CURVE('',#5607,#5117,#5615,.T.);
#5615 = LINE('',#5616,#5617);
#5616 = CARTESIAN_POINT('',(-0.1,-2.29,7.35));
#5617 = VECTOR('',#5618,1.);
#5618 = DIRECTION('',(7.850462293414E-17,0.707106781187,0.707106781187)
  );
#5619 = ORIENTED_EDGE('',*,*,#5124,.F.);
#5620 = ORIENTED_EDGE('',*,*,#5565,.T.);
#5621 = PLANE('',#5622);
#5622 = AXIS2_PLACEMENT_3D('',#5623,#5624,#5625);
#5623 = CARTESIAN_POINT('',(-0.1,-2.54,3.911477598424));
#5624 = DIRECTION('',(-1.,1.110223024625E-16,0.));
#5625 = DIRECTION('',(0.,0.,1.));
#5626 = ADVANCED_FACE('',(#5627),#5645,.T.);
#5627 = FACE_BOUND('',#5628,.T.);
#5628 = EDGE_LOOP('',(#5629,#5637,#5643,#5644));
#5629 = ORIENTED_EDGE('',*,*,#5630,.T.);
#5630 = EDGE_CURVE('',#5607,#5631,#5633,.T.);
#5631 = VERTEX_POINT('',#5632);
#5632 = CARTESIAN_POINT('',(0.1,-2.29,7.35));
#5633 = LINE('',#5634,#5635);
#5634 = CARTESIAN_POINT('',(-0.1,-2.29,7.35));
#5635 = VECTOR('',#5636,1.);
#5636 = DIRECTION('',(1.,-1.110223024625E-16,0.));
#5637 = ORIENTED_EDGE('',*,*,#5638,.T.);
#5638 = EDGE_CURVE('',#5631,#5109,#5639,.T.);
#5639 = LINE('',#5640,#5641);
#5640 = CARTESIAN_POINT('',(0.1,-2.29,7.35));
#5641 = VECTOR('',#5642,1.);
#5642 = DIRECTION('',(7.850462293414E-17,0.707106781187,0.707106781187)
  );
#5643 = ORIENTED_EDGE('',*,*,#5116,.F.);
#5644 = ORIENTED_EDGE('',*,*,#5614,.F.);
#5645 = PLANE('',#5646);
#5646 = AXIS2_PLACEMENT_3D('',#5647,#5648,#5649);
#5647 = CARTESIAN_POINT('',(-0.1,-2.29,7.35));
#5648 = DIRECTION('',(-7.850462293414E-17,-0.707106781187,0.707106781187
    ));
#5649 = DIRECTION('',(7.850462293414E-17,0.707106781187,0.707106781187)
  );
#5650 = ADVANCED_FACE('',(#5651),#5687,.F.);
#5651 = FACE_BOUND('',#5652,.F.);
#5652 = EDGE_LOOP('',(#5653,#5654,#5662,#5670,#5678,#5684,#5685,#5686));
#5653 = ORIENTED_EDGE('',*,*,#5204,.F.);
#5654 = ORIENTED_EDGE('',*,*,#5655,.T.);
#5655 = EDGE_CURVE('',#5197,#5656,#5658,.T.);
#5656 = VERTEX_POINT('',#5657);
#5657 = CARTESIAN_POINT('',(0.1,-2.79,7.35));
#5658 = LINE('',#5659,#5660);
#5659 = CARTESIAN_POINT('',(0.1,-2.84,7.4));
#5660 = VECTOR('',#5661,1.);
#5661 = DIRECTION('',(7.850462293414E-17,0.707106781187,-0.707106781187)
  );
#5662 = ORIENTED_EDGE('',*,*,#5663,.T.);
#5663 = EDGE_CURVE('',#5656,#5664,#5666,.T.);
#5664 = VERTEX_POINT('',#5665);
#5665 = CARTESIAN_POINT('',(0.1,-2.79,1.25));
#5666 = LINE('',#5667,#5668);
#5667 = CARTESIAN_POINT('',(0.1,-2.79,7.35));
#5668 = VECTOR('',#5669,1.);
#5669 = DIRECTION('',(0.,0.,-1.));
#5670 = ORIENTED_EDGE('',*,*,#5671,.T.);
#5671 = EDGE_CURVE('',#5664,#5672,#5674,.T.);
#5672 = VERTEX_POINT('',#5673);
#5673 = CARTESIAN_POINT('',(0.1,-2.29,1.25));
#5674 = LINE('',#5675,#5676);
#5675 = CARTESIAN_POINT('',(0.1,-2.79,1.25));
#5676 = VECTOR('',#5677,1.);
#5677 = DIRECTION('',(1.110223024625E-16,1.,0.));
#5678 = ORIENTED_EDGE('',*,*,#5679,.T.);
#5679 = EDGE_CURVE('',#5672,#5631,#5680,.T.);
#5680 = LINE('',#5681,#5682);
#5681 = CARTESIAN_POINT('',(0.1,-2.29,1.25));
#5682 = VECTOR('',#5683,1.);
#5683 = DIRECTION('',(0.,0.,1.));
#5684 = ORIENTED_EDGE('',*,*,#5638,.T.);
#5685 = ORIENTED_EDGE('',*,*,#5108,.F.);
#5686 = ORIENTED_EDGE('',*,*,#5550,.T.);
#5687 = PLANE('',#5688);
#5688 = AXIS2_PLACEMENT_3D('',#5689,#5690,#5691);
#5689 = CARTESIAN_POINT('',(0.1,-2.54,3.911477598424));
#5690 = DIRECTION('',(-1.,1.110223024625E-16,0.));
#5691 = DIRECTION('',(0.,0.,1.));
#5692 = ADVANCED_FACE('',(#5693),#5704,.T.);
#5693 = FACE_BOUND('',#5694,.T.);
#5694 = EDGE_LOOP('',(#5695,#5696,#5697,#5703));
#5695 = ORIENTED_EDGE('',*,*,#5196,.T.);
#5696 = ORIENTED_EDGE('',*,*,#5655,.T.);
#5697 = ORIENTED_EDGE('',*,*,#5698,.F.);
#5698 = EDGE_CURVE('',#5583,#5656,#5699,.T.);
#5699 = LINE('',#5700,#5701);
#5700 = CARTESIAN_POINT('',(-0.1,-2.79,7.35));
#5701 = VECTOR('',#5702,1.);
#5702 = DIRECTION('',(1.,-1.110223024625E-16,0.));
#5703 = ORIENTED_EDGE('',*,*,#5582,.F.);
#5704 = PLANE('',#5705);
#5705 = AXIS2_PLACEMENT_3D('',#5706,#5707,#5708);
#5706 = CARTESIAN_POINT('',(-0.1,-2.84,7.4));
#5707 = DIRECTION('',(7.850462293414E-17,0.707106781187,0.707106781187)
  );
#5708 = DIRECTION('',(7.850462293414E-17,0.707106781187,-0.707106781187)
  );
#5709 = ADVANCED_FACE('',(#5710),#5721,.T.);
#5710 = FACE_BOUND('',#5711,.T.);
#5711 = EDGE_LOOP('',(#5712,#5713,#5714,#5715));
#5712 = ORIENTED_EDGE('',*,*,#5372,.T.);
#5713 = ORIENTED_EDGE('',*,*,#5235,.T.);
#5714 = ORIENTED_EDGE('',*,*,#5260,.T.);
#5715 = ORIENTED_EDGE('',*,*,#5716,.T.);
#5716 = EDGE_CURVE('',#5261,#5365,#5717,.T.);
#5717 = LINE('',#5718,#5719);
#5718 = CARTESIAN_POINT('',(0.1,-1.110223024625E-17,0.9));
#5719 = VECTOR('',#5720,1.);
#5720 = DIRECTION('',(-1.110223024625E-16,-1.,0.));
#5721 = PLANE('',#5722);
#5722 = AXIS2_PLACEMENT_3D('',#5723,#5724,#5725);
#5723 = CARTESIAN_POINT('',(-8.211024452957E-17,9.116068403433E-33,0.9)
  );
#5724 = DIRECTION('',(0.,0.,1.));
#5725 = DIRECTION('',(1.110223024625E-16,1.,-0.));
#5726 = ADVANCED_FACE('',(#5727),#5738,.T.);
#5727 = FACE_BOUND('',#5728,.T.);
#5728 = EDGE_LOOP('',(#5729,#5730,#5736,#5737));
#5729 = ORIENTED_EDGE('',*,*,#5340,.T.);
#5730 = ORIENTED_EDGE('',*,*,#5731,.F.);
#5731 = EDGE_CURVE('',#5285,#5341,#5732,.T.);
#5732 = LINE('',#5733,#5734);
#5733 = CARTESIAN_POINT('',(-0.1,1.110223024625E-17,0.9));
#5734 = VECTOR('',#5735,1.);
#5735 = DIRECTION('',(-1.110223024625E-16,-1.,0.));
#5736 = ORIENTED_EDGE('',*,*,#5292,.T.);
#5737 = ORIENTED_EDGE('',*,*,#5315,.T.);
#5738 = PLANE('',#5739);
#5739 = AXIS2_PLACEMENT_3D('',#5740,#5741,#5742);
#5740 = CARTESIAN_POINT('',(-8.211024452957E-17,9.116068403433E-33,0.9)
  );
#5741 = DIRECTION('',(0.,0.,1.));
#5742 = DIRECTION('',(1.110223024625E-16,1.,-0.));
#5743 = ADVANCED_FACE('',(#5744),#5787,.T.);
#5744 = FACE_BOUND('',#5745,.T.);
#5745 = EDGE_LOOP('',(#5746,#5747,#5755,#5763,#5771,#5779,#5785,#5786));
#5746 = ORIENTED_EDGE('',*,*,#5348,.F.);
#5747 = ORIENTED_EDGE('',*,*,#5748,.T.);
#5748 = EDGE_CURVE('',#5349,#5749,#5751,.T.);
#5749 = VERTEX_POINT('',#5750);
#5750 = CARTESIAN_POINT('',(-0.1,-0.25,7.35));
#5751 = LINE('',#5752,#5753);
#5752 = CARTESIAN_POINT('',(-0.1,-0.3,7.4));
#5753 = VECTOR('',#5754,1.);
#5754 = DIRECTION('',(7.850462293414E-17,0.707106781187,-0.707106781187)
  );
#5755 = ORIENTED_EDGE('',*,*,#5756,.T.);
#5756 = EDGE_CURVE('',#5749,#5757,#5759,.T.);
#5757 = VERTEX_POINT('',#5758);
#5758 = CARTESIAN_POINT('',(-0.1,-0.25,1.25));
#5759 = LINE('',#5760,#5761);
#5760 = CARTESIAN_POINT('',(-0.1,-0.25,7.35));
#5761 = VECTOR('',#5762,1.);
#5762 = DIRECTION('',(0.,0.,-1.));
#5763 = ORIENTED_EDGE('',*,*,#5764,.T.);
#5764 = EDGE_CURVE('',#5757,#5765,#5767,.T.);
#5765 = VERTEX_POINT('',#5766);
#5766 = CARTESIAN_POINT('',(-0.1,0.25,1.25));
#5767 = LINE('',#5768,#5769);
#5768 = CARTESIAN_POINT('',(-0.1,-0.25,1.25));
#5769 = VECTOR('',#5770,1.);
#5770 = DIRECTION('',(1.110223024625E-16,1.,0.));
#5771 = ORIENTED_EDGE('',*,*,#5772,.T.);
#5772 = EDGE_CURVE('',#5765,#5773,#5775,.T.);
#5773 = VERTEX_POINT('',#5774);
#5774 = CARTESIAN_POINT('',(-0.1,0.25,7.35));
#5775 = LINE('',#5776,#5777);
#5776 = CARTESIAN_POINT('',(-0.1,0.25,1.25));
#5777 = VECTOR('',#5778,1.);
#5778 = DIRECTION('',(0.,0.,1.));
#5779 = ORIENTED_EDGE('',*,*,#5780,.T.);
#5780 = EDGE_CURVE('',#5773,#5277,#5781,.T.);
#5781 = LINE('',#5782,#5783);
#5782 = CARTESIAN_POINT('',(-0.1,0.25,7.35));
#5783 = VECTOR('',#5784,1.);
#5784 = DIRECTION('',(7.850462293414E-17,0.707106781187,0.707106781187)
  );
#5785 = ORIENTED_EDGE('',*,*,#5284,.F.);
#5786 = ORIENTED_EDGE('',*,*,#5731,.T.);
#5787 = PLANE('',#5788);
#5788 = AXIS2_PLACEMENT_3D('',#5789,#5790,#5791);
#5789 = CARTESIAN_POINT('',(-0.1,1.110223024625E-17,3.911477598424));
#5790 = DIRECTION('',(-1.,1.110223024625E-16,0.));
#5791 = DIRECTION('',(0.,0.,1.));
#5792 = ADVANCED_FACE('',(#5793),#5811,.T.);
#5793 = FACE_BOUND('',#5794,.T.);
#5794 = EDGE_LOOP('',(#5795,#5803,#5809,#5810));
#5795 = ORIENTED_EDGE('',*,*,#5796,.T.);
#5796 = EDGE_CURVE('',#5773,#5797,#5799,.T.);
#5797 = VERTEX_POINT('',#5798);
#5798 = CARTESIAN_POINT('',(0.1,0.25,7.35));
#5799 = LINE('',#5800,#5801);
#5800 = CARTESIAN_POINT('',(-0.1,0.25,7.35));
#5801 = VECTOR('',#5802,1.);
#5802 = DIRECTION('',(1.,-1.110223024625E-16,0.));
#5803 = ORIENTED_EDGE('',*,*,#5804,.T.);
#5804 = EDGE_CURVE('',#5797,#5269,#5805,.T.);
#5805 = LINE('',#5806,#5807);
#5806 = CARTESIAN_POINT('',(0.1,0.25,7.35));
#5807 = VECTOR('',#5808,1.);
#5808 = DIRECTION('',(7.850462293414E-17,0.707106781187,0.707106781187)
  );
#5809 = ORIENTED_EDGE('',*,*,#5276,.F.);
#5810 = ORIENTED_EDGE('',*,*,#5780,.F.);
#5811 = PLANE('',#5812);
#5812 = AXIS2_PLACEMENT_3D('',#5813,#5814,#5815);
#5813 = CARTESIAN_POINT('',(-0.1,0.25,7.35));
#5814 = DIRECTION('',(-7.850462293414E-17,-0.707106781187,0.707106781187
    ));
#5815 = DIRECTION('',(7.850462293414E-17,0.707106781187,0.707106781187)
  );
#5816 = ADVANCED_FACE('',(#5817),#5853,.F.);
#5817 = FACE_BOUND('',#5818,.F.);
#5818 = EDGE_LOOP('',(#5819,#5820,#5828,#5836,#5844,#5850,#5851,#5852));
#5819 = ORIENTED_EDGE('',*,*,#5364,.F.);
#5820 = ORIENTED_EDGE('',*,*,#5821,.T.);
#5821 = EDGE_CURVE('',#5357,#5822,#5824,.T.);
#5822 = VERTEX_POINT('',#5823);
#5823 = CARTESIAN_POINT('',(0.1,-0.25,7.35));
#5824 = LINE('',#5825,#5826);
#5825 = CARTESIAN_POINT('',(0.1,-0.3,7.4));
#5826 = VECTOR('',#5827,1.);
#5827 = DIRECTION('',(7.850462293414E-17,0.707106781187,-0.707106781187)
  );
#5828 = ORIENTED_EDGE('',*,*,#5829,.T.);
#5829 = EDGE_CURVE('',#5822,#5830,#5832,.T.);
#5830 = VERTEX_POINT('',#5831);
#5831 = CARTESIAN_POINT('',(0.1,-0.25,1.25));
#5832 = LINE('',#5833,#5834);
#5833 = CARTESIAN_POINT('',(0.1,-0.25,7.35));
#5834 = VECTOR('',#5835,1.);
#5835 = DIRECTION('',(0.,0.,-1.));
#5836 = ORIENTED_EDGE('',*,*,#5837,.T.);
#5837 = EDGE_CURVE('',#5830,#5838,#5840,.T.);
#5838 = VERTEX_POINT('',#5839);
#5839 = CARTESIAN_POINT('',(0.1,0.25,1.25));
#5840 = LINE('',#5841,#5842);
#5841 = CARTESIAN_POINT('',(0.1,-0.25,1.25));
#5842 = VECTOR('',#5843,1.);
#5843 = DIRECTION('',(1.110223024625E-16,1.,0.));
#5844 = ORIENTED_EDGE('',*,*,#5845,.T.);
#5845 = EDGE_CURVE('',#5838,#5797,#5846,.T.);
#5846 = LINE('',#5847,#5848);
#5847 = CARTESIAN_POINT('',(0.1,0.25,1.25));
#5848 = VECTOR('',#5849,1.);
#5849 = DIRECTION('',(0.,0.,1.));
#5850 = ORIENTED_EDGE('',*,*,#5804,.T.);
#5851 = ORIENTED_EDGE('',*,*,#5268,.F.);
#5852 = ORIENTED_EDGE('',*,*,#5716,.T.);
#5853 = PLANE('',#5854);
#5854 = AXIS2_PLACEMENT_3D('',#5855,#5856,#5857);
#5855 = CARTESIAN_POINT('',(0.1,-1.110223024625E-17,3.911477598424));
#5856 = DIRECTION('',(-1.,1.110223024625E-16,0.));
#5857 = DIRECTION('',(0.,0.,1.));
#5858 = ADVANCED_FACE('',(#5859),#5870,.T.);
#5859 = FACE_BOUND('',#5860,.T.);
#5860 = EDGE_LOOP('',(#5861,#5862,#5863,#5869));
#5861 = ORIENTED_EDGE('',*,*,#5356,.T.);
#5862 = ORIENTED_EDGE('',*,*,#5821,.T.);
#5863 = ORIENTED_EDGE('',*,*,#5864,.F.);
#5864 = EDGE_CURVE('',#5749,#5822,#5865,.T.);
#5865 = LINE('',#5866,#5867);
#5866 = CARTESIAN_POINT('',(-0.1,-0.25,7.35));
#5867 = VECTOR('',#5868,1.);
#5868 = DIRECTION('',(1.,-1.110223024625E-16,0.));
#5869 = ORIENTED_EDGE('',*,*,#5748,.F.);
#5870 = PLANE('',#5871);
#5871 = AXIS2_PLACEMENT_3D('',#5872,#5873,#5874);
#5872 = CARTESIAN_POINT('',(-0.1,-0.3,7.4));
#5873 = DIRECTION('',(7.850462293414E-17,0.707106781187,0.707106781187)
  );
#5874 = DIRECTION('',(7.850462293414E-17,0.707106781187,-0.707106781187)
  );
#5875 = ADVANCED_FACE('',(#5876),#5887,.T.);
#5876 = FACE_BOUND('',#5877,.T.);
#5877 = EDGE_LOOP('',(#5878,#5884,#5885,#5886));
#5878 = ORIENTED_EDGE('',*,*,#5879,.T.);
#5879 = EDGE_CURVE('',#5599,#5672,#5880,.T.);
#5880 = LINE('',#5881,#5882);
#5881 = CARTESIAN_POINT('',(-0.1,-2.29,1.25));
#5882 = VECTOR('',#5883,1.);
#5883 = DIRECTION('',(1.,-1.110223024625E-16,0.));
#5884 = ORIENTED_EDGE('',*,*,#5679,.T.);
#5885 = ORIENTED_EDGE('',*,*,#5630,.F.);
#5886 = ORIENTED_EDGE('',*,*,#5606,.F.);
#5887 = PLANE('',#5888);
#5888 = AXIS2_PLACEMENT_3D('',#5889,#5890,#5891);
#5889 = CARTESIAN_POINT('',(-0.1,-2.29,1.25));
#5890 = DIRECTION('',(-1.110223024625E-16,-1.,0.));
#5891 = DIRECTION('',(0.,0.,1.));
#5892 = ADVANCED_FACE('',(#5893),#5904,.T.);
#5893 = FACE_BOUND('',#5894,.T.);
#5894 = EDGE_LOOP('',(#5895,#5901,#5902,#5903));
#5895 = ORIENTED_EDGE('',*,*,#5896,.T.);
#5896 = EDGE_CURVE('',#5591,#5664,#5897,.T.);
#5897 = LINE('',#5898,#5899);
#5898 = CARTESIAN_POINT('',(-0.1,-2.79,1.25));
#5899 = VECTOR('',#5900,1.);
#5900 = DIRECTION('',(1.,-1.110223024625E-16,0.));
#5901 = ORIENTED_EDGE('',*,*,#5671,.T.);
#5902 = ORIENTED_EDGE('',*,*,#5879,.F.);
#5903 = ORIENTED_EDGE('',*,*,#5598,.F.);
#5904 = PLANE('',#5905);
#5905 = AXIS2_PLACEMENT_3D('',#5906,#5907,#5908);
#5906 = CARTESIAN_POINT('',(-0.1,-2.79,1.25));
#5907 = DIRECTION('',(0.,0.,1.));
#5908 = DIRECTION('',(1.110223024625E-16,1.,-0.));
#5909 = ADVANCED_FACE('',(#5910),#5916,.T.);
#5910 = FACE_BOUND('',#5911,.T.);
#5911 = EDGE_LOOP('',(#5912,#5913,#5914,#5915));
#5912 = ORIENTED_EDGE('',*,*,#5698,.T.);
#5913 = ORIENTED_EDGE('',*,*,#5663,.T.);
#5914 = ORIENTED_EDGE('',*,*,#5896,.F.);
#5915 = ORIENTED_EDGE('',*,*,#5590,.F.);
#5916 = PLANE('',#5917);
#5917 = AXIS2_PLACEMENT_3D('',#5918,#5919,#5920);
#5918 = CARTESIAN_POINT('',(-0.1,-2.79,7.35));
#5919 = DIRECTION('',(1.110223024625E-16,1.,0.));
#5920 = DIRECTION('',(0.,0.,-1.));
#5921 = ADVANCED_FACE('',(#5922),#5933,.T.);
#5922 = FACE_BOUND('',#5923,.T.);
#5923 = EDGE_LOOP('',(#5924,#5930,#5931,#5932));
#5924 = ORIENTED_EDGE('',*,*,#5925,.T.);
#5925 = EDGE_CURVE('',#5765,#5838,#5926,.T.);
#5926 = LINE('',#5927,#5928);
#5927 = CARTESIAN_POINT('',(-0.1,0.25,1.25));
#5928 = VECTOR('',#5929,1.);
#5929 = DIRECTION('',(1.,-1.110223024625E-16,0.));
#5930 = ORIENTED_EDGE('',*,*,#5845,.T.);
#5931 = ORIENTED_EDGE('',*,*,#5796,.F.);
#5932 = ORIENTED_EDGE('',*,*,#5772,.F.);
#5933 = PLANE('',#5934);
#5934 = AXIS2_PLACEMENT_3D('',#5935,#5936,#5937);
#5935 = CARTESIAN_POINT('',(-0.1,0.25,1.25));
#5936 = DIRECTION('',(-1.110223024625E-16,-1.,0.));
#5937 = DIRECTION('',(0.,0.,1.));
#5938 = ADVANCED_FACE('',(#5939),#5950,.T.);
#5939 = FACE_BOUND('',#5940,.T.);
#5940 = EDGE_LOOP('',(#5941,#5947,#5948,#5949));
#5941 = ORIENTED_EDGE('',*,*,#5942,.T.);
#5942 = EDGE_CURVE('',#5757,#5830,#5943,.T.);
#5943 = LINE('',#5944,#5945);
#5944 = CARTESIAN_POINT('',(-0.1,-0.25,1.25));
#5945 = VECTOR('',#5946,1.);
#5946 = DIRECTION('',(1.,-1.110223024625E-16,0.));
#5947 = ORIENTED_EDGE('',*,*,#5837,.T.);
#5948 = ORIENTED_EDGE('',*,*,#5925,.F.);
#5949 = ORIENTED_EDGE('',*,*,#5764,.F.);
#5950 = PLANE('',#5951);
#5951 = AXIS2_PLACEMENT_3D('',#5952,#5953,#5954);
#5952 = CARTESIAN_POINT('',(-0.1,-0.25,1.25));
#5953 = DIRECTION('',(0.,0.,1.));
#5954 = DIRECTION('',(1.110223024625E-16,1.,-0.));
#5955 = ADVANCED_FACE('',(#5956),#5962,.T.);
#5956 = FACE_BOUND('',#5957,.T.);
#5957 = EDGE_LOOP('',(#5958,#5959,#5960,#5961));
#5958 = ORIENTED_EDGE('',*,*,#5864,.T.);
#5959 = ORIENTED_EDGE('',*,*,#5829,.T.);
#5960 = ORIENTED_EDGE('',*,*,#5942,.F.);
#5961 = ORIENTED_EDGE('',*,*,#5756,.F.);
#5962 = PLANE('',#5963);
#5963 = AXIS2_PLACEMENT_3D('',#5964,#5965,#5966);
#5964 = CARTESIAN_POINT('',(-0.1,-0.25,7.35));
#5965 = DIRECTION('',(1.110223024625E-16,1.,0.));
#5966 = DIRECTION('',(0.,0.,-1.));
#5967 = ( GEOMETRIC_REPRESENTATION_CONTEXT(3) 
GLOBAL_UNCERTAINTY_ASSIGNED_CONTEXT((#5971)) 
GLOBAL_UNIT_ASSIGNED_CONTEXT((#5968,#5969,#5970)) REPRESENTATION_CONTEXT
('Context #1','3D Context with UNIT and UNCERTAINTY') );
#5968 = ( LENGTH_UNIT() NAMED_UNIT(*) SI_UNIT(.MILLI.,.METRE.) );
#5969 = ( NAMED_UNIT(*) PLANE_ANGLE_UNIT() SI_UNIT($,.RADIAN.) );
#5970 = ( NAMED_UNIT(*) SI_UNIT($,.STERADIAN.) SOLID_ANGLE_UNIT() );
#5971 = UNCERTAINTY_MEASURE_WITH_UNIT(LENGTH_MEASURE(1.E-07),#5968,
  'distance_accuracy_value','confusion accuracy');
#5972 = CONTEXT_DEPENDENT_SHAPE_REPRESENTATION(#5973,#5975);
#5973 = ( REPRESENTATION_RELATIONSHIP('','',#4132,#10) 
REPRESENTATION_RELATIONSHIP_WITH_TRANSFORMATION(#5974) 
SHAPE_REPRESENTATION_RELATIONSHIP() );
#5974 = ITEM_DEFINED_TRANSFORMATION('','',#11,#23);
#5975 = PRODUCT_DEFINITION_SHAPE('Placement','Placement of an item',
  #5976);
#5976 = NEXT_ASSEMBLY_USAGE_OCCURRENCE('3','J6','',#5,#4127,$);
#5977 = PRODUCT_RELATED_PRODUCT_CATEGORY('part',$,(#4129));
#5978 = SHAPE_DEFINITION_REPRESENTATION(#5979,#5985);
#5979 = PRODUCT_DEFINITION_SHAPE('','',#5980);
#5980 = PRODUCT_DEFINITION('design','',#5981,#5984);
#5981 = PRODUCT_DEFINITION_FORMATION('','',#5982);
#5982 = PRODUCT('PinHeader_1x06_P2.54mm_Vertical',
  'PinHeader_1x06_P2.54mm_Vertical','',(#5983));
#5983 = PRODUCT_CONTEXT('',#2,'mechanical');
#5984 = PRODUCT_DEFINITION_CONTEXT('part definition',#2,'design');
#5985 = ADVANCED_BREP_SHAPE_REPRESENTATION('',(#11,#5986),#10114);
#5986 = MANIFOLD_SOLID_BREP('',#5987);
#5987 = CLOSED_SHELL('',(#5988,#6028,#6059,#6090,#6583,#7076,#7093,#7110
    ,#7127,#7144,#7161,#7178,#7195,#7212,#7229,#7246,#7263,#7280,#7297,
    #7314,#7331,#7348,#7365,#7382,#7399,#7416,#7433,#7450,#7467,#7484,
    #7501,#7518,#7535,#7552,#7569,#7586,#7603,#7620,#7637,#7654,#7666,
    #7697,#7721,#7745,#7762,#7793,#7817,#7841,#7858,#7889,#7913,#7937,
    #7954,#7985,#8009,#8033,#8050,#8081,#8105,#8129,#8146,#8177,#8201,
    #8225,#8242,#8273,#8297,#8321,#8338,#8369,#8393,#8417,#8434,#8465,
    #8489,#8513,#8530,#8561,#8585,#8609,#8626,#8657,#8681,#8705,#8722,
    #8753,#8777,#8801,#8818,#8849,#8873,#8897,#8914,#8945,#8969,#8993,
    #9010,#9041,#9065,#9089,#9106,#9137,#9161,#9185,#9202,#9233,#9257,
    #9281,#9298,#9329,#9353,#9377,#9394,#9425,#9449,#9473,#9490,#9521,
    #9545,#9569,#9586,#9617,#9641,#9665,#9682,#9713,#9737,#9761,#9778,
    #9809,#9833,#9857,#9874,#9905,#9929,#9953,#9970,#9982,#9994,#10006,
    #10018,#10030,#10042,#10054,#10066,#10078,#10090,#10102));
#5988 = ADVANCED_FACE('',(#5989),#6023,.F.);
#5989 = FACE_BOUND('',#5990,.F.);
#5990 = EDGE_LOOP('',(#5991,#6001,#6009,#6017));
#5991 = ORIENTED_EDGE('',*,*,#5992,.T.);
#5992 = EDGE_CURVE('',#5993,#5995,#5997,.T.);
#5993 = VERTEX_POINT('',#5994);
#5994 = CARTESIAN_POINT('',(-1.016,1.27,0.));
#5995 = VERTEX_POINT('',#5996);
#5996 = CARTESIAN_POINT('',(-1.016,1.27,2.54));
#5997 = LINE('',#5998,#5999);
#5998 = CARTESIAN_POINT('',(-1.016,1.27,0.));
#5999 = VECTOR('',#6000,1.);
#6000 = DIRECTION('',(0.,0.,1.));
#6001 = ORIENTED_EDGE('',*,*,#6002,.T.);
#6002 = EDGE_CURVE('',#5995,#6003,#6005,.T.);
#6003 = VERTEX_POINT('',#6004);
#6004 = CARTESIAN_POINT('',(-1.27,1.016,2.54));
#6005 = LINE('',#6006,#6007);
#6006 = CARTESIAN_POINT('',(-1.016,1.27,2.54));
#6007 = VECTOR('',#6008,1.);
#6008 = DIRECTION('',(-0.707106781187,-0.707106781187,0.));
#6009 = ORIENTED_EDGE('',*,*,#6010,.F.);
#6010 = EDGE_CURVE('',#6011,#6003,#6013,.T.);
#6011 = VERTEX_POINT('',#6012);
#6012 = CARTESIAN_POINT('',(-1.27,1.016,0.));
#6013 = LINE('',#6014,#6015);
#6014 = CARTESIAN_POINT('',(-1.27,1.016,0.));
#6015 = VECTOR('',#6016,1.);
#6016 = DIRECTION('',(0.,0.,1.));
#6017 = ORIENTED_EDGE('',*,*,#6018,.F.);
#6018 = EDGE_CURVE('',#5993,#6011,#6019,.T.);
#6019 = LINE('',#6020,#6021);
#6020 = CARTESIAN_POINT('',(-1.016,1.27,0.));
#6021 = VECTOR('',#6022,1.);
#6022 = DIRECTION('',(-0.707106781187,-0.707106781187,0.));
#6023 = PLANE('',#6024);
#6024 = AXIS2_PLACEMENT_3D('',#6025,#6026,#6027);
#6025 = CARTESIAN_POINT('',(-1.016,1.27,0.));
#6026 = DIRECTION('',(0.707106781187,-0.707106781187,0.));
#6027 = DIRECTION('',(-0.707106781187,-0.707106781187,0.));
#6028 = ADVANCED_FACE('',(#6029),#6054,.F.);
#6029 = FACE_BOUND('',#6030,.F.);
#6030 = EDGE_LOOP('',(#6031,#6041,#6047,#6048));
#6031 = ORIENTED_EDGE('',*,*,#6032,.T.);
#6032 = EDGE_CURVE('',#6033,#6035,#6037,.T.);
#6033 = VERTEX_POINT('',#6034);
#6034 = CARTESIAN_POINT('',(1.016,1.27,0.));
#6035 = VERTEX_POINT('',#6036);
#6036 = CARTESIAN_POINT('',(1.016,1.27,2.54));
#6037 = LINE('',#6038,#6039);
#6038 = CARTESIAN_POINT('',(1.016,1.27,0.));
#6039 = VECTOR('',#6040,1.);
#6040 = DIRECTION('',(0.,0.,1.));
#6041 = ORIENTED_EDGE('',*,*,#6042,.T.);
#6042 = EDGE_CURVE('',#6035,#5995,#6043,.T.);
#6043 = LINE('',#6044,#6045);
#6044 = CARTESIAN_POINT('',(1.016,1.27,2.54));
#6045 = VECTOR('',#6046,1.);
#6046 = DIRECTION('',(-1.,0.,0.));
#6047 = ORIENTED_EDGE('',*,*,#5992,.F.);
#6048 = ORIENTED_EDGE('',*,*,#6049,.F.);
#6049 = EDGE_CURVE('',#6033,#5993,#6050,.T.);
#6050 = LINE('',#6051,#6052);
#6051 = CARTESIAN_POINT('',(1.016,1.27,0.));
#6052 = VECTOR('',#6053,1.);
#6053 = DIRECTION('',(-1.,0.,0.));
#6054 = PLANE('',#6055);
#6055 = AXIS2_PLACEMENT_3D('',#6056,#6057,#6058);
#6056 = CARTESIAN_POINT('',(1.016,1.27,0.));
#6057 = DIRECTION('',(0.,-1.,0.));
#6058 = DIRECTION('',(-1.,0.,0.));
#6059 = ADVANCED_FACE('',(#6060),#6085,.F.);
#6060 = FACE_BOUND('',#6061,.F.);
#6061 = EDGE_LOOP('',(#6062,#6063,#6071,#6079));
#6062 = ORIENTED_EDGE('',*,*,#6010,.T.);
#6063 = ORIENTED_EDGE('',*,*,#6064,.T.);
#6064 = EDGE_CURVE('',#6003,#6065,#6067,.T.);
#6065 = VERTEX_POINT('',#6066);
#6066 = CARTESIAN_POINT('',(-1.27,-1.016,2.54));
#6067 = LINE('',#6068,#6069);
#6068 = CARTESIAN_POINT('',(-1.27,1.016,2.54));
#6069 = VECTOR('',#6070,1.);
#6070 = DIRECTION('',(0.,-1.,0.));
#6071 = ORIENTED_EDGE('',*,*,#6072,.F.);
#6072 = EDGE_CURVE('',#6073,#6065,#6075,.T.);
#6073 = VERTEX_POINT('',#6074);
#6074 = CARTESIAN_POINT('',(-1.27,-1.016,0.));
#6075 = LINE('',#6076,#6077);
#6076 = CARTESIAN_POINT('',(-1.27,-1.016,0.));
#6077 = VECTOR('',#6078,1.);
#6078 = DIRECTION('',(0.,0.,1.));
#6079 = ORIENTED_EDGE('',*,*,#6080,.F.);
#6080 = EDGE_CURVE('',#6011,#6073,#6081,.T.);
#6081 = LINE('',#6082,#6083);
#6082 = CARTESIAN_POINT('',(-1.27,1.016,0.));
#6083 = VECTOR('',#6084,1.);
#6084 = DIRECTION('',(0.,-1.,0.));
#6085 = PLANE('',#6086);
#6086 = AXIS2_PLACEMENT_3D('',#6087,#6088,#6089);
#6087 = CARTESIAN_POINT('',(-1.27,1.016,0.));
#6088 = DIRECTION('',(1.,0.,0.));
#6089 = DIRECTION('',(0.,-1.,0.));
#6090 = ADVANCED_FACE('',(#6091,#6374,#6408,#6442,#6476,#6510,#6544),
  #6578,.F.);
#6091 = FACE_BOUND('',#6092,.F.);
#6092 = EDGE_LOOP('',(#6093,#6094,#6095,#6103,#6111,#6119,#6127,#6135,
    #6143,#6151,#6159,#6167,#6175,#6183,#6191,#6199,#6207,#6215,#6223,
    #6231,#6239,#6247,#6255,#6263,#6271,#6279,#6287,#6295,#6303,#6311,
    #6319,#6327,#6335,#6343,#6351,#6359,#6367,#6373));
#6093 = ORIENTED_EDGE('',*,*,#6018,.T.);
#6094 = ORIENTED_EDGE('',*,*,#6080,.T.);
#6095 = ORIENTED_EDGE('',*,*,#6096,.T.);
#6096 = EDGE_CURVE('',#6073,#6097,#6099,.T.);
#6097 = VERTEX_POINT('',#6098);
#6098 = CARTESIAN_POINT('',(-1.016,-1.27,0.));
#6099 = LINE('',#6100,#6101);
#6100 = CARTESIAN_POINT('',(-1.27,-1.016,0.));
#6101 = VECTOR('',#6102,1.);
#6102 = DIRECTION('',(0.707106781187,-0.707106781187,0.));
#6103 = ORIENTED_EDGE('',*,*,#6104,.T.);
#6104 = EDGE_CURVE('',#6097,#6105,#6107,.T.);
#6105 = VERTEX_POINT('',#6106);
#6106 = CARTESIAN_POINT('',(-1.27,-1.524,0.));
#6107 = LINE('',#6108,#6109);
#6108 = CARTESIAN_POINT('',(-1.016,-1.27,0.));
#6109 = VECTOR('',#6110,1.);
#6110 = DIRECTION('',(-0.707106781187,-0.707106781187,0.));
#6111 = ORIENTED_EDGE('',*,*,#6112,.T.);
#6112 = EDGE_CURVE('',#6105,#6113,#6115,.T.);
#6113 = VERTEX_POINT('',#6114);
#6114 = CARTESIAN_POINT('',(-1.27,-3.556,0.));
#6115 = LINE('',#6116,#6117);
#6116 = CARTESIAN_POINT('',(-1.27,-1.524,0.));
#6117 = VECTOR('',#6118,1.);
#6118 = DIRECTION('',(0.,-1.,0.));
#6119 = ORIENTED_EDGE('',*,*,#6120,.T.);
#6120 = EDGE_CURVE('',#6113,#6121,#6123,.T.);
#6121 = VERTEX_POINT('',#6122);
#6122 = CARTESIAN_POINT('',(-1.016,-3.81,0.));
#6123 = LINE('',#6124,#6125);
#6124 = CARTESIAN_POINT('',(-1.27,-3.556,0.));
#6125 = VECTOR('',#6126,1.);
#6126 = DIRECTION('',(0.707106781187,-0.707106781187,0.));
#6127 = ORIENTED_EDGE('',*,*,#6128,.T.);
#6128 = EDGE_CURVE('',#6121,#6129,#6131,.T.);
#6129 = VERTEX_POINT('',#6130);
#6130 = CARTESIAN_POINT('',(-1.27,-4.064,0.));
#6131 = LINE('',#6132,#6133);
#6132 = CARTESIAN_POINT('',(-1.016,-3.81,0.));
#6133 = VECTOR('',#6134,1.);
#6134 = DIRECTION('',(-0.707106781187,-0.707106781187,0.));
#6135 = ORIENTED_EDGE('',*,*,#6136,.T.);
#6136 = EDGE_CURVE('',#6129,#6137,#6139,.T.);
#6137 = VERTEX_POINT('',#6138);
#6138 = CARTESIAN_POINT('',(-1.27,-6.096,0.));
#6139 = LINE('',#6140,#6141);
#6140 = CARTESIAN_POINT('',(-1.27,-4.064,0.));
#6141 = VECTOR('',#6142,1.);
#6142 = DIRECTION('',(0.,-1.,0.));
#6143 = ORIENTED_EDGE('',*,*,#6144,.T.);
#6144 = EDGE_CURVE('',#6137,#6145,#6147,.T.);
#6145 = VERTEX_POINT('',#6146);
#6146 = CARTESIAN_POINT('',(-1.016,-6.35,0.));
#6147 = LINE('',#6148,#6149);
#6148 = CARTESIAN_POINT('',(-1.27,-6.096,0.));
#6149 = VECTOR('',#6150,1.);
#6150 = DIRECTION('',(0.707106781187,-0.707106781187,0.));
#6151 = ORIENTED_EDGE('',*,*,#6152,.T.);
#6152 = EDGE_CURVE('',#6145,#6153,#6155,.T.);
#6153 = VERTEX_POINT('',#6154);
#6154 = CARTESIAN_POINT('',(-1.27,-6.604,0.));
#6155 = LINE('',#6156,#6157);
#6156 = CARTESIAN_POINT('',(-1.016,-6.35,0.));
#6157 = VECTOR('',#6158,1.);
#6158 = DIRECTION('',(-0.707106781187,-0.707106781187,0.));
#6159 = ORIENTED_EDGE('',*,*,#6160,.T.);
#6160 = EDGE_CURVE('',#6153,#6161,#6163,.T.);
#6161 = VERTEX_POINT('',#6162);
#6162 = CARTESIAN_POINT('',(-1.27,-8.636,0.));
#6163 = LINE('',#6164,#6165);
#6164 = CARTESIAN_POINT('',(-1.27,-6.604,0.));
#6165 = VECTOR('',#6166,1.);
#6166 = DIRECTION('',(0.,-1.,0.));
#6167 = ORIENTED_EDGE('',*,*,#6168,.T.);
#6168 = EDGE_CURVE('',#6161,#6169,#6171,.T.);
#6169 = VERTEX_POINT('',#6170);
#6170 = CARTESIAN_POINT('',(-1.016,-8.89,0.));
#6171 = LINE('',#6172,#6173);
#6172 = CARTESIAN_POINT('',(-1.27,-8.636,0.));
#6173 = VECTOR('',#6174,1.);
#6174 = DIRECTION('',(0.707106781187,-0.707106781187,0.));
#6175 = ORIENTED_EDGE('',*,*,#6176,.T.);
#6176 = EDGE_CURVE('',#6169,#6177,#6179,.T.);
#6177 = VERTEX_POINT('',#6178);
#6178 = CARTESIAN_POINT('',(-1.27,-9.144,0.));
#6179 = LINE('',#6180,#6181);
#6180 = CARTESIAN_POINT('',(-1.016,-8.89,0.));
#6181 = VECTOR('',#6182,1.);
#6182 = DIRECTION('',(-0.707106781187,-0.707106781187,0.));
#6183 = ORIENTED_EDGE('',*,*,#6184,.T.);
#6184 = EDGE_CURVE('',#6177,#6185,#6187,.T.);
#6185 = VERTEX_POINT('',#6186);
#6186 = CARTESIAN_POINT('',(-1.27,-11.176,0.));
#6187 = LINE('',#6188,#6189);
#6188 = CARTESIAN_POINT('',(-1.27,-9.144,0.));
#6189 = VECTOR('',#6190,1.);
#6190 = DIRECTION('',(0.,-1.,0.));
#6191 = ORIENTED_EDGE('',*,*,#6192,.T.);
#6192 = EDGE_CURVE('',#6185,#6193,#6195,.T.);
#6193 = VERTEX_POINT('',#6194);
#6194 = CARTESIAN_POINT('',(-1.016,-11.43,0.));
#6195 = LINE('',#6196,#6197);
#6196 = CARTESIAN_POINT('',(-1.27,-11.176,0.));
#6197 = VECTOR('',#6198,1.);
#6198 = DIRECTION('',(0.707106781187,-0.707106781187,0.));
#6199 = ORIENTED_EDGE('',*,*,#6200,.T.);
#6200 = EDGE_CURVE('',#6193,#6201,#6203,.T.);
#6201 = VERTEX_POINT('',#6202);
#6202 = CARTESIAN_POINT('',(-1.27,-11.684,0.));
#6203 = LINE('',#6204,#6205);
#6204 = CARTESIAN_POINT('',(-1.016,-11.43,0.));
#6205 = VECTOR('',#6206,1.);
#6206 = DIRECTION('',(-0.707106781187,-0.707106781187,0.));
#6207 = ORIENTED_EDGE('',*,*,#6208,.T.);
#6208 = EDGE_CURVE('',#6201,#6209,#6211,.T.);
#6209 = VERTEX_POINT('',#6210);
#6210 = CARTESIAN_POINT('',(-1.27,-13.716,0.));
#6211 = LINE('',#6212,#6213);
#6212 = CARTESIAN_POINT('',(-1.27,-11.684,0.));
#6213 = VECTOR('',#6214,1.);
#6214 = DIRECTION('',(0.,-1.,0.));
#6215 = ORIENTED_EDGE('',*,*,#6216,.T.);
#6216 = EDGE_CURVE('',#6209,#6217,#6219,.T.);
#6217 = VERTEX_POINT('',#6218);
#6218 = CARTESIAN_POINT('',(-1.016,-13.97,0.));
#6219 = LINE('',#6220,#6221);
#6220 = CARTESIAN_POINT('',(-1.27,-13.716,0.));
#6221 = VECTOR('',#6222,1.);
#6222 = DIRECTION('',(0.707106781187,-0.707106781187,0.));
#6223 = ORIENTED_EDGE('',*,*,#6224,.T.);
#6224 = EDGE_CURVE('',#6217,#6225,#6227,.T.);
#6225 = VERTEX_POINT('',#6226);
#6226 = CARTESIAN_POINT('',(1.016,-13.97,0.));
#6227 = LINE('',#6228,#6229);
#6228 = CARTESIAN_POINT('',(-1.016,-13.97,0.));
#6229 = VECTOR('',#6230,1.);
#6230 = DIRECTION('',(1.,0.,0.));
#6231 = ORIENTED_EDGE('',*,*,#6232,.T.);
#6232 = EDGE_CURVE('',#6225,#6233,#6235,.T.);
#6233 = VERTEX_POINT('',#6234);
#6234 = CARTESIAN_POINT('',(1.27,-13.716,0.));
#6235 = LINE('',#6236,#6237);
#6236 = CARTESIAN_POINT('',(1.016,-13.97,0.));
#6237 = VECTOR('',#6238,1.);
#6238 = DIRECTION('',(0.707106781187,0.707106781187,0.));
#6239 = ORIENTED_EDGE('',*,*,#6240,.T.);
#6240 = EDGE_CURVE('',#6233,#6241,#6243,.T.);
#6241 = VERTEX_POINT('',#6242);
#6242 = CARTESIAN_POINT('',(1.27,-11.684,0.));
#6243 = LINE('',#6244,#6245);
#6244 = CARTESIAN_POINT('',(1.27,-13.716,0.));
#6245 = VECTOR('',#6246,1.);
#6246 = DIRECTION('',(0.,1.,0.));
#6247 = ORIENTED_EDGE('',*,*,#6248,.T.);
#6248 = EDGE_CURVE('',#6241,#6249,#6251,.T.);
#6249 = VERTEX_POINT('',#6250);
#6250 = CARTESIAN_POINT('',(1.016,-11.43,0.));
#6251 = LINE('',#6252,#6253);
#6252 = CARTESIAN_POINT('',(1.27,-11.684,0.));
#6253 = VECTOR('',#6254,1.);
#6254 = DIRECTION('',(-0.707106781187,0.707106781187,0.));
#6255 = ORIENTED_EDGE('',*,*,#6256,.T.);
#6256 = EDGE_CURVE('',#6249,#6257,#6259,.T.);
#6257 = VERTEX_POINT('',#6258);
#6258 = CARTESIAN_POINT('',(1.27,-11.176,0.));
#6259 = LINE('',#6260,#6261);
#6260 = CARTESIAN_POINT('',(1.016,-11.43,0.));
#6261 = VECTOR('',#6262,1.);
#6262 = DIRECTION('',(0.707106781187,0.707106781187,0.));
#6263 = ORIENTED_EDGE('',*,*,#6264,.T.);
#6264 = EDGE_CURVE('',#6257,#6265,#6267,.T.);
#6265 = VERTEX_POINT('',#6266);
#6266 = CARTESIAN_POINT('',(1.27,-9.144,0.));
#6267 = LINE('',#6268,#6269);
#6268 = CARTESIAN_POINT('',(1.27,-11.176,0.));
#6269 = VECTOR('',#6270,1.);
#6270 = DIRECTION('',(0.,1.,0.));
#6271 = ORIENTED_EDGE('',*,*,#6272,.T.);
#6272 = EDGE_CURVE('',#6265,#6273,#6275,.T.);
#6273 = VERTEX_POINT('',#6274);
#6274 = CARTESIAN_POINT('',(1.016,-8.89,0.));
#6275 = LINE('',#6276,#6277);
#6276 = CARTESIAN_POINT('',(1.27,-9.144,0.));
#6277 = VECTOR('',#6278,1.);
#6278 = DIRECTION('',(-0.707106781187,0.707106781187,0.));
#6279 = ORIENTED_EDGE('',*,*,#6280,.T.);
#6280 = EDGE_CURVE('',#6273,#6281,#6283,.T.);
#6281 = VERTEX_POINT('',#6282);
#6282 = CARTESIAN_POINT('',(1.27,-8.636,0.));
#6283 = LINE('',#6284,#6285);
#6284 = CARTESIAN_POINT('',(1.016,-8.89,0.));
#6285 = VECTOR('',#6286,1.);
#6286 = DIRECTION('',(0.707106781187,0.707106781187,0.));
#6287 = ORIENTED_EDGE('',*,*,#6288,.T.);
#6288 = EDGE_CURVE('',#6281,#6289,#6291,.T.);
#6289 = VERTEX_POINT('',#6290);
#6290 = CARTESIAN_POINT('',(1.27,-6.604,0.));
#6291 = LINE('',#6292,#6293);
#6292 = CARTESIAN_POINT('',(1.27,-8.636,0.));
#6293 = VECTOR('',#6294,1.);
#6294 = DIRECTION('',(0.,1.,0.));
#6295 = ORIENTED_EDGE('',*,*,#6296,.T.);
#6296 = EDGE_CURVE('',#6289,#6297,#6299,.T.);
#6297 = VERTEX_POINT('',#6298);
#6298 = CARTESIAN_POINT('',(1.016,-6.35,0.));
#6299 = LINE('',#6300,#6301);
#6300 = CARTESIAN_POINT('',(1.27,-6.604,0.));
#6301 = VECTOR('',#6302,1.);
#6302 = DIRECTION('',(-0.707106781187,0.707106781187,0.));
#6303 = ORIENTED_EDGE('',*,*,#6304,.T.);
#6304 = EDGE_CURVE('',#6297,#6305,#6307,.T.);
#6305 = VERTEX_POINT('',#6306);
#6306 = CARTESIAN_POINT('',(1.27,-6.096,0.));
#6307 = LINE('',#6308,#6309);
#6308 = CARTESIAN_POINT('',(1.016,-6.35,0.));
#6309 = VECTOR('',#6310,1.);
#6310 = DIRECTION('',(0.707106781187,0.707106781187,0.));
#6311 = ORIENTED_EDGE('',*,*,#6312,.T.);
#6312 = EDGE_CURVE('',#6305,#6313,#6315,.T.);
#6313 = VERTEX_POINT('',#6314);
#6314 = CARTESIAN_POINT('',(1.27,-4.064,0.));
#6315 = LINE('',#6316,#6317);
#6316 = CARTESIAN_POINT('',(1.27,-6.096,0.));
#6317 = VECTOR('',#6318,1.);
#6318 = DIRECTION('',(0.,1.,0.));
#6319 = ORIENTED_EDGE('',*,*,#6320,.T.);
#6320 = EDGE_CURVE('',#6313,#6321,#6323,.T.);
#6321 = VERTEX_POINT('',#6322);
#6322 = CARTESIAN_POINT('',(1.016,-3.81,0.));
#6323 = LINE('',#6324,#6325);
#6324 = CARTESIAN_POINT('',(1.27,-4.064,0.));
#6325 = VECTOR('',#6326,1.);
#6326 = DIRECTION('',(-0.707106781187,0.707106781187,0.));
#6327 = ORIENTED_EDGE('',*,*,#6328,.T.);
#6328 = EDGE_CURVE('',#6321,#6329,#6331,.T.);
#6329 = VERTEX_POINT('',#6330);
#6330 = CARTESIAN_POINT('',(1.27,-3.556,0.));
#6331 = LINE('',#6332,#6333);
#6332 = CARTESIAN_POINT('',(1.016,-3.81,0.));
#6333 = VECTOR('',#6334,1.);
#6334 = DIRECTION('',(0.707106781187,0.707106781187,0.));
#6335 = ORIENTED_EDGE('',*,*,#6336,.T.);
#6336 = EDGE_CURVE('',#6329,#6337,#6339,.T.);
#6337 = VERTEX_POINT('',#6338);
#6338 = CARTESIAN_POINT('',(1.27,-1.524,0.));
#6339 = LINE('',#6340,#6341);
#6340 = CARTESIAN_POINT('',(1.27,-3.556,0.));
#6341 = VECTOR('',#6342,1.);
#6342 = DIRECTION('',(0.,1.,0.));
#6343 = ORIENTED_EDGE('',*,*,#6344,.T.);
#6344 = EDGE_CURVE('',#6337,#6345,#6347,.T.);
#6345 = VERTEX_POINT('',#6346);
#6346 = CARTESIAN_POINT('',(1.016,-1.27,0.));
#6347 = LINE('',#6348,#6349);
#6348 = CARTESIAN_POINT('',(1.27,-1.524,0.));
#6349 = VECTOR('',#6350,1.);
#6350 = DIRECTION('',(-0.707106781187,0.707106781187,0.));
#6351 = ORIENTED_EDGE('',*,*,#6352,.T.);
#6352 = EDGE_CURVE('',#6345,#6353,#6355,.T.);
#6353 = VERTEX_POINT('',#6354);
#6354 = CARTESIAN_POINT('',(1.27,-1.016,0.));
#6355 = LINE('',#6356,#6357);
#6356 = CARTESIAN_POINT('',(1.016,-1.27,0.));
#6357 = VECTOR('',#6358,1.);
#6358 = DIRECTION('',(0.707106781187,0.707106781187,0.));
#6359 = ORIENTED_EDGE('',*,*,#6360,.T.);
#6360 = EDGE_CURVE('',#6353,#6361,#6363,.T.);
#6361 = VERTEX_POINT('',#6362);
#6362 = CARTESIAN_POINT('',(1.27,1.016,0.));
#6363 = LINE('',#6364,#6365);
#6364 = CARTESIAN_POINT('',(1.27,-1.016,0.));
#6365 = VECTOR('',#6366,1.);
#6366 = DIRECTION('',(0.,1.,0.));
#6367 = ORIENTED_EDGE('',*,*,#6368,.T.);
#6368 = EDGE_CURVE('',#6361,#6033,#6369,.T.);
#6369 = LINE('',#6370,#6371);
#6370 = CARTESIAN_POINT('',(1.27,1.016,0.));
#6371 = VECTOR('',#6372,1.);
#6372 = DIRECTION('',(-0.707106781187,0.707106781187,0.));
#6373 = ORIENTED_EDGE('',*,*,#6049,.T.);
#6374 = FACE_BOUND('',#6375,.F.);
#6375 = EDGE_LOOP('',(#6376,#6386,#6394,#6402));
#6376 = ORIENTED_EDGE('',*,*,#6377,.F.);
#6377 = EDGE_CURVE('',#6378,#6380,#6382,.T.);
#6378 = VERTEX_POINT('',#6379);
#6379 = CARTESIAN_POINT('',(0.32,-0.32,0.));
#6380 = VERTEX_POINT('',#6381);
#6381 = CARTESIAN_POINT('',(0.32,0.32,0.));
#6382 = LINE('',#6383,#6384);
#6383 = CARTESIAN_POINT('',(0.32,-3.335,0.));
#6384 = VECTOR('',#6385,1.);
#6385 = DIRECTION('',(0.,1.,0.));
#6386 = ORIENTED_EDGE('',*,*,#6387,.T.);
#6387 = EDGE_CURVE('',#6378,#6388,#6390,.T.);
#6388 = VERTEX_POINT('',#6389);
#6389 = CARTESIAN_POINT('',(-0.32,-0.32,0.));
#6390 = LINE('',#6391,#6392);
#6391 = CARTESIAN_POINT('',(-0.16,-0.32,0.));
#6392 = VECTOR('',#6393,1.);
#6393 = DIRECTION('',(-1.,0.,0.));
#6394 = ORIENTED_EDGE('',*,*,#6395,.T.);
#6395 = EDGE_CURVE('',#6388,#6396,#6398,.T.);
#6396 = VERTEX_POINT('',#6397);
#6397 = CARTESIAN_POINT('',(-0.32,0.32,0.));
#6398 = LINE('',#6399,#6400);
#6399 = CARTESIAN_POINT('',(-0.32,-3.335,0.));
#6400 = VECTOR('',#6401,1.);
#6401 = DIRECTION('',(0.,1.,0.));
#6402 = ORIENTED_EDGE('',*,*,#6403,.F.);
#6403 = EDGE_CURVE('',#6380,#6396,#6404,.T.);
#6404 = LINE('',#6405,#6406);
#6405 = CARTESIAN_POINT('',(-0.16,0.32,0.));
#6406 = VECTOR('',#6407,1.);
#6407 = DIRECTION('',(-1.,0.,0.));
#6408 = FACE_BOUND('',#6409,.F.);
#6409 = EDGE_LOOP('',(#6410,#6420,#6428,#6436));
#6410 = ORIENTED_EDGE('',*,*,#6411,.F.);
#6411 = EDGE_CURVE('',#6412,#6414,#6416,.T.);
#6412 = VERTEX_POINT('',#6413);
#6413 = CARTESIAN_POINT('',(0.32,-5.4,0.));
#6414 = VERTEX_POINT('',#6415);
#6415 = CARTESIAN_POINT('',(0.32,-4.76,0.));
#6416 = LINE('',#6417,#6418);
#6417 = CARTESIAN_POINT('',(0.32,-5.875,0.));
#6418 = VECTOR('',#6419,1.);
#6419 = DIRECTION('',(0.,1.,0.));
#6420 = ORIENTED_EDGE('',*,*,#6421,.T.);
#6421 = EDGE_CURVE('',#6412,#6422,#6424,.T.);
#6422 = VERTEX_POINT('',#6423);
#6423 = CARTESIAN_POINT('',(-0.32,-5.4,0.));
#6424 = LINE('',#6425,#6426);
#6425 = CARTESIAN_POINT('',(-0.16,-5.4,0.));
#6426 = VECTOR('',#6427,1.);
#6427 = DIRECTION('',(-1.,0.,0.));
#6428 = ORIENTED_EDGE('',*,*,#6429,.T.);
#6429 = EDGE_CURVE('',#6422,#6430,#6432,.T.);
#6430 = VERTEX_POINT('',#6431);
#6431 = CARTESIAN_POINT('',(-0.32,-4.76,0.));
#6432 = LINE('',#6433,#6434);
#6433 = CARTESIAN_POINT('',(-0.32,-5.875,0.));
#6434 = VECTOR('',#6435,1.);
#6435 = DIRECTION('',(0.,1.,0.));
#6436 = ORIENTED_EDGE('',*,*,#6437,.F.);
#6437 = EDGE_CURVE('',#6414,#6430,#6438,.T.);
#6438 = LINE('',#6439,#6440);
#6439 = CARTESIAN_POINT('',(-0.16,-4.76,0.));
#6440 = VECTOR('',#6441,1.);
#6441 = DIRECTION('',(-1.,0.,0.));
#6442 = FACE_BOUND('',#6443,.F.);
#6443 = EDGE_LOOP('',(#6444,#6454,#6462,#6470));
#6444 = ORIENTED_EDGE('',*,*,#6445,.F.);
#6445 = EDGE_CURVE('',#6446,#6448,#6450,.T.);
#6446 = VERTEX_POINT('',#6447);
#6447 = CARTESIAN_POINT('',(0.32,-2.86,0.));
#6448 = VERTEX_POINT('',#6449);
#6449 = CARTESIAN_POINT('',(0.32,-2.22,0.));
#6450 = LINE('',#6451,#6452);
#6451 = CARTESIAN_POINT('',(0.32,-4.605,0.));
#6452 = VECTOR('',#6453,1.);
#6453 = DIRECTION('',(0.,1.,0.));
#6454 = ORIENTED_EDGE('',*,*,#6455,.T.);
#6455 = EDGE_CURVE('',#6446,#6456,#6458,.T.);
#6456 = VERTEX_POINT('',#6457);
#6457 = CARTESIAN_POINT('',(-0.32,-2.86,0.));
#6458 = LINE('',#6459,#6460);
#6459 = CARTESIAN_POINT('',(-0.16,-2.86,0.));
#6460 = VECTOR('',#6461,1.);
#6461 = DIRECTION('',(-1.,0.,0.));
#6462 = ORIENTED_EDGE('',*,*,#6463,.T.);
#6463 = EDGE_CURVE('',#6456,#6464,#6466,.T.);
#6464 = VERTEX_POINT('',#6465);
#6465 = CARTESIAN_POINT('',(-0.32,-2.22,0.));
#6466 = LINE('',#6467,#6468);
#6467 = CARTESIAN_POINT('',(-0.32,-4.605,0.));
#6468 = VECTOR('',#6469,1.);
#6469 = DIRECTION('',(0.,1.,0.));
#6470 = ORIENTED_EDGE('',*,*,#6471,.F.);
#6471 = EDGE_CURVE('',#6448,#6464,#6472,.T.);
#6472 = LINE('',#6473,#6474);
#6473 = CARTESIAN_POINT('',(-0.16,-2.22,0.));
#6474 = VECTOR('',#6475,1.);
#6475 = DIRECTION('',(-1.,0.,0.));
#6476 = FACE_BOUND('',#6477,.F.);
#6477 = EDGE_LOOP('',(#6478,#6488,#6496,#6504));
#6478 = ORIENTED_EDGE('',*,*,#6479,.T.);
#6479 = EDGE_CURVE('',#6480,#6482,#6484,.T.);
#6480 = VERTEX_POINT('',#6481);
#6481 = CARTESIAN_POINT('',(0.32,-13.02,0.));
#6482 = VERTEX_POINT('',#6483);
#6483 = CARTESIAN_POINT('',(-0.32,-13.02,0.));
#6484 = LINE('',#6485,#6486);
#6485 = CARTESIAN_POINT('',(-0.16,-13.02,0.));
#6486 = VECTOR('',#6487,1.);
#6487 = DIRECTION('',(-1.,0.,0.));
#6488 = ORIENTED_EDGE('',*,*,#6489,.T.);
#6489 = EDGE_CURVE('',#6482,#6490,#6492,.T.);
#6490 = VERTEX_POINT('',#6491);
#6491 = CARTESIAN_POINT('',(-0.32,-12.38,0.));
#6492 = LINE('',#6493,#6494);
#6493 = CARTESIAN_POINT('',(-0.32,-9.685,0.));
#6494 = VECTOR('',#6495,1.);
#6495 = DIRECTION('',(0.,1.,0.));
#6496 = ORIENTED_EDGE('',*,*,#6497,.F.);
#6497 = EDGE_CURVE('',#6498,#6490,#6500,.T.);
#6498 = VERTEX_POINT('',#6499);
#6499 = CARTESIAN_POINT('',(0.32,-12.38,0.));
#6500 = LINE('',#6501,#6502);
#6501 = CARTESIAN_POINT('',(-0.16,-12.38,0.));
#6502 = VECTOR('',#6503,1.);
#6503 = DIRECTION('',(-1.,0.,0.));
#6504 = ORIENTED_EDGE('',*,*,#6505,.F.);
#6505 = EDGE_CURVE('',#6480,#6498,#6506,.T.);
#6506 = LINE('',#6507,#6508);
#6507 = CARTESIAN_POINT('',(0.32,-9.685,0.));
#6508 = VECTOR('',#6509,1.);
#6509 = DIRECTION('',(0.,1.,0.));
#6510 = FACE_BOUND('',#6511,.F.);
#6511 = EDGE_LOOP('',(#6512,#6522,#6530,#6538));
#6512 = ORIENTED_EDGE('',*,*,#6513,.F.);
#6513 = EDGE_CURVE('',#6514,#6516,#6518,.T.);
#6514 = VERTEX_POINT('',#6515);
#6515 = CARTESIAN_POINT('',(0.32,-9.84,0.));
#6516 = VERTEX_POINT('',#6517);
#6517 = CARTESIAN_POINT('',(-0.32,-9.84,0.));
#6518 = LINE('',#6519,#6520);
#6519 = CARTESIAN_POINT('',(-0.16,-9.84,0.));
#6520 = VECTOR('',#6521,1.);
#6521 = DIRECTION('',(-1.,0.,0.));
#6522 = ORIENTED_EDGE('',*,*,#6523,.F.);
#6523 = EDGE_CURVE('',#6524,#6514,#6526,.T.);
#6524 = VERTEX_POINT('',#6525);
#6525 = CARTESIAN_POINT('',(0.32,-10.48,0.));
#6526 = LINE('',#6527,#6528);
#6527 = CARTESIAN_POINT('',(0.32,-8.415,0.));
#6528 = VECTOR('',#6529,1.);
#6529 = DIRECTION('',(0.,1.,0.));
#6530 = ORIENTED_EDGE('',*,*,#6531,.T.);
#6531 = EDGE_CURVE('',#6524,#6532,#6534,.T.);
#6532 = VERTEX_POINT('',#6533);
#6533 = CARTESIAN_POINT('',(-0.32,-10.48,0.));
#6534 = LINE('',#6535,#6536);
#6535 = CARTESIAN_POINT('',(-0.16,-10.48,0.));
#6536 = VECTOR('',#6537,1.);
#6537 = DIRECTION('',(-1.,0.,0.));
#6538 = ORIENTED_EDGE('',*,*,#6539,.T.);
#6539 = EDGE_CURVE('',#6532,#6516,#6540,.T.);
#6540 = LINE('',#6541,#6542);
#6541 = CARTESIAN_POINT('',(-0.32,-8.415,0.));
#6542 = VECTOR('',#6543,1.);
#6543 = DIRECTION('',(0.,1.,0.));
#6544 = FACE_BOUND('',#6545,.F.);
#6545 = EDGE_LOOP('',(#6546,#6556,#6564,#6572));
#6546 = ORIENTED_EDGE('',*,*,#6547,.T.);
#6547 = EDGE_CURVE('',#6548,#6550,#6552,.T.);
#6548 = VERTEX_POINT('',#6549);
#6549 = CARTESIAN_POINT('',(0.32,-7.94,0.));
#6550 = VERTEX_POINT('',#6551);
#6551 = CARTESIAN_POINT('',(-0.32,-7.94,0.));
#6552 = LINE('',#6553,#6554);
#6553 = CARTESIAN_POINT('',(-0.16,-7.94,0.));
#6554 = VECTOR('',#6555,1.);
#6555 = DIRECTION('',(-1.,0.,0.));
#6556 = ORIENTED_EDGE('',*,*,#6557,.T.);
#6557 = EDGE_CURVE('',#6550,#6558,#6560,.T.);
#6558 = VERTEX_POINT('',#6559);
#6559 = CARTESIAN_POINT('',(-0.32,-7.3,0.));
#6560 = LINE('',#6561,#6562);
#6561 = CARTESIAN_POINT('',(-0.32,-7.145,0.));
#6562 = VECTOR('',#6563,1.);
#6563 = DIRECTION('',(0.,1.,0.));
#6564 = ORIENTED_EDGE('',*,*,#6565,.F.);
#6565 = EDGE_CURVE('',#6566,#6558,#6568,.T.);
#6566 = VERTEX_POINT('',#6567);
#6567 = CARTESIAN_POINT('',(0.32,-7.3,0.));
#6568 = LINE('',#6569,#6570);
#6569 = CARTESIAN_POINT('',(-0.16,-7.3,0.));
#6570 = VECTOR('',#6571,1.);
#6571 = DIRECTION('',(-1.,0.,0.));
#6572 = ORIENTED_EDGE('',*,*,#6573,.F.);
#6573 = EDGE_CURVE('',#6548,#6566,#6574,.T.);
#6574 = LINE('',#6575,#6576);
#6575 = CARTESIAN_POINT('',(0.32,-7.145,0.));
#6576 = VECTOR('',#6577,1.);
#6577 = DIRECTION('',(0.,1.,0.));
#6578 = PLANE('',#6579);
#6579 = AXIS2_PLACEMENT_3D('',#6580,#6581,#6582);
#6580 = CARTESIAN_POINT('',(-1.797008255889E-17,-6.35,0.));
#6581 = DIRECTION('',(0.,0.,1.));
#6582 = DIRECTION('',(1.,0.,-0.));
#6583 = ADVANCED_FACE('',(#6584,#6867,#6901,#6935,#6969,#7003,#7037),
  #7071,.T.);
#6584 = FACE_BOUND('',#6585,.T.);
#6585 = EDGE_LOOP('',(#6586,#6587,#6588,#6596,#6604,#6612,#6620,#6628,
    #6636,#6644,#6652,#6660,#6668,#6676,#6684,#6692,#6700,#6708,#6716,
    #6724,#6732,#6740,#6748,#6756,#6764,#6772,#6780,#6788,#6796,#6804,
    #6812,#6820,#6828,#6836,#6844,#6852,#6860,#6866));
#6586 = ORIENTED_EDGE('',*,*,#6002,.T.);
#6587 = ORIENTED_EDGE('',*,*,#6064,.T.);
#6588 = ORIENTED_EDGE('',*,*,#6589,.T.);
#6589 = EDGE_CURVE('',#6065,#6590,#6592,.T.);
#6590 = VERTEX_POINT('',#6591);
#6591 = CARTESIAN_POINT('',(-1.016,-1.27,2.54));
#6592 = LINE('',#6593,#6594);
#6593 = CARTESIAN_POINT('',(-1.27,-1.016,2.54));
#6594 = VECTOR('',#6595,1.);
#6595 = DIRECTION('',(0.707106781187,-0.707106781187,0.));
#6596 = ORIENTED_EDGE('',*,*,#6597,.T.);
#6597 = EDGE_CURVE('',#6590,#6598,#6600,.T.);
#6598 = VERTEX_POINT('',#6599);
#6599 = CARTESIAN_POINT('',(-1.27,-1.524,2.54));
#6600 = LINE('',#6601,#6602);
#6601 = CARTESIAN_POINT('',(-1.016,-1.27,2.54));
#6602 = VECTOR('',#6603,1.);
#6603 = DIRECTION('',(-0.707106781187,-0.707106781187,0.));
#6604 = ORIENTED_EDGE('',*,*,#6605,.T.);
#6605 = EDGE_CURVE('',#6598,#6606,#6608,.T.);
#6606 = VERTEX_POINT('',#6607);
#6607 = CARTESIAN_POINT('',(-1.27,-3.556,2.54));
#6608 = LINE('',#6609,#6610);
#6609 = CARTESIAN_POINT('',(-1.27,-1.524,2.54));
#6610 = VECTOR('',#6611,1.);
#6611 = DIRECTION('',(0.,-1.,0.));
#6612 = ORIENTED_EDGE('',*,*,#6613,.T.);
#6613 = EDGE_CURVE('',#6606,#6614,#6616,.T.);
#6614 = VERTEX_POINT('',#6615);
#6615 = CARTESIAN_POINT('',(-1.016,-3.81,2.54));
#6616 = LINE('',#6617,#6618);
#6617 = CARTESIAN_POINT('',(-1.27,-3.556,2.54));
#6618 = VECTOR('',#6619,1.);
#6619 = DIRECTION('',(0.707106781187,-0.707106781187,0.));
#6620 = ORIENTED_EDGE('',*,*,#6621,.T.);
#6621 = EDGE_CURVE('',#6614,#6622,#6624,.T.);
#6622 = VERTEX_POINT('',#6623);
#6623 = CARTESIAN_POINT('',(-1.27,-4.064,2.54));
#6624 = LINE('',#6625,#6626);
#6625 = CARTESIAN_POINT('',(-1.016,-3.81,2.54));
#6626 = VECTOR('',#6627,1.);
#6627 = DIRECTION('',(-0.707106781187,-0.707106781187,0.));
#6628 = ORIENTED_EDGE('',*,*,#6629,.T.);
#6629 = EDGE_CURVE('',#6622,#6630,#6632,.T.);
#6630 = VERTEX_POINT('',#6631);
#6631 = CARTESIAN_POINT('',(-1.27,-6.096,2.54));
#6632 = LINE('',#6633,#6634);
#6633 = CARTESIAN_POINT('',(-1.27,-4.064,2.54));
#6634 = VECTOR('',#6635,1.);
#6635 = DIRECTION('',(0.,-1.,0.));
#6636 = ORIENTED_EDGE('',*,*,#6637,.T.);
#6637 = EDGE_CURVE('',#6630,#6638,#6640,.T.);
#6638 = VERTEX_POINT('',#6639);
#6639 = CARTESIAN_POINT('',(-1.016,-6.35,2.54));
#6640 = LINE('',#6641,#6642);
#6641 = CARTESIAN_POINT('',(-1.27,-6.096,2.54));
#6642 = VECTOR('',#6643,1.);
#6643 = DIRECTION('',(0.707106781187,-0.707106781187,0.));
#6644 = ORIENTED_EDGE('',*,*,#6645,.T.);
#6645 = EDGE_CURVE('',#6638,#6646,#6648,.T.);
#6646 = VERTEX_POINT('',#6647);
#6647 = CARTESIAN_POINT('',(-1.27,-6.604,2.54));
#6648 = LINE('',#6649,#6650);
#6649 = CARTESIAN_POINT('',(-1.016,-6.35,2.54));
#6650 = VECTOR('',#6651,1.);
#6651 = DIRECTION('',(-0.707106781187,-0.707106781187,0.));
#6652 = ORIENTED_EDGE('',*,*,#6653,.T.);
#6653 = EDGE_CURVE('',#6646,#6654,#6656,.T.);
#6654 = VERTEX_POINT('',#6655);
#6655 = CARTESIAN_POINT('',(-1.27,-8.636,2.54));
#6656 = LINE('',#6657,#6658);
#6657 = CARTESIAN_POINT('',(-1.27,-6.604,2.54));
#6658 = VECTOR('',#6659,1.);
#6659 = DIRECTION('',(0.,-1.,0.));
#6660 = ORIENTED_EDGE('',*,*,#6661,.T.);
#6661 = EDGE_CURVE('',#6654,#6662,#6664,.T.);
#6662 = VERTEX_POINT('',#6663);
#6663 = CARTESIAN_POINT('',(-1.016,-8.89,2.54));
#6664 = LINE('',#6665,#6666);
#6665 = CARTESIAN_POINT('',(-1.27,-8.636,2.54));
#6666 = VECTOR('',#6667,1.);
#6667 = DIRECTION('',(0.707106781187,-0.707106781187,0.));
#6668 = ORIENTED_EDGE('',*,*,#6669,.T.);
#6669 = EDGE_CURVE('',#6662,#6670,#6672,.T.);
#6670 = VERTEX_POINT('',#6671);
#6671 = CARTESIAN_POINT('',(-1.27,-9.144,2.54));
#6672 = LINE('',#6673,#6674);
#6673 = CARTESIAN_POINT('',(-1.016,-8.89,2.54));
#6674 = VECTOR('',#6675,1.);
#6675 = DIRECTION('',(-0.707106781187,-0.707106781187,0.));
#6676 = ORIENTED_EDGE('',*,*,#6677,.T.);
#6677 = EDGE_CURVE('',#6670,#6678,#6680,.T.);
#6678 = VERTEX_POINT('',#6679);
#6679 = CARTESIAN_POINT('',(-1.27,-11.176,2.54));
#6680 = LINE('',#6681,#6682);
#6681 = CARTESIAN_POINT('',(-1.27,-9.144,2.54));
#6682 = VECTOR('',#6683,1.);
#6683 = DIRECTION('',(0.,-1.,0.));
#6684 = ORIENTED_EDGE('',*,*,#6685,.T.);
#6685 = EDGE_CURVE('',#6678,#6686,#6688,.T.);
#6686 = VERTEX_POINT('',#6687);
#6687 = CARTESIAN_POINT('',(-1.016,-11.43,2.54));
#6688 = LINE('',#6689,#6690);
#6689 = CARTESIAN_POINT('',(-1.27,-11.176,2.54));
#6690 = VECTOR('',#6691,1.);
#6691 = DIRECTION('',(0.707106781187,-0.707106781187,0.));
#6692 = ORIENTED_EDGE('',*,*,#6693,.T.);
#6693 = EDGE_CURVE('',#6686,#6694,#6696,.T.);
#6694 = VERTEX_POINT('',#6695);
#6695 = CARTESIAN_POINT('',(-1.27,-11.684,2.54));
#6696 = LINE('',#6697,#6698);
#6697 = CARTESIAN_POINT('',(-1.016,-11.43,2.54));
#6698 = VECTOR('',#6699,1.);
#6699 = DIRECTION('',(-0.707106781187,-0.707106781187,0.));
#6700 = ORIENTED_EDGE('',*,*,#6701,.T.);
#6701 = EDGE_CURVE('',#6694,#6702,#6704,.T.);
#6702 = VERTEX_POINT('',#6703);
#6703 = CARTESIAN_POINT('',(-1.27,-13.716,2.54));
#6704 = LINE('',#6705,#6706);
#6705 = CARTESIAN_POINT('',(-1.27,-11.684,2.54));
#6706 = VECTOR('',#6707,1.);
#6707 = DIRECTION('',(0.,-1.,0.));
#6708 = ORIENTED_EDGE('',*,*,#6709,.T.);
#6709 = EDGE_CURVE('',#6702,#6710,#6712,.T.);
#6710 = VERTEX_POINT('',#6711);
#6711 = CARTESIAN_POINT('',(-1.016,-13.97,2.54));
#6712 = LINE('',#6713,#6714);
#6713 = CARTESIAN_POINT('',(-1.27,-13.716,2.54));
#6714 = VECTOR('',#6715,1.);
#6715 = DIRECTION('',(0.707106781187,-0.707106781187,0.));
#6716 = ORIENTED_EDGE('',*,*,#6717,.T.);
#6717 = EDGE_CURVE('',#6710,#6718,#6720,.T.);
#6718 = VERTEX_POINT('',#6719);
#6719 = CARTESIAN_POINT('',(1.016,-13.97,2.54));
#6720 = LINE('',#6721,#6722);
#6721 = CARTESIAN_POINT('',(-1.016,-13.97,2.54));
#6722 = VECTOR('',#6723,1.);
#6723 = DIRECTION('',(1.,0.,0.));
#6724 = ORIENTED_EDGE('',*,*,#6725,.T.);
#6725 = EDGE_CURVE('',#6718,#6726,#6728,.T.);
#6726 = VERTEX_POINT('',#6727);
#6727 = CARTESIAN_POINT('',(1.27,-13.716,2.54));
#6728 = LINE('',#6729,#6730);
#6729 = CARTESIAN_POINT('',(1.016,-13.97,2.54));
#6730 = VECTOR('',#6731,1.);
#6731 = DIRECTION('',(0.707106781187,0.707106781187,0.));
#6732 = ORIENTED_EDGE('',*,*,#6733,.T.);
#6733 = EDGE_CURVE('',#6726,#6734,#6736,.T.);
#6734 = VERTEX_POINT('',#6735);
#6735 = CARTESIAN_POINT('',(1.27,-11.684,2.54));
#6736 = LINE('',#6737,#6738);
#6737 = CARTESIAN_POINT('',(1.27,-13.716,2.54));
#6738 = VECTOR('',#6739,1.);
#6739 = DIRECTION('',(0.,1.,0.));
#6740 = ORIENTED_EDGE('',*,*,#6741,.T.);
#6741 = EDGE_CURVE('',#6734,#6742,#6744,.T.);
#6742 = VERTEX_POINT('',#6743);
#6743 = CARTESIAN_POINT('',(1.016,-11.43,2.54));
#6744 = LINE('',#6745,#6746);
#6745 = CARTESIAN_POINT('',(1.27,-11.684,2.54));
#6746 = VECTOR('',#6747,1.);
#6747 = DIRECTION('',(-0.707106781187,0.707106781187,0.));
#6748 = ORIENTED_EDGE('',*,*,#6749,.T.);
#6749 = EDGE_CURVE('',#6742,#6750,#6752,.T.);
#6750 = VERTEX_POINT('',#6751);
#6751 = CARTESIAN_POINT('',(1.27,-11.176,2.54));
#6752 = LINE('',#6753,#6754);
#6753 = CARTESIAN_POINT('',(1.016,-11.43,2.54));
#6754 = VECTOR('',#6755,1.);
#6755 = DIRECTION('',(0.707106781187,0.707106781187,0.));
#6756 = ORIENTED_EDGE('',*,*,#6757,.T.);
#6757 = EDGE_CURVE('',#6750,#6758,#6760,.T.);
#6758 = VERTEX_POINT('',#6759);
#6759 = CARTESIAN_POINT('',(1.27,-9.144,2.54));
#6760 = LINE('',#6761,#6762);
#6761 = CARTESIAN_POINT('',(1.27,-11.176,2.54));
#6762 = VECTOR('',#6763,1.);
#6763 = DIRECTION('',(0.,1.,0.));
#6764 = ORIENTED_EDGE('',*,*,#6765,.T.);
#6765 = EDGE_CURVE('',#6758,#6766,#6768,.T.);
#6766 = VERTEX_POINT('',#6767);
#6767 = CARTESIAN_POINT('',(1.016,-8.89,2.54));
#6768 = LINE('',#6769,#6770);
#6769 = CARTESIAN_POINT('',(1.27,-9.144,2.54));
#6770 = VECTOR('',#6771,1.);
#6771 = DIRECTION('',(-0.707106781187,0.707106781187,0.));
#6772 = ORIENTED_EDGE('',*,*,#6773,.T.);
#6773 = EDGE_CURVE('',#6766,#6774,#6776,.T.);
#6774 = VERTEX_POINT('',#6775);
#6775 = CARTESIAN_POINT('',(1.27,-8.636,2.54));
#6776 = LINE('',#6777,#6778);
#6777 = CARTESIAN_POINT('',(1.016,-8.89,2.54));
#6778 = VECTOR('',#6779,1.);
#6779 = DIRECTION('',(0.707106781187,0.707106781187,0.));
#6780 = ORIENTED_EDGE('',*,*,#6781,.T.);
#6781 = EDGE_CURVE('',#6774,#6782,#6784,.T.);
#6782 = VERTEX_POINT('',#6783);
#6783 = CARTESIAN_POINT('',(1.27,-6.604,2.54));
#6784 = LINE('',#6785,#6786);
#6785 = CARTESIAN_POINT('',(1.27,-8.636,2.54));
#6786 = VECTOR('',#6787,1.);
#6787 = DIRECTION('',(0.,1.,0.));
#6788 = ORIENTED_EDGE('',*,*,#6789,.T.);
#6789 = EDGE_CURVE('',#6782,#6790,#6792,.T.);
#6790 = VERTEX_POINT('',#6791);
#6791 = CARTESIAN_POINT('',(1.016,-6.35,2.54));
#6792 = LINE('',#6793,#6794);
#6793 = CARTESIAN_POINT('',(1.27,-6.604,2.54));
#6794 = VECTOR('',#6795,1.);
#6795 = DIRECTION('',(-0.707106781187,0.707106781187,0.));
#6796 = ORIENTED_EDGE('',*,*,#6797,.T.);
#6797 = EDGE_CURVE('',#6790,#6798,#6800,.T.);
#6798 = VERTEX_POINT('',#6799);
#6799 = CARTESIAN_POINT('',(1.27,-6.096,2.54));
#6800 = LINE('',#6801,#6802);
#6801 = CARTESIAN_POINT('',(1.016,-6.35,2.54));
#6802 = VECTOR('',#6803,1.);
#6803 = DIRECTION('',(0.707106781187,0.707106781187,0.));
#6804 = ORIENTED_EDGE('',*,*,#6805,.T.);
#6805 = EDGE_CURVE('',#6798,#6806,#6808,.T.);
#6806 = VERTEX_POINT('',#6807);
#6807 = CARTESIAN_POINT('',(1.27,-4.064,2.54));
#6808 = LINE('',#6809,#6810);
#6809 = CARTESIAN_POINT('',(1.27,-6.096,2.54));
#6810 = VECTOR('',#6811,1.);
#6811 = DIRECTION('',(0.,1.,0.));
#6812 = ORIENTED_EDGE('',*,*,#6813,.T.);
#6813 = EDGE_CURVE('',#6806,#6814,#6816,.T.);
#6814 = VERTEX_POINT('',#6815);
#6815 = CARTESIAN_POINT('',(1.016,-3.81,2.54));
#6816 = LINE('',#6817,#6818);
#6817 = CARTESIAN_POINT('',(1.27,-4.064,2.54));
#6818 = VECTOR('',#6819,1.);
#6819 = DIRECTION('',(-0.707106781187,0.707106781187,0.));
#6820 = ORIENTED_EDGE('',*,*,#6821,.T.);
#6821 = EDGE_CURVE('',#6814,#6822,#6824,.T.);
#6822 = VERTEX_POINT('',#6823);
#6823 = CARTESIAN_POINT('',(1.27,-3.556,2.54));
#6824 = LINE('',#6825,#6826);
#6825 = CARTESIAN_POINT('',(1.016,-3.81,2.54));
#6826 = VECTOR('',#6827,1.);
#6827 = DIRECTION('',(0.707106781187,0.707106781187,0.));
#6828 = ORIENTED_EDGE('',*,*,#6829,.T.);
#6829 = EDGE_CURVE('',#6822,#6830,#6832,.T.);
#6830 = VERTEX_POINT('',#6831);
#6831 = CARTESIAN_POINT('',(1.27,-1.524,2.54));
#6832 = LINE('',#6833,#6834);
#6833 = CARTESIAN_POINT('',(1.27,-3.556,2.54));
#6834 = VECTOR('',#6835,1.);
#6835 = DIRECTION('',(0.,1.,0.));
#6836 = ORIENTED_EDGE('',*,*,#6837,.T.);
#6837 = EDGE_CURVE('',#6830,#6838,#6840,.T.);
#6838 = VERTEX_POINT('',#6839);
#6839 = CARTESIAN_POINT('',(1.016,-1.27,2.54));
#6840 = LINE('',#6841,#6842);
#6841 = CARTESIAN_POINT('',(1.27,-1.524,2.54));
#6842 = VECTOR('',#6843,1.);
#6843 = DIRECTION('',(-0.707106781187,0.707106781187,0.));
#6844 = ORIENTED_EDGE('',*,*,#6845,.T.);
#6845 = EDGE_CURVE('',#6838,#6846,#6848,.T.);
#6846 = VERTEX_POINT('',#6847);
#6847 = CARTESIAN_POINT('',(1.27,-1.016,2.54));
#6848 = LINE('',#6849,#6850);
#6849 = CARTESIAN_POINT('',(1.016,-1.27,2.54));
#6850 = VECTOR('',#6851,1.);
#6851 = DIRECTION('',(0.707106781187,0.707106781187,0.));
#6852 = ORIENTED_EDGE('',*,*,#6853,.T.);
#6853 = EDGE_CURVE('',#6846,#6854,#6856,.T.);
#6854 = VERTEX_POINT('',#6855);
#6855 = CARTESIAN_POINT('',(1.27,1.016,2.54));
#6856 = LINE('',#6857,#6858);
#6857 = CARTESIAN_POINT('',(1.27,-1.016,2.54));
#6858 = VECTOR('',#6859,1.);
#6859 = DIRECTION('',(0.,1.,0.));
#6860 = ORIENTED_EDGE('',*,*,#6861,.T.);
#6861 = EDGE_CURVE('',#6854,#6035,#6862,.T.);
#6862 = LINE('',#6863,#6864);
#6863 = CARTESIAN_POINT('',(1.27,1.016,2.54));
#6864 = VECTOR('',#6865,1.);
#6865 = DIRECTION('',(-0.707106781187,0.707106781187,0.));
#6866 = ORIENTED_EDGE('',*,*,#6042,.T.);
#6867 = FACE_BOUND('',#6868,.T.);
#6868 = EDGE_LOOP('',(#6869,#6879,#6887,#6895));
#6869 = ORIENTED_EDGE('',*,*,#6870,.F.);
#6870 = EDGE_CURVE('',#6871,#6873,#6875,.T.);
#6871 = VERTEX_POINT('',#6872);
#6872 = CARTESIAN_POINT('',(0.32,-0.32,2.54));
#6873 = VERTEX_POINT('',#6874);
#6874 = CARTESIAN_POINT('',(0.32,0.32,2.54));
#6875 = LINE('',#6876,#6877);
#6876 = CARTESIAN_POINT('',(0.32,-3.335,2.54));
#6877 = VECTOR('',#6878,1.);
#6878 = DIRECTION('',(0.,1.,0.));
#6879 = ORIENTED_EDGE('',*,*,#6880,.T.);
#6880 = EDGE_CURVE('',#6871,#6881,#6883,.T.);
#6881 = VERTEX_POINT('',#6882);
#6882 = CARTESIAN_POINT('',(-0.32,-0.32,2.54));
#6883 = LINE('',#6884,#6885);
#6884 = CARTESIAN_POINT('',(-0.16,-0.32,2.54));
#6885 = VECTOR('',#6886,1.);
#6886 = DIRECTION('',(-1.,0.,0.));
#6887 = ORIENTED_EDGE('',*,*,#6888,.T.);
#6888 = EDGE_CURVE('',#6881,#6889,#6891,.T.);
#6889 = VERTEX_POINT('',#6890);
#6890 = CARTESIAN_POINT('',(-0.32,0.32,2.54));
#6891 = LINE('',#6892,#6893);
#6892 = CARTESIAN_POINT('',(-0.32,-3.335,2.54));
#6893 = VECTOR('',#6894,1.);
#6894 = DIRECTION('',(0.,1.,0.));
#6895 = ORIENTED_EDGE('',*,*,#6896,.F.);
#6896 = EDGE_CURVE('',#6873,#6889,#6897,.T.);
#6897 = LINE('',#6898,#6899);
#6898 = CARTESIAN_POINT('',(-0.16,0.32,2.54));
#6899 = VECTOR('',#6900,1.);
#6900 = DIRECTION('',(-1.,0.,0.));
#6901 = FACE_BOUND('',#6902,.T.);
#6902 = EDGE_LOOP('',(#6903,#6913,#6921,#6929));
#6903 = ORIENTED_EDGE('',*,*,#6904,.F.);
#6904 = EDGE_CURVE('',#6905,#6907,#6909,.T.);
#6905 = VERTEX_POINT('',#6906);
#6906 = CARTESIAN_POINT('',(0.32,-5.4,2.54));
#6907 = VERTEX_POINT('',#6908);
#6908 = CARTESIAN_POINT('',(0.32,-4.76,2.54));
#6909 = LINE('',#6910,#6911);
#6910 = CARTESIAN_POINT('',(0.32,-5.875,2.54));
#6911 = VECTOR('',#6912,1.);
#6912 = DIRECTION('',(0.,1.,0.));
#6913 = ORIENTED_EDGE('',*,*,#6914,.T.);
#6914 = EDGE_CURVE('',#6905,#6915,#6917,.T.);
#6915 = VERTEX_POINT('',#6916);
#6916 = CARTESIAN_POINT('',(-0.32,-5.4,2.54));
#6917 = LINE('',#6918,#6919);
#6918 = CARTESIAN_POINT('',(-0.16,-5.4,2.54));
#6919 = VECTOR('',#6920,1.);
#6920 = DIRECTION('',(-1.,0.,0.));
#6921 = ORIENTED_EDGE('',*,*,#6922,.T.);
#6922 = EDGE_CURVE('',#6915,#6923,#6925,.T.);
#6923 = VERTEX_POINT('',#6924);
#6924 = CARTESIAN_POINT('',(-0.32,-4.76,2.54));
#6925 = LINE('',#6926,#6927);
#6926 = CARTESIAN_POINT('',(-0.32,-5.875,2.54));
#6927 = VECTOR('',#6928,1.);
#6928 = DIRECTION('',(0.,1.,0.));
#6929 = ORIENTED_EDGE('',*,*,#6930,.F.);
#6930 = EDGE_CURVE('',#6907,#6923,#6931,.T.);
#6931 = LINE('',#6932,#6933);
#6932 = CARTESIAN_POINT('',(-0.16,-4.76,2.54));
#6933 = VECTOR('',#6934,1.);
#6934 = DIRECTION('',(-1.,0.,0.));
#6935 = FACE_BOUND('',#6936,.T.);
#6936 = EDGE_LOOP('',(#6937,#6947,#6955,#6963));
#6937 = ORIENTED_EDGE('',*,*,#6938,.F.);
#6938 = EDGE_CURVE('',#6939,#6941,#6943,.T.);
#6939 = VERTEX_POINT('',#6940);
#6940 = CARTESIAN_POINT('',(0.32,-2.86,2.54));
#6941 = VERTEX_POINT('',#6942);
#6942 = CARTESIAN_POINT('',(0.32,-2.22,2.54));
#6943 = LINE('',#6944,#6945);
#6944 = CARTESIAN_POINT('',(0.32,-4.605,2.54));
#6945 = VECTOR('',#6946,1.);
#6946 = DIRECTION('',(0.,1.,0.));
#6947 = ORIENTED_EDGE('',*,*,#6948,.T.);
#6948 = EDGE_CURVE('',#6939,#6949,#6951,.T.);
#6949 = VERTEX_POINT('',#6950);
#6950 = CARTESIAN_POINT('',(-0.32,-2.86,2.54));
#6951 = LINE('',#6952,#6953);
#6952 = CARTESIAN_POINT('',(-0.16,-2.86,2.54));
#6953 = VECTOR('',#6954,1.);
#6954 = DIRECTION('',(-1.,0.,0.));
#6955 = ORIENTED_EDGE('',*,*,#6956,.T.);
#6956 = EDGE_CURVE('',#6949,#6957,#6959,.T.);
#6957 = VERTEX_POINT('',#6958);
#6958 = CARTESIAN_POINT('',(-0.32,-2.22,2.54));
#6959 = LINE('',#6960,#6961);
#6960 = CARTESIAN_POINT('',(-0.32,-4.605,2.54));
#6961 = VECTOR('',#6962,1.);
#6962 = DIRECTION('',(0.,1.,0.));
#6963 = ORIENTED_EDGE('',*,*,#6964,.F.);
#6964 = EDGE_CURVE('',#6941,#6957,#6965,.T.);
#6965 = LINE('',#6966,#6967);
#6966 = CARTESIAN_POINT('',(-0.16,-2.22,2.54));
#6967 = VECTOR('',#6968,1.);
#6968 = DIRECTION('',(-1.,0.,0.));
#6969 = FACE_BOUND('',#6970,.T.);
#6970 = EDGE_LOOP('',(#6971,#6981,#6989,#6997));
#6971 = ORIENTED_EDGE('',*,*,#6972,.T.);
#6972 = EDGE_CURVE('',#6973,#6975,#6977,.T.);
#6973 = VERTEX_POINT('',#6974);
#6974 = CARTESIAN_POINT('',(0.32,-13.02,2.54));
#6975 = VERTEX_POINT('',#6976);
#6976 = CARTESIAN_POINT('',(-0.32,-13.02,2.54));
#6977 = LINE('',#6978,#6979);
#6978 = CARTESIAN_POINT('',(-0.16,-13.02,2.54));
#6979 = VECTOR('',#6980,1.);
#6980 = DIRECTION('',(-1.,0.,0.));
#6981 = ORIENTED_EDGE('',*,*,#6982,.T.);
#6982 = EDGE_CURVE('',#6975,#6983,#6985,.T.);
#6983 = VERTEX_POINT('',#6984);
#6984 = CARTESIAN_POINT('',(-0.32,-12.38,2.54));
#6985 = LINE('',#6986,#6987);
#6986 = CARTESIAN_POINT('',(-0.32,-9.685,2.54));
#6987 = VECTOR('',#6988,1.);
#6988 = DIRECTION('',(0.,1.,0.));
#6989 = ORIENTED_EDGE('',*,*,#6990,.F.);
#6990 = EDGE_CURVE('',#6991,#6983,#6993,.T.);
#6991 = VERTEX_POINT('',#6992);
#6992 = CARTESIAN_POINT('',(0.32,-12.38,2.54));
#6993 = LINE('',#6994,#6995);
#6994 = CARTESIAN_POINT('',(-0.16,-12.38,2.54));
#6995 = VECTOR('',#6996,1.);
#6996 = DIRECTION('',(-1.,0.,0.));
#6997 = ORIENTED_EDGE('',*,*,#6998,.F.);
#6998 = EDGE_CURVE('',#6973,#6991,#6999,.T.);
#6999 = LINE('',#7000,#7001);
#7000 = CARTESIAN_POINT('',(0.32,-9.685,2.54));
#7001 = VECTOR('',#7002,1.);
#7002 = DIRECTION('',(0.,1.,0.));
#7003 = FACE_BOUND('',#7004,.T.);
#7004 = EDGE_LOOP('',(#7005,#7015,#7023,#7031));
#7005 = ORIENTED_EDGE('',*,*,#7006,.F.);
#7006 = EDGE_CURVE('',#7007,#7009,#7011,.T.);
#7007 = VERTEX_POINT('',#7008);
#7008 = CARTESIAN_POINT('',(0.32,-9.84,2.54));
#7009 = VERTEX_POINT('',#7010);
#7010 = CARTESIAN_POINT('',(-0.32,-9.84,2.54));
#7011 = LINE('',#7012,#7013);
#7012 = CARTESIAN_POINT('',(-0.16,-9.84,2.54));
#7013 = VECTOR('',#7014,1.);
#7014 = DIRECTION('',(-1.,0.,0.));
#7015 = ORIENTED_EDGE('',*,*,#7016,.F.);
#7016 = EDGE_CURVE('',#7017,#7007,#7019,.T.);
#7017 = VERTEX_POINT('',#7018);
#7018 = CARTESIAN_POINT('',(0.32,-10.48,2.54));
#7019 = LINE('',#7020,#7021);
#7020 = CARTESIAN_POINT('',(0.32,-8.415,2.54));
#7021 = VECTOR('',#7022,1.);
#7022 = DIRECTION('',(0.,1.,0.));
#7023 = ORIENTED_EDGE('',*,*,#7024,.T.);
#7024 = EDGE_CURVE('',#7017,#7025,#7027,.T.);
#7025 = VERTEX_POINT('',#7026);
#7026 = CARTESIAN_POINT('',(-0.32,-10.48,2.54));
#7027 = LINE('',#7028,#7029);
#7028 = CARTESIAN_POINT('',(-0.16,-10.48,2.54));
#7029 = VECTOR('',#7030,1.);
#7030 = DIRECTION('',(-1.,0.,0.));
#7031 = ORIENTED_EDGE('',*,*,#7032,.T.);
#7032 = EDGE_CURVE('',#7025,#7009,#7033,.T.);
#7033 = LINE('',#7034,#7035);
#7034 = CARTESIAN_POINT('',(-0.32,-8.415,2.54));
#7035 = VECTOR('',#7036,1.);
#7036 = DIRECTION('',(0.,1.,0.));
#7037 = FACE_BOUND('',#7038,.T.);
#7038 = EDGE_LOOP('',(#7039,#7049,#7057,#7065));
#7039 = ORIENTED_EDGE('',*,*,#7040,.T.);
#7040 = EDGE_CURVE('',#7041,#7043,#7045,.T.);
#7041 = VERTEX_POINT('',#7042);
#7042 = CARTESIAN_POINT('',(0.32,-7.94,2.54));
#7043 = VERTEX_POINT('',#7044);
#7044 = CARTESIAN_POINT('',(-0.32,-7.94,2.54));
#7045 = LINE('',#7046,#7047);
#7046 = CARTESIAN_POINT('',(-0.16,-7.94,2.54));
#7047 = VECTOR('',#7048,1.);
#7048 = DIRECTION('',(-1.,0.,0.));
#7049 = ORIENTED_EDGE('',*,*,#7050,.T.);
#7050 = EDGE_CURVE('',#7043,#7051,#7053,.T.);
#7051 = VERTEX_POINT('',#7052);
#7052 = CARTESIAN_POINT('',(-0.32,-7.3,2.54));
#7053 = LINE('',#7054,#7055);
#7054 = CARTESIAN_POINT('',(-0.32,-7.145,2.54));
#7055 = VECTOR('',#7056,1.);
#7056 = DIRECTION('',(0.,1.,0.));
#7057 = ORIENTED_EDGE('',*,*,#7058,.F.);
#7058 = EDGE_CURVE('',#7059,#7051,#7061,.T.);
#7059 = VERTEX_POINT('',#7060);
#7060 = CARTESIAN_POINT('',(0.32,-7.3,2.54));
#7061 = LINE('',#7062,#7063);
#7062 = CARTESIAN_POINT('',(-0.16,-7.3,2.54));
#7063 = VECTOR('',#7064,1.);
#7064 = DIRECTION('',(-1.,0.,0.));
#7065 = ORIENTED_EDGE('',*,*,#7066,.F.);
#7066 = EDGE_CURVE('',#7041,#7059,#7067,.T.);
#7067 = LINE('',#7068,#7069);
#7068 = CARTESIAN_POINT('',(0.32,-7.145,2.54));
#7069 = VECTOR('',#7070,1.);
#7070 = DIRECTION('',(0.,1.,0.));
#7071 = PLANE('',#7072);
#7072 = AXIS2_PLACEMENT_3D('',#7073,#7074,#7075);
#7073 = CARTESIAN_POINT('',(-1.797008255889E-17,-6.35,2.54));
#7074 = DIRECTION('',(0.,0.,1.));
#7075 = DIRECTION('',(1.,0.,-0.));
#7076 = ADVANCED_FACE('',(#7077),#7088,.F.);
#7077 = FACE_BOUND('',#7078,.F.);
#7078 = EDGE_LOOP('',(#7079,#7085,#7086,#7087));
#7079 = ORIENTED_EDGE('',*,*,#7080,.T.);
#7080 = EDGE_CURVE('',#6361,#6854,#7081,.T.);
#7081 = LINE('',#7082,#7083);
#7082 = CARTESIAN_POINT('',(1.27,1.016,0.));
#7083 = VECTOR('',#7084,1.);
#7084 = DIRECTION('',(0.,0.,1.));
#7085 = ORIENTED_EDGE('',*,*,#6861,.T.);
#7086 = ORIENTED_EDGE('',*,*,#6032,.F.);
#7087 = ORIENTED_EDGE('',*,*,#6368,.F.);
#7088 = PLANE('',#7089);
#7089 = AXIS2_PLACEMENT_3D('',#7090,#7091,#7092);
#7090 = CARTESIAN_POINT('',(1.27,1.016,0.));
#7091 = DIRECTION('',(-0.707106781187,-0.707106781187,0.));
#7092 = DIRECTION('',(-0.707106781187,0.707106781187,0.));
#7093 = ADVANCED_FACE('',(#7094),#7105,.F.);
#7094 = FACE_BOUND('',#7095,.F.);
#7095 = EDGE_LOOP('',(#7096,#7097,#7098,#7104));
#7096 = ORIENTED_EDGE('',*,*,#6072,.T.);
#7097 = ORIENTED_EDGE('',*,*,#6589,.T.);
#7098 = ORIENTED_EDGE('',*,*,#7099,.F.);
#7099 = EDGE_CURVE('',#6097,#6590,#7100,.T.);
#7100 = LINE('',#7101,#7102);
#7101 = CARTESIAN_POINT('',(-1.016,-1.27,0.));
#7102 = VECTOR('',#7103,1.);
#7103 = DIRECTION('',(0.,0.,1.));
#7104 = ORIENTED_EDGE('',*,*,#6096,.F.);
#7105 = PLANE('',#7106);
#7106 = AXIS2_PLACEMENT_3D('',#7107,#7108,#7109);
#7107 = CARTESIAN_POINT('',(-1.27,-1.016,0.));
#7108 = DIRECTION('',(0.707106781187,0.707106781187,0.));
#7109 = DIRECTION('',(0.707106781187,-0.707106781187,0.));
#7110 = ADVANCED_FACE('',(#7111),#7122,.F.);
#7111 = FACE_BOUND('',#7112,.F.);
#7112 = EDGE_LOOP('',(#7113,#7119,#7120,#7121));
#7113 = ORIENTED_EDGE('',*,*,#7114,.T.);
#7114 = EDGE_CURVE('',#6353,#6846,#7115,.T.);
#7115 = LINE('',#7116,#7117);
#7116 = CARTESIAN_POINT('',(1.27,-1.016,0.));
#7117 = VECTOR('',#7118,1.);
#7118 = DIRECTION('',(0.,0.,1.));
#7119 = ORIENTED_EDGE('',*,*,#6853,.T.);
#7120 = ORIENTED_EDGE('',*,*,#7080,.F.);
#7121 = ORIENTED_EDGE('',*,*,#6360,.F.);
#7122 = PLANE('',#7123);
#7123 = AXIS2_PLACEMENT_3D('',#7124,#7125,#7126);
#7124 = CARTESIAN_POINT('',(1.27,-1.016,0.));
#7125 = DIRECTION('',(-1.,0.,0.));
#7126 = DIRECTION('',(0.,1.,0.));
#7127 = ADVANCED_FACE('',(#7128),#7139,.F.);
#7128 = FACE_BOUND('',#7129,.F.);
#7129 = EDGE_LOOP('',(#7130,#7131,#7132,#7138));
#7130 = ORIENTED_EDGE('',*,*,#7099,.T.);
#7131 = ORIENTED_EDGE('',*,*,#6597,.T.);
#7132 = ORIENTED_EDGE('',*,*,#7133,.F.);
#7133 = EDGE_CURVE('',#6105,#6598,#7134,.T.);
#7134 = LINE('',#7135,#7136);
#7135 = CARTESIAN_POINT('',(-1.27,-1.524,0.));
#7136 = VECTOR('',#7137,1.);
#7137 = DIRECTION('',(0.,0.,1.));
#7138 = ORIENTED_EDGE('',*,*,#6104,.F.);
#7139 = PLANE('',#7140);
#7140 = AXIS2_PLACEMENT_3D('',#7141,#7142,#7143);
#7141 = CARTESIAN_POINT('',(-1.016,-1.27,0.));
#7142 = DIRECTION('',(0.707106781187,-0.707106781187,0.));
#7143 = DIRECTION('',(-0.707106781187,-0.707106781187,0.));
#7144 = ADVANCED_FACE('',(#7145),#7156,.F.);
#7145 = FACE_BOUND('',#7146,.F.);
#7146 = EDGE_LOOP('',(#7147,#7153,#7154,#7155));
#7147 = ORIENTED_EDGE('',*,*,#7148,.T.);
#7148 = EDGE_CURVE('',#6345,#6838,#7149,.T.);
#7149 = LINE('',#7150,#7151);
#7150 = CARTESIAN_POINT('',(1.016,-1.27,0.));
#7151 = VECTOR('',#7152,1.);
#7152 = DIRECTION('',(0.,0.,1.));
#7153 = ORIENTED_EDGE('',*,*,#6845,.T.);
#7154 = ORIENTED_EDGE('',*,*,#7114,.F.);
#7155 = ORIENTED_EDGE('',*,*,#6352,.F.);
#7156 = PLANE('',#7157);
#7157 = AXIS2_PLACEMENT_3D('',#7158,#7159,#7160);
#7158 = CARTESIAN_POINT('',(1.016,-1.27,0.));
#7159 = DIRECTION('',(-0.707106781187,0.707106781187,0.));
#7160 = DIRECTION('',(0.707106781187,0.707106781187,0.));
#7161 = ADVANCED_FACE('',(#7162),#7173,.F.);
#7162 = FACE_BOUND('',#7163,.F.);
#7163 = EDGE_LOOP('',(#7164,#7165,#7166,#7172));
#7164 = ORIENTED_EDGE('',*,*,#7133,.T.);
#7165 = ORIENTED_EDGE('',*,*,#6605,.T.);
#7166 = ORIENTED_EDGE('',*,*,#7167,.F.);
#7167 = EDGE_CURVE('',#6113,#6606,#7168,.T.);
#7168 = LINE('',#7169,#7170);
#7169 = CARTESIAN_POINT('',(-1.27,-3.556,0.));
#7170 = VECTOR('',#7171,1.);
#7171 = DIRECTION('',(0.,0.,1.));
#7172 = ORIENTED_EDGE('',*,*,#6112,.F.);
#7173 = PLANE('',#7174);
#7174 = AXIS2_PLACEMENT_3D('',#7175,#7176,#7177);
#7175 = CARTESIAN_POINT('',(-1.27,-1.524,0.));
#7176 = DIRECTION('',(1.,0.,0.));
#7177 = DIRECTION('',(0.,-1.,0.));
#7178 = ADVANCED_FACE('',(#7179),#7190,.F.);
#7179 = FACE_BOUND('',#7180,.F.);
#7180 = EDGE_LOOP('',(#7181,#7187,#7188,#7189));
#7181 = ORIENTED_EDGE('',*,*,#7182,.T.);
#7182 = EDGE_CURVE('',#6337,#6830,#7183,.T.);
#7183 = LINE('',#7184,#7185);
#7184 = CARTESIAN_POINT('',(1.27,-1.524,0.));
#7185 = VECTOR('',#7186,1.);
#7186 = DIRECTION('',(0.,0.,1.));
#7187 = ORIENTED_EDGE('',*,*,#6837,.T.);
#7188 = ORIENTED_EDGE('',*,*,#7148,.F.);
#7189 = ORIENTED_EDGE('',*,*,#6344,.F.);
#7190 = PLANE('',#7191);
#7191 = AXIS2_PLACEMENT_3D('',#7192,#7193,#7194);
#7192 = CARTESIAN_POINT('',(1.27,-1.524,0.));
#7193 = DIRECTION('',(-0.707106781187,-0.707106781187,0.));
#7194 = DIRECTION('',(-0.707106781187,0.707106781187,0.));
#7195 = ADVANCED_FACE('',(#7196),#7207,.F.);
#7196 = FACE_BOUND('',#7197,.F.);
#7197 = EDGE_LOOP('',(#7198,#7199,#7200,#7206));
#7198 = ORIENTED_EDGE('',*,*,#7167,.T.);
#7199 = ORIENTED_EDGE('',*,*,#6613,.T.);
#7200 = ORIENTED_EDGE('',*,*,#7201,.F.);
#7201 = EDGE_CURVE('',#6121,#6614,#7202,.T.);
#7202 = LINE('',#7203,#7204);
#7203 = CARTESIAN_POINT('',(-1.016,-3.81,0.));
#7204 = VECTOR('',#7205,1.);
#7205 = DIRECTION('',(0.,0.,1.));
#7206 = ORIENTED_EDGE('',*,*,#6120,.F.);
#7207 = PLANE('',#7208);
#7208 = AXIS2_PLACEMENT_3D('',#7209,#7210,#7211);
#7209 = CARTESIAN_POINT('',(-1.27,-3.556,0.));
#7210 = DIRECTION('',(0.707106781187,0.707106781187,0.));
#7211 = DIRECTION('',(0.707106781187,-0.707106781187,0.));
#7212 = ADVANCED_FACE('',(#7213),#7224,.F.);
#7213 = FACE_BOUND('',#7214,.F.);
#7214 = EDGE_LOOP('',(#7215,#7221,#7222,#7223));
#7215 = ORIENTED_EDGE('',*,*,#7216,.T.);
#7216 = EDGE_CURVE('',#6329,#6822,#7217,.T.);
#7217 = LINE('',#7218,#7219);
#7218 = CARTESIAN_POINT('',(1.27,-3.556,0.));
#7219 = VECTOR('',#7220,1.);
#7220 = DIRECTION('',(0.,0.,1.));
#7221 = ORIENTED_EDGE('',*,*,#6829,.T.);
#7222 = ORIENTED_EDGE('',*,*,#7182,.F.);
#7223 = ORIENTED_EDGE('',*,*,#6336,.F.);
#7224 = PLANE('',#7225);
#7225 = AXIS2_PLACEMENT_3D('',#7226,#7227,#7228);
#7226 = CARTESIAN_POINT('',(1.27,-3.556,0.));
#7227 = DIRECTION('',(-1.,0.,0.));
#7228 = DIRECTION('',(0.,1.,0.));
#7229 = ADVANCED_FACE('',(#7230),#7241,.F.);
#7230 = FACE_BOUND('',#7231,.F.);
#7231 = EDGE_LOOP('',(#7232,#7233,#7234,#7240));
#7232 = ORIENTED_EDGE('',*,*,#7201,.T.);
#7233 = ORIENTED_EDGE('',*,*,#6621,.T.);
#7234 = ORIENTED_EDGE('',*,*,#7235,.F.);
#7235 = EDGE_CURVE('',#6129,#6622,#7236,.T.);
#7236 = LINE('',#7237,#7238);
#7237 = CARTESIAN_POINT('',(-1.27,-4.064,0.));
#7238 = VECTOR('',#7239,1.);
#7239 = DIRECTION('',(0.,0.,1.));
#7240 = ORIENTED_EDGE('',*,*,#6128,.F.);
#7241 = PLANE('',#7242);
#7242 = AXIS2_PLACEMENT_3D('',#7243,#7244,#7245);
#7243 = CARTESIAN_POINT('',(-1.016,-3.81,0.));
#7244 = DIRECTION('',(0.707106781187,-0.707106781187,0.));
#7245 = DIRECTION('',(-0.707106781187,-0.707106781187,0.));
#7246 = ADVANCED_FACE('',(#7247),#7258,.F.);
#7247 = FACE_BOUND('',#7248,.F.);
#7248 = EDGE_LOOP('',(#7249,#7255,#7256,#7257));
#7249 = ORIENTED_EDGE('',*,*,#7250,.T.);
#7250 = EDGE_CURVE('',#6321,#6814,#7251,.T.);
#7251 = LINE('',#7252,#7253);
#7252 = CARTESIAN_POINT('',(1.016,-3.81,0.));
#7253 = VECTOR('',#7254,1.);
#7254 = DIRECTION('',(0.,0.,1.));
#7255 = ORIENTED_EDGE('',*,*,#6821,.T.);
#7256 = ORIENTED_EDGE('',*,*,#7216,.F.);
#7257 = ORIENTED_EDGE('',*,*,#6328,.F.);
#7258 = PLANE('',#7259);
#7259 = AXIS2_PLACEMENT_3D('',#7260,#7261,#7262);
#7260 = CARTESIAN_POINT('',(1.016,-3.81,0.));
#7261 = DIRECTION('',(-0.707106781187,0.707106781187,0.));
#7262 = DIRECTION('',(0.707106781187,0.707106781187,0.));
#7263 = ADVANCED_FACE('',(#7264),#7275,.F.);
#7264 = FACE_BOUND('',#7265,.F.);
#7265 = EDGE_LOOP('',(#7266,#7267,#7268,#7274));
#7266 = ORIENTED_EDGE('',*,*,#7235,.T.);
#7267 = ORIENTED_EDGE('',*,*,#6629,.T.);
#7268 = ORIENTED_EDGE('',*,*,#7269,.F.);
#7269 = EDGE_CURVE('',#6137,#6630,#7270,.T.);
#7270 = LINE('',#7271,#7272);
#7271 = CARTESIAN_POINT('',(-1.27,-6.096,0.));
#7272 = VECTOR('',#7273,1.);
#7273 = DIRECTION('',(0.,0.,1.));
#7274 = ORIENTED_EDGE('',*,*,#6136,.F.);
#7275 = PLANE('',#7276);
#7276 = AXIS2_PLACEMENT_3D('',#7277,#7278,#7279);
#7277 = CARTESIAN_POINT('',(-1.27,-4.064,0.));
#7278 = DIRECTION('',(1.,0.,0.));
#7279 = DIRECTION('',(0.,-1.,0.));
#7280 = ADVANCED_FACE('',(#7281),#7292,.F.);
#7281 = FACE_BOUND('',#7282,.F.);
#7282 = EDGE_LOOP('',(#7283,#7289,#7290,#7291));
#7283 = ORIENTED_EDGE('',*,*,#7284,.T.);
#7284 = EDGE_CURVE('',#6313,#6806,#7285,.T.);
#7285 = LINE('',#7286,#7287);
#7286 = CARTESIAN_POINT('',(1.27,-4.064,0.));
#7287 = VECTOR('',#7288,1.);
#7288 = DIRECTION('',(0.,0.,1.));
#7289 = ORIENTED_EDGE('',*,*,#6813,.T.);
#7290 = ORIENTED_EDGE('',*,*,#7250,.F.);
#7291 = ORIENTED_EDGE('',*,*,#6320,.F.);
#7292 = PLANE('',#7293);
#7293 = AXIS2_PLACEMENT_3D('',#7294,#7295,#7296);
#7294 = CARTESIAN_POINT('',(1.27,-4.064,0.));
#7295 = DIRECTION('',(-0.707106781187,-0.707106781187,0.));
#7296 = DIRECTION('',(-0.707106781187,0.707106781187,0.));
#7297 = ADVANCED_FACE('',(#7298),#7309,.F.);
#7298 = FACE_BOUND('',#7299,.F.);
#7299 = EDGE_LOOP('',(#7300,#7301,#7302,#7308));
#7300 = ORIENTED_EDGE('',*,*,#7269,.T.);
#7301 = ORIENTED_EDGE('',*,*,#6637,.T.);
#7302 = ORIENTED_EDGE('',*,*,#7303,.F.);
#7303 = EDGE_CURVE('',#6145,#6638,#7304,.T.);
#7304 = LINE('',#7305,#7306);
#7305 = CARTESIAN_POINT('',(-1.016,-6.35,0.));
#7306 = VECTOR('',#7307,1.);
#7307 = DIRECTION('',(0.,0.,1.));
#7308 = ORIENTED_EDGE('',*,*,#6144,.F.);
#7309 = PLANE('',#7310);
#7310 = AXIS2_PLACEMENT_3D('',#7311,#7312,#7313);
#7311 = CARTESIAN_POINT('',(-1.27,-6.096,0.));
#7312 = DIRECTION('',(0.707106781187,0.707106781187,0.));
#7313 = DIRECTION('',(0.707106781187,-0.707106781187,0.));
#7314 = ADVANCED_FACE('',(#7315),#7326,.F.);
#7315 = FACE_BOUND('',#7316,.F.);
#7316 = EDGE_LOOP('',(#7317,#7323,#7324,#7325));
#7317 = ORIENTED_EDGE('',*,*,#7318,.T.);
#7318 = EDGE_CURVE('',#6305,#6798,#7319,.T.);
#7319 = LINE('',#7320,#7321);
#7320 = CARTESIAN_POINT('',(1.27,-6.096,0.));
#7321 = VECTOR('',#7322,1.);
#7322 = DIRECTION('',(0.,0.,1.));
#7323 = ORIENTED_EDGE('',*,*,#6805,.T.);
#7324 = ORIENTED_EDGE('',*,*,#7284,.F.);
#7325 = ORIENTED_EDGE('',*,*,#6312,.F.);
#7326 = PLANE('',#7327);
#7327 = AXIS2_PLACEMENT_3D('',#7328,#7329,#7330);
#7328 = CARTESIAN_POINT('',(1.27,-6.096,0.));
#7329 = DIRECTION('',(-1.,0.,0.));
#7330 = DIRECTION('',(0.,1.,0.));
#7331 = ADVANCED_FACE('',(#7332),#7343,.F.);
#7332 = FACE_BOUND('',#7333,.F.);
#7333 = EDGE_LOOP('',(#7334,#7335,#7336,#7342));
#7334 = ORIENTED_EDGE('',*,*,#7303,.T.);
#7335 = ORIENTED_EDGE('',*,*,#6645,.T.);
#7336 = ORIENTED_EDGE('',*,*,#7337,.F.);
#7337 = EDGE_CURVE('',#6153,#6646,#7338,.T.);
#7338 = LINE('',#7339,#7340);
#7339 = CARTESIAN_POINT('',(-1.27,-6.604,0.));
#7340 = VECTOR('',#7341,1.);
#7341 = DIRECTION('',(0.,0.,1.));
#7342 = ORIENTED_EDGE('',*,*,#6152,.F.);
#7343 = PLANE('',#7344);
#7344 = AXIS2_PLACEMENT_3D('',#7345,#7346,#7347);
#7345 = CARTESIAN_POINT('',(-1.016,-6.35,0.));
#7346 = DIRECTION('',(0.707106781187,-0.707106781187,0.));
#7347 = DIRECTION('',(-0.707106781187,-0.707106781187,0.));
#7348 = ADVANCED_FACE('',(#7349),#7360,.F.);
#7349 = FACE_BOUND('',#7350,.F.);
#7350 = EDGE_LOOP('',(#7351,#7357,#7358,#7359));
#7351 = ORIENTED_EDGE('',*,*,#7352,.T.);
#7352 = EDGE_CURVE('',#6297,#6790,#7353,.T.);
#7353 = LINE('',#7354,#7355);
#7354 = CARTESIAN_POINT('',(1.016,-6.35,0.));
#7355 = VECTOR('',#7356,1.);
#7356 = DIRECTION('',(0.,0.,1.));
#7357 = ORIENTED_EDGE('',*,*,#6797,.T.);
#7358 = ORIENTED_EDGE('',*,*,#7318,.F.);
#7359 = ORIENTED_EDGE('',*,*,#6304,.F.);
#7360 = PLANE('',#7361);
#7361 = AXIS2_PLACEMENT_3D('',#7362,#7363,#7364);
#7362 = CARTESIAN_POINT('',(1.016,-6.35,0.));
#7363 = DIRECTION('',(-0.707106781187,0.707106781187,0.));
#7364 = DIRECTION('',(0.707106781187,0.707106781187,0.));
#7365 = ADVANCED_FACE('',(#7366),#7377,.F.);
#7366 = FACE_BOUND('',#7367,.F.);
#7367 = EDGE_LOOP('',(#7368,#7369,#7370,#7376));
#7368 = ORIENTED_EDGE('',*,*,#7337,.T.);
#7369 = ORIENTED_EDGE('',*,*,#6653,.T.);
#7370 = ORIENTED_EDGE('',*,*,#7371,.F.);
#7371 = EDGE_CURVE('',#6161,#6654,#7372,.T.);
#7372 = LINE('',#7373,#7374);
#7373 = CARTESIAN_POINT('',(-1.27,-8.636,0.));
#7374 = VECTOR('',#7375,1.);
#7375 = DIRECTION('',(0.,0.,1.));
#7376 = ORIENTED_EDGE('',*,*,#6160,.F.);
#7377 = PLANE('',#7378);
#7378 = AXIS2_PLACEMENT_3D('',#7379,#7380,#7381);
#7379 = CARTESIAN_POINT('',(-1.27,-6.604,0.));
#7380 = DIRECTION('',(1.,0.,0.));
#7381 = DIRECTION('',(0.,-1.,0.));
#7382 = ADVANCED_FACE('',(#7383),#7394,.F.);
#7383 = FACE_BOUND('',#7384,.F.);
#7384 = EDGE_LOOP('',(#7385,#7391,#7392,#7393));
#7385 = ORIENTED_EDGE('',*,*,#7386,.T.);
#7386 = EDGE_CURVE('',#6289,#6782,#7387,.T.);
#7387 = LINE('',#7388,#7389);
#7388 = CARTESIAN_POINT('',(1.27,-6.604,0.));
#7389 = VECTOR('',#7390,1.);
#7390 = DIRECTION('',(0.,0.,1.));
#7391 = ORIENTED_EDGE('',*,*,#6789,.T.);
#7392 = ORIENTED_EDGE('',*,*,#7352,.F.);
#7393 = ORIENTED_EDGE('',*,*,#6296,.F.);
#7394 = PLANE('',#7395);
#7395 = AXIS2_PLACEMENT_3D('',#7396,#7397,#7398);
#7396 = CARTESIAN_POINT('',(1.27,-6.604,0.));
#7397 = DIRECTION('',(-0.707106781187,-0.707106781187,0.));
#7398 = DIRECTION('',(-0.707106781187,0.707106781187,0.));
#7399 = ADVANCED_FACE('',(#7400),#7411,.F.);
#7400 = FACE_BOUND('',#7401,.F.);
#7401 = EDGE_LOOP('',(#7402,#7403,#7404,#7410));
#7402 = ORIENTED_EDGE('',*,*,#7371,.T.);
#7403 = ORIENTED_EDGE('',*,*,#6661,.T.);
#7404 = ORIENTED_EDGE('',*,*,#7405,.F.);
#7405 = EDGE_CURVE('',#6169,#6662,#7406,.T.);
#7406 = LINE('',#7407,#7408);
#7407 = CARTESIAN_POINT('',(-1.016,-8.89,0.));
#7408 = VECTOR('',#7409,1.);
#7409 = DIRECTION('',(0.,0.,1.));
#7410 = ORIENTED_EDGE('',*,*,#6168,.F.);
#7411 = PLANE('',#7412);
#7412 = AXIS2_PLACEMENT_3D('',#7413,#7414,#7415);
#7413 = CARTESIAN_POINT('',(-1.27,-8.636,0.));
#7414 = DIRECTION('',(0.707106781187,0.707106781187,0.));
#7415 = DIRECTION('',(0.707106781187,-0.707106781187,0.));
#7416 = ADVANCED_FACE('',(#7417),#7428,.F.);
#7417 = FACE_BOUND('',#7418,.F.);
#7418 = EDGE_LOOP('',(#7419,#7425,#7426,#7427));
#7419 = ORIENTED_EDGE('',*,*,#7420,.T.);
#7420 = EDGE_CURVE('',#6281,#6774,#7421,.T.);
#7421 = LINE('',#7422,#7423);
#7422 = CARTESIAN_POINT('',(1.27,-8.636,0.));
#7423 = VECTOR('',#7424,1.);
#7424 = DIRECTION('',(0.,0.,1.));
#7425 = ORIENTED_EDGE('',*,*,#6781,.T.);
#7426 = ORIENTED_EDGE('',*,*,#7386,.F.);
#7427 = ORIENTED_EDGE('',*,*,#6288,.F.);
#7428 = PLANE('',#7429);
#7429 = AXIS2_PLACEMENT_3D('',#7430,#7431,#7432);
#7430 = CARTESIAN_POINT('',(1.27,-8.636,0.));
#7431 = DIRECTION('',(-1.,0.,0.));
#7432 = DIRECTION('',(0.,1.,0.));
#7433 = ADVANCED_FACE('',(#7434),#7445,.F.);
#7434 = FACE_BOUND('',#7435,.F.);
#7435 = EDGE_LOOP('',(#7436,#7437,#7438,#7444));
#7436 = ORIENTED_EDGE('',*,*,#7405,.T.);
#7437 = ORIENTED_EDGE('',*,*,#6669,.T.);
#7438 = ORIENTED_EDGE('',*,*,#7439,.F.);
#7439 = EDGE_CURVE('',#6177,#6670,#7440,.T.);
#7440 = LINE('',#7441,#7442);
#7441 = CARTESIAN_POINT('',(-1.27,-9.144,0.));
#7442 = VECTOR('',#7443,1.);
#7443 = DIRECTION('',(0.,0.,1.));
#7444 = ORIENTED_EDGE('',*,*,#6176,.F.);
#7445 = PLANE('',#7446);
#7446 = AXIS2_PLACEMENT_3D('',#7447,#7448,#7449);
#7447 = CARTESIAN_POINT('',(-1.016,-8.89,0.));
#7448 = DIRECTION('',(0.707106781187,-0.707106781187,0.));
#7449 = DIRECTION('',(-0.707106781187,-0.707106781187,0.));
#7450 = ADVANCED_FACE('',(#7451),#7462,.F.);
#7451 = FACE_BOUND('',#7452,.F.);
#7452 = EDGE_LOOP('',(#7453,#7459,#7460,#7461));
#7453 = ORIENTED_EDGE('',*,*,#7454,.T.);
#7454 = EDGE_CURVE('',#6273,#6766,#7455,.T.);
#7455 = LINE('',#7456,#7457);
#7456 = CARTESIAN_POINT('',(1.016,-8.89,0.));
#7457 = VECTOR('',#7458,1.);
#7458 = DIRECTION('',(0.,0.,1.));
#7459 = ORIENTED_EDGE('',*,*,#6773,.T.);
#7460 = ORIENTED_EDGE('',*,*,#7420,.F.);
#7461 = ORIENTED_EDGE('',*,*,#6280,.F.);
#7462 = PLANE('',#7463);
#7463 = AXIS2_PLACEMENT_3D('',#7464,#7465,#7466);
#7464 = CARTESIAN_POINT('',(1.016,-8.89,0.));
#7465 = DIRECTION('',(-0.707106781187,0.707106781187,0.));
#7466 = DIRECTION('',(0.707106781187,0.707106781187,0.));
#7467 = ADVANCED_FACE('',(#7468),#7479,.F.);
#7468 = FACE_BOUND('',#7469,.F.);
#7469 = EDGE_LOOP('',(#7470,#7471,#7472,#7478));
#7470 = ORIENTED_EDGE('',*,*,#7439,.T.);
#7471 = ORIENTED_EDGE('',*,*,#6677,.T.);
#7472 = ORIENTED_EDGE('',*,*,#7473,.F.);
#7473 = EDGE_CURVE('',#6185,#6678,#7474,.T.);
#7474 = LINE('',#7475,#7476);
#7475 = CARTESIAN_POINT('',(-1.27,-11.176,0.));
#7476 = VECTOR('',#7477,1.);
#7477 = DIRECTION('',(0.,0.,1.));
#7478 = ORIENTED_EDGE('',*,*,#6184,.F.);
#7479 = PLANE('',#7480);
#7480 = AXIS2_PLACEMENT_3D('',#7481,#7482,#7483);
#7481 = CARTESIAN_POINT('',(-1.27,-9.144,0.));
#7482 = DIRECTION('',(1.,0.,0.));
#7483 = DIRECTION('',(0.,-1.,0.));
#7484 = ADVANCED_FACE('',(#7485),#7496,.F.);
#7485 = FACE_BOUND('',#7486,.F.);
#7486 = EDGE_LOOP('',(#7487,#7493,#7494,#7495));
#7487 = ORIENTED_EDGE('',*,*,#7488,.T.);
#7488 = EDGE_CURVE('',#6265,#6758,#7489,.T.);
#7489 = LINE('',#7490,#7491);
#7490 = CARTESIAN_POINT('',(1.27,-9.144,0.));
#7491 = VECTOR('',#7492,1.);
#7492 = DIRECTION('',(0.,0.,1.));
#7493 = ORIENTED_EDGE('',*,*,#6765,.T.);
#7494 = ORIENTED_EDGE('',*,*,#7454,.F.);
#7495 = ORIENTED_EDGE('',*,*,#6272,.F.);
#7496 = PLANE('',#7497);
#7497 = AXIS2_PLACEMENT_3D('',#7498,#7499,#7500);
#7498 = CARTESIAN_POINT('',(1.27,-9.144,0.));
#7499 = DIRECTION('',(-0.707106781187,-0.707106781187,0.));
#7500 = DIRECTION('',(-0.707106781187,0.707106781187,0.));
#7501 = ADVANCED_FACE('',(#7502),#7513,.F.);
#7502 = FACE_BOUND('',#7503,.F.);
#7503 = EDGE_LOOP('',(#7504,#7505,#7506,#7512));
#7504 = ORIENTED_EDGE('',*,*,#7473,.T.);
#7505 = ORIENTED_EDGE('',*,*,#6685,.T.);
#7506 = ORIENTED_EDGE('',*,*,#7507,.F.);
#7507 = EDGE_CURVE('',#6193,#6686,#7508,.T.);
#7508 = LINE('',#7509,#7510);
#7509 = CARTESIAN_POINT('',(-1.016,-11.43,0.));
#7510 = VECTOR('',#7511,1.);
#7511 = DIRECTION('',(0.,0.,1.));
#7512 = ORIENTED_EDGE('',*,*,#6192,.F.);
#7513 = PLANE('',#7514);
#7514 = AXIS2_PLACEMENT_3D('',#7515,#7516,#7517);
#7515 = CARTESIAN_POINT('',(-1.27,-11.176,0.));
#7516 = DIRECTION('',(0.707106781187,0.707106781187,0.));
#7517 = DIRECTION('',(0.707106781187,-0.707106781187,0.));
#7518 = ADVANCED_FACE('',(#7519),#7530,.F.);
#7519 = FACE_BOUND('',#7520,.F.);
#7520 = EDGE_LOOP('',(#7521,#7527,#7528,#7529));
#7521 = ORIENTED_EDGE('',*,*,#7522,.T.);
#7522 = EDGE_CURVE('',#6257,#6750,#7523,.T.);
#7523 = LINE('',#7524,#7525);
#7524 = CARTESIAN_POINT('',(1.27,-11.176,0.));
#7525 = VECTOR('',#7526,1.);
#7526 = DIRECTION('',(0.,0.,1.));
#7527 = ORIENTED_EDGE('',*,*,#6757,.T.);
#7528 = ORIENTED_EDGE('',*,*,#7488,.F.);
#7529 = ORIENTED_EDGE('',*,*,#6264,.F.);
#7530 = PLANE('',#7531);
#7531 = AXIS2_PLACEMENT_3D('',#7532,#7533,#7534);
#7532 = CARTESIAN_POINT('',(1.27,-11.176,0.));
#7533 = DIRECTION('',(-1.,0.,0.));
#7534 = DIRECTION('',(0.,1.,0.));
#7535 = ADVANCED_FACE('',(#7536),#7547,.F.);
#7536 = FACE_BOUND('',#7537,.F.);
#7537 = EDGE_LOOP('',(#7538,#7539,#7540,#7546));
#7538 = ORIENTED_EDGE('',*,*,#7507,.T.);
#7539 = ORIENTED_EDGE('',*,*,#6693,.T.);
#7540 = ORIENTED_EDGE('',*,*,#7541,.F.);
#7541 = EDGE_CURVE('',#6201,#6694,#7542,.T.);
#7542 = LINE('',#7543,#7544);
#7543 = CARTESIAN_POINT('',(-1.27,-11.684,0.));
#7544 = VECTOR('',#7545,1.);
#7545 = DIRECTION('',(0.,0.,1.));
#7546 = ORIENTED_EDGE('',*,*,#6200,.F.);
#7547 = PLANE('',#7548);
#7548 = AXIS2_PLACEMENT_3D('',#7549,#7550,#7551);
#7549 = CARTESIAN_POINT('',(-1.016,-11.43,0.));
#7550 = DIRECTION('',(0.707106781187,-0.707106781187,0.));
#7551 = DIRECTION('',(-0.707106781187,-0.707106781187,0.));
#7552 = ADVANCED_FACE('',(#7553),#7564,.F.);
#7553 = FACE_BOUND('',#7554,.F.);
#7554 = EDGE_LOOP('',(#7555,#7561,#7562,#7563));
#7555 = ORIENTED_EDGE('',*,*,#7556,.T.);
#7556 = EDGE_CURVE('',#6249,#6742,#7557,.T.);
#7557 = LINE('',#7558,#7559);
#7558 = CARTESIAN_POINT('',(1.016,-11.43,0.));
#7559 = VECTOR('',#7560,1.);
#7560 = DIRECTION('',(0.,0.,1.));
#7561 = ORIENTED_EDGE('',*,*,#6749,.T.);
#7562 = ORIENTED_EDGE('',*,*,#7522,.F.);
#7563 = ORIENTED_EDGE('',*,*,#6256,.F.);
#7564 = PLANE('',#7565);
#7565 = AXIS2_PLACEMENT_3D('',#7566,#7567,#7568);
#7566 = CARTESIAN_POINT('',(1.016,-11.43,0.));
#7567 = DIRECTION('',(-0.707106781187,0.707106781187,0.));
#7568 = DIRECTION('',(0.707106781187,0.707106781187,0.));
#7569 = ADVANCED_FACE('',(#7570),#7581,.F.);
#7570 = FACE_BOUND('',#7571,.F.);
#7571 = EDGE_LOOP('',(#7572,#7573,#7574,#7580));
#7572 = ORIENTED_EDGE('',*,*,#7541,.T.);
#7573 = ORIENTED_EDGE('',*,*,#6701,.T.);
#7574 = ORIENTED_EDGE('',*,*,#7575,.F.);
#7575 = EDGE_CURVE('',#6209,#6702,#7576,.T.);
#7576 = LINE('',#7577,#7578);
#7577 = CARTESIAN_POINT('',(-1.27,-13.716,0.));
#7578 = VECTOR('',#7579,1.);
#7579 = DIRECTION('',(0.,0.,1.));
#7580 = ORIENTED_EDGE('',*,*,#6208,.F.);
#7581 = PLANE('',#7582);
#7582 = AXIS2_PLACEMENT_3D('',#7583,#7584,#7585);
#7583 = CARTESIAN_POINT('',(-1.27,-11.684,0.));
#7584 = DIRECTION('',(1.,0.,0.));
#7585 = DIRECTION('',(0.,-1.,0.));
#7586 = ADVANCED_FACE('',(#7587),#7598,.F.);
#7587 = FACE_BOUND('',#7588,.F.);
#7588 = EDGE_LOOP('',(#7589,#7595,#7596,#7597));
#7589 = ORIENTED_EDGE('',*,*,#7590,.T.);
#7590 = EDGE_CURVE('',#6241,#6734,#7591,.T.);
#7591 = LINE('',#7592,#7593);
#7592 = CARTESIAN_POINT('',(1.27,-11.684,0.));
#7593 = VECTOR('',#7594,1.);
#7594 = DIRECTION('',(0.,0.,1.));
#7595 = ORIENTED_EDGE('',*,*,#6741,.T.);
#7596 = ORIENTED_EDGE('',*,*,#7556,.F.);
#7597 = ORIENTED_EDGE('',*,*,#6248,.F.);
#7598 = PLANE('',#7599);
#7599 = AXIS2_PLACEMENT_3D('',#7600,#7601,#7602);
#7600 = CARTESIAN_POINT('',(1.27,-11.684,0.));
#7601 = DIRECTION('',(-0.707106781187,-0.707106781187,0.));
#7602 = DIRECTION('',(-0.707106781187,0.707106781187,0.));
#7603 = ADVANCED_FACE('',(#7604),#7615,.F.);
#7604 = FACE_BOUND('',#7605,.F.);
#7605 = EDGE_LOOP('',(#7606,#7607,#7608,#7614));
#7606 = ORIENTED_EDGE('',*,*,#7575,.T.);
#7607 = ORIENTED_EDGE('',*,*,#6709,.T.);
#7608 = ORIENTED_EDGE('',*,*,#7609,.F.);
#7609 = EDGE_CURVE('',#6217,#6710,#7610,.T.);
#7610 = LINE('',#7611,#7612);
#7611 = CARTESIAN_POINT('',(-1.016,-13.97,0.));
#7612 = VECTOR('',#7613,1.);
#7613 = DIRECTION('',(0.,0.,1.));
#7614 = ORIENTED_EDGE('',*,*,#6216,.F.);
#7615 = PLANE('',#7616);
#7616 = AXIS2_PLACEMENT_3D('',#7617,#7618,#7619);
#7617 = CARTESIAN_POINT('',(-1.27,-13.716,0.));
#7618 = DIRECTION('',(0.707106781187,0.707106781187,0.));
#7619 = DIRECTION('',(0.707106781187,-0.707106781187,0.));
#7620 = ADVANCED_FACE('',(#7621),#7632,.F.);
#7621 = FACE_BOUND('',#7622,.F.);
#7622 = EDGE_LOOP('',(#7623,#7629,#7630,#7631));
#7623 = ORIENTED_EDGE('',*,*,#7624,.T.);
#7624 = EDGE_CURVE('',#6233,#6726,#7625,.T.);
#7625 = LINE('',#7626,#7627);
#7626 = CARTESIAN_POINT('',(1.27,-13.716,0.));
#7627 = VECTOR('',#7628,1.);
#7628 = DIRECTION('',(0.,0.,1.));
#7629 = ORIENTED_EDGE('',*,*,#6733,.T.);
#7630 = ORIENTED_EDGE('',*,*,#7590,.F.);
#7631 = ORIENTED_EDGE('',*,*,#6240,.F.);
#7632 = PLANE('',#7633);
#7633 = AXIS2_PLACEMENT_3D('',#7634,#7635,#7636);
#7634 = CARTESIAN_POINT('',(1.27,-13.716,0.));
#7635 = DIRECTION('',(-1.,0.,0.));
#7636 = DIRECTION('',(0.,1.,0.));
#7637 = ADVANCED_FACE('',(#7638),#7649,.F.);
#7638 = FACE_BOUND('',#7639,.F.);
#7639 = EDGE_LOOP('',(#7640,#7641,#7642,#7648));
#7640 = ORIENTED_EDGE('',*,*,#7609,.T.);
#7641 = ORIENTED_EDGE('',*,*,#6717,.T.);
#7642 = ORIENTED_EDGE('',*,*,#7643,.F.);
#7643 = EDGE_CURVE('',#6225,#6718,#7644,.T.);
#7644 = LINE('',#7645,#7646);
#7645 = CARTESIAN_POINT('',(1.016,-13.97,0.));
#7646 = VECTOR('',#7647,1.);
#7647 = DIRECTION('',(0.,0.,1.));
#7648 = ORIENTED_EDGE('',*,*,#6224,.F.);
#7649 = PLANE('',#7650);
#7650 = AXIS2_PLACEMENT_3D('',#7651,#7652,#7653);
#7651 = CARTESIAN_POINT('',(-1.016,-13.97,0.));
#7652 = DIRECTION('',(0.,1.,0.));
#7653 = DIRECTION('',(1.,0.,0.));
#7654 = ADVANCED_FACE('',(#7655),#7661,.F.);
#7655 = FACE_BOUND('',#7656,.F.);
#7656 = EDGE_LOOP('',(#7657,#7658,#7659,#7660));
#7657 = ORIENTED_EDGE('',*,*,#7643,.T.);
#7658 = ORIENTED_EDGE('',*,*,#6725,.T.);
#7659 = ORIENTED_EDGE('',*,*,#7624,.F.);
#7660 = ORIENTED_EDGE('',*,*,#6232,.F.);
#7661 = PLANE('',#7662);
#7662 = AXIS2_PLACEMENT_3D('',#7663,#7664,#7665);
#7663 = CARTESIAN_POINT('',(1.016,-13.97,0.));
#7664 = DIRECTION('',(-0.707106781187,0.707106781187,0.));
#7665 = DIRECTION('',(0.707106781187,0.707106781187,0.));
#7666 = ADVANCED_FACE('',(#7667),#7692,.T.);
#7667 = FACE_BOUND('',#7668,.T.);
#7668 = EDGE_LOOP('',(#7669,#7677,#7685,#7691));
#7669 = ORIENTED_EDGE('',*,*,#7670,.F.);
#7670 = EDGE_CURVE('',#7671,#6378,#7673,.T.);
#7671 = VERTEX_POINT('',#7672);
#7672 = CARTESIAN_POINT('',(0.32,-0.32,-2.84));
#7673 = LINE('',#7674,#7675);
#7674 = CARTESIAN_POINT('',(0.32,-0.32,-3.));
#7675 = VECTOR('',#7676,1.);
#7676 = DIRECTION('',(0.,0.,1.));
#7677 = ORIENTED_EDGE('',*,*,#7678,.T.);
#7678 = EDGE_CURVE('',#7671,#7679,#7681,.T.);
#7679 = VERTEX_POINT('',#7680);
#7680 = CARTESIAN_POINT('',(0.32,0.32,-2.84));
#7681 = LINE('',#7682,#7683);
#7682 = CARTESIAN_POINT('',(0.32,-0.32,-2.84));
#7683 = VECTOR('',#7684,1.);
#7684 = DIRECTION('',(0.,1.,0.));
#7685 = ORIENTED_EDGE('',*,*,#7686,.T.);
#7686 = EDGE_CURVE('',#7679,#6380,#7687,.T.);
#7687 = LINE('',#7688,#7689);
#7688 = CARTESIAN_POINT('',(0.32,0.32,-3.));
#7689 = VECTOR('',#7690,1.);
#7690 = DIRECTION('',(0.,0.,1.));
#7691 = ORIENTED_EDGE('',*,*,#6377,.F.);
#7692 = PLANE('',#7693);
#7693 = AXIS2_PLACEMENT_3D('',#7694,#7695,#7696);
#7694 = CARTESIAN_POINT('',(0.32,-0.32,-3.));
#7695 = DIRECTION('',(1.,0.,0.));
#7696 = DIRECTION('',(0.,0.,1.));
#7697 = ADVANCED_FACE('',(#7698),#7716,.T.);
#7698 = FACE_BOUND('',#7699,.T.);
#7699 = EDGE_LOOP('',(#7700,#7701,#7709,#7715));
#7700 = ORIENTED_EDGE('',*,*,#7686,.F.);
#7701 = ORIENTED_EDGE('',*,*,#7702,.F.);
#7702 = EDGE_CURVE('',#7703,#7679,#7705,.T.);
#7703 = VERTEX_POINT('',#7704);
#7704 = CARTESIAN_POINT('',(-0.32,0.32,-2.84));
#7705 = LINE('',#7706,#7707);
#7706 = CARTESIAN_POINT('',(-0.32,0.32,-2.84));
#7707 = VECTOR('',#7708,1.);
#7708 = DIRECTION('',(1.,0.,0.));
#7709 = ORIENTED_EDGE('',*,*,#7710,.T.);
#7710 = EDGE_CURVE('',#7703,#6396,#7711,.T.);
#7711 = LINE('',#7712,#7713);
#7712 = CARTESIAN_POINT('',(-0.32,0.32,-3.));
#7713 = VECTOR('',#7714,1.);
#7714 = DIRECTION('',(0.,0.,1.));
#7715 = ORIENTED_EDGE('',*,*,#6403,.F.);
#7716 = PLANE('',#7717);
#7717 = AXIS2_PLACEMENT_3D('',#7718,#7719,#7720);
#7718 = CARTESIAN_POINT('',(-0.32,0.32,-3.));
#7719 = DIRECTION('',(0.,1.,0.));
#7720 = DIRECTION('',(0.,-0.,1.));
#7721 = ADVANCED_FACE('',(#7722),#7740,.F.);
#7722 = FACE_BOUND('',#7723,.F.);
#7723 = EDGE_LOOP('',(#7724,#7732,#7738,#7739));
#7724 = ORIENTED_EDGE('',*,*,#7725,.F.);
#7725 = EDGE_CURVE('',#7726,#6388,#7728,.T.);
#7726 = VERTEX_POINT('',#7727);
#7727 = CARTESIAN_POINT('',(-0.32,-0.32,-2.84));
#7728 = LINE('',#7729,#7730);
#7729 = CARTESIAN_POINT('',(-0.32,-0.32,-3.));
#7730 = VECTOR('',#7731,1.);
#7731 = DIRECTION('',(0.,0.,1.));
#7732 = ORIENTED_EDGE('',*,*,#7733,.T.);
#7733 = EDGE_CURVE('',#7726,#7703,#7734,.T.);
#7734 = LINE('',#7735,#7736);
#7735 = CARTESIAN_POINT('',(-0.32,-0.32,-2.84));
#7736 = VECTOR('',#7737,1.);
#7737 = DIRECTION('',(0.,1.,0.));
#7738 = ORIENTED_EDGE('',*,*,#7710,.T.);
#7739 = ORIENTED_EDGE('',*,*,#6395,.F.);
#7740 = PLANE('',#7741);
#7741 = AXIS2_PLACEMENT_3D('',#7742,#7743,#7744);
#7742 = CARTESIAN_POINT('',(-0.32,-0.32,-3.));
#7743 = DIRECTION('',(1.,0.,0.));
#7744 = DIRECTION('',(0.,0.,1.));
#7745 = ADVANCED_FACE('',(#7746),#7757,.F.);
#7746 = FACE_BOUND('',#7747,.F.);
#7747 = EDGE_LOOP('',(#7748,#7749,#7755,#7756));
#7748 = ORIENTED_EDGE('',*,*,#7670,.F.);
#7749 = ORIENTED_EDGE('',*,*,#7750,.F.);
#7750 = EDGE_CURVE('',#7726,#7671,#7751,.T.);
#7751 = LINE('',#7752,#7753);
#7752 = CARTESIAN_POINT('',(-0.32,-0.32,-2.84));
#7753 = VECTOR('',#7754,1.);
#7754 = DIRECTION('',(1.,0.,0.));
#7755 = ORIENTED_EDGE('',*,*,#7725,.T.);
#7756 = ORIENTED_EDGE('',*,*,#6387,.F.);
#7757 = PLANE('',#7758);
#7758 = AXIS2_PLACEMENT_3D('',#7759,#7760,#7761);
#7759 = CARTESIAN_POINT('',(-0.32,-0.32,-3.));
#7760 = DIRECTION('',(0.,1.,0.));
#7761 = DIRECTION('',(0.,-0.,1.));
#7762 = ADVANCED_FACE('',(#7763),#7788,.T.);
#7763 = FACE_BOUND('',#7764,.T.);
#7764 = EDGE_LOOP('',(#7765,#7773,#7781,#7787));
#7765 = ORIENTED_EDGE('',*,*,#7766,.F.);
#7766 = EDGE_CURVE('',#7767,#6412,#7769,.T.);
#7767 = VERTEX_POINT('',#7768);
#7768 = CARTESIAN_POINT('',(0.32,-5.4,-2.84));
#7769 = LINE('',#7770,#7771);
#7770 = CARTESIAN_POINT('',(0.32,-5.4,-3.));
#7771 = VECTOR('',#7772,1.);
#7772 = DIRECTION('',(0.,0.,1.));
#7773 = ORIENTED_EDGE('',*,*,#7774,.T.);
#7774 = EDGE_CURVE('',#7767,#7775,#7777,.T.);
#7775 = VERTEX_POINT('',#7776);
#7776 = CARTESIAN_POINT('',(0.32,-4.76,-2.84));
#7777 = LINE('',#7778,#7779);
#7778 = CARTESIAN_POINT('',(0.32,-5.4,-2.84));
#7779 = VECTOR('',#7780,1.);
#7780 = DIRECTION('',(0.,1.,0.));
#7781 = ORIENTED_EDGE('',*,*,#7782,.T.);
#7782 = EDGE_CURVE('',#7775,#6414,#7783,.T.);
#7783 = LINE('',#7784,#7785);
#7784 = CARTESIAN_POINT('',(0.32,-4.76,-3.));
#7785 = VECTOR('',#7786,1.);
#7786 = DIRECTION('',(0.,0.,1.));
#7787 = ORIENTED_EDGE('',*,*,#6411,.F.);
#7788 = PLANE('',#7789);
#7789 = AXIS2_PLACEMENT_3D('',#7790,#7791,#7792);
#7790 = CARTESIAN_POINT('',(0.32,-5.4,-3.));
#7791 = DIRECTION('',(1.,0.,0.));
#7792 = DIRECTION('',(0.,0.,1.));
#7793 = ADVANCED_FACE('',(#7794),#7812,.T.);
#7794 = FACE_BOUND('',#7795,.T.);
#7795 = EDGE_LOOP('',(#7796,#7797,#7805,#7811));
#7796 = ORIENTED_EDGE('',*,*,#7782,.F.);
#7797 = ORIENTED_EDGE('',*,*,#7798,.F.);
#7798 = EDGE_CURVE('',#7799,#7775,#7801,.T.);
#7799 = VERTEX_POINT('',#7800);
#7800 = CARTESIAN_POINT('',(-0.32,-4.76,-2.84));
#7801 = LINE('',#7802,#7803);
#7802 = CARTESIAN_POINT('',(-0.32,-4.76,-2.84));
#7803 = VECTOR('',#7804,1.);
#7804 = DIRECTION('',(1.,0.,0.));
#7805 = ORIENTED_EDGE('',*,*,#7806,.T.);
#7806 = EDGE_CURVE('',#7799,#6430,#7807,.T.);
#7807 = LINE('',#7808,#7809);
#7808 = CARTESIAN_POINT('',(-0.32,-4.76,-3.));
#7809 = VECTOR('',#7810,1.);
#7810 = DIRECTION('',(0.,0.,1.));
#7811 = ORIENTED_EDGE('',*,*,#6437,.F.);
#7812 = PLANE('',#7813);
#7813 = AXIS2_PLACEMENT_3D('',#7814,#7815,#7816);
#7814 = CARTESIAN_POINT('',(-0.32,-4.76,-3.));
#7815 = DIRECTION('',(0.,1.,0.));
#7816 = DIRECTION('',(0.,-0.,1.));
#7817 = ADVANCED_FACE('',(#7818),#7836,.F.);
#7818 = FACE_BOUND('',#7819,.F.);
#7819 = EDGE_LOOP('',(#7820,#7828,#7834,#7835));
#7820 = ORIENTED_EDGE('',*,*,#7821,.F.);
#7821 = EDGE_CURVE('',#7822,#6422,#7824,.T.);
#7822 = VERTEX_POINT('',#7823);
#7823 = CARTESIAN_POINT('',(-0.32,-5.4,-2.84));
#7824 = LINE('',#7825,#7826);
#7825 = CARTESIAN_POINT('',(-0.32,-5.4,-3.));
#7826 = VECTOR('',#7827,1.);
#7827 = DIRECTION('',(0.,0.,1.));
#7828 = ORIENTED_EDGE('',*,*,#7829,.T.);
#7829 = EDGE_CURVE('',#7822,#7799,#7830,.T.);
#7830 = LINE('',#7831,#7832);
#7831 = CARTESIAN_POINT('',(-0.32,-5.4,-2.84));
#7832 = VECTOR('',#7833,1.);
#7833 = DIRECTION('',(0.,1.,0.));
#7834 = ORIENTED_EDGE('',*,*,#7806,.T.);
#7835 = ORIENTED_EDGE('',*,*,#6429,.F.);
#7836 = PLANE('',#7837);
#7837 = AXIS2_PLACEMENT_3D('',#7838,#7839,#7840);
#7838 = CARTESIAN_POINT('',(-0.32,-5.4,-3.));
#7839 = DIRECTION('',(1.,0.,0.));
#7840 = DIRECTION('',(0.,0.,1.));
#7841 = ADVANCED_FACE('',(#7842),#7853,.F.);
#7842 = FACE_BOUND('',#7843,.F.);
#7843 = EDGE_LOOP('',(#7844,#7845,#7851,#7852));
#7844 = ORIENTED_EDGE('',*,*,#7766,.F.);
#7845 = ORIENTED_EDGE('',*,*,#7846,.F.);
#7846 = EDGE_CURVE('',#7822,#7767,#7847,.T.);
#7847 = LINE('',#7848,#7849);
#7848 = CARTESIAN_POINT('',(-0.32,-5.4,-2.84));
#7849 = VECTOR('',#7850,1.);
#7850 = DIRECTION('',(1.,0.,0.));
#7851 = ORIENTED_EDGE('',*,*,#7821,.T.);
#7852 = ORIENTED_EDGE('',*,*,#6421,.F.);
#7853 = PLANE('',#7854);
#7854 = AXIS2_PLACEMENT_3D('',#7855,#7856,#7857);
#7855 = CARTESIAN_POINT('',(-0.32,-5.4,-3.));
#7856 = DIRECTION('',(0.,1.,0.));
#7857 = DIRECTION('',(0.,-0.,1.));
#7858 = ADVANCED_FACE('',(#7859),#7884,.T.);
#7859 = FACE_BOUND('',#7860,.T.);
#7860 = EDGE_LOOP('',(#7861,#7869,#7877,#7883));
#7861 = ORIENTED_EDGE('',*,*,#7862,.F.);
#7862 = EDGE_CURVE('',#7863,#6446,#7865,.T.);
#7863 = VERTEX_POINT('',#7864);
#7864 = CARTESIAN_POINT('',(0.32,-2.86,-2.84));
#7865 = LINE('',#7866,#7867);
#7866 = CARTESIAN_POINT('',(0.32,-2.86,-3.));
#7867 = VECTOR('',#7868,1.);
#7868 = DIRECTION('',(0.,0.,1.));
#7869 = ORIENTED_EDGE('',*,*,#7870,.T.);
#7870 = EDGE_CURVE('',#7863,#7871,#7873,.T.);
#7871 = VERTEX_POINT('',#7872);
#7872 = CARTESIAN_POINT('',(0.32,-2.22,-2.84));
#7873 = LINE('',#7874,#7875);
#7874 = CARTESIAN_POINT('',(0.32,-2.86,-2.84));
#7875 = VECTOR('',#7876,1.);
#7876 = DIRECTION('',(0.,1.,0.));
#7877 = ORIENTED_EDGE('',*,*,#7878,.T.);
#7878 = EDGE_CURVE('',#7871,#6448,#7879,.T.);
#7879 = LINE('',#7880,#7881);
#7880 = CARTESIAN_POINT('',(0.32,-2.22,-3.));
#7881 = VECTOR('',#7882,1.);
#7882 = DIRECTION('',(0.,0.,1.));
#7883 = ORIENTED_EDGE('',*,*,#6445,.F.);
#7884 = PLANE('',#7885);
#7885 = AXIS2_PLACEMENT_3D('',#7886,#7887,#7888);
#7886 = CARTESIAN_POINT('',(0.32,-2.86,-3.));
#7887 = DIRECTION('',(1.,0.,0.));
#7888 = DIRECTION('',(0.,0.,1.));
#7889 = ADVANCED_FACE('',(#7890),#7908,.T.);
#7890 = FACE_BOUND('',#7891,.T.);
#7891 = EDGE_LOOP('',(#7892,#7893,#7901,#7907));
#7892 = ORIENTED_EDGE('',*,*,#7878,.F.);
#7893 = ORIENTED_EDGE('',*,*,#7894,.F.);
#7894 = EDGE_CURVE('',#7895,#7871,#7897,.T.);
#7895 = VERTEX_POINT('',#7896);
#7896 = CARTESIAN_POINT('',(-0.32,-2.22,-2.84));
#7897 = LINE('',#7898,#7899);
#7898 = CARTESIAN_POINT('',(-0.32,-2.22,-2.84));
#7899 = VECTOR('',#7900,1.);
#7900 = DIRECTION('',(1.,0.,0.));
#7901 = ORIENTED_EDGE('',*,*,#7902,.T.);
#7902 = EDGE_CURVE('',#7895,#6464,#7903,.T.);
#7903 = LINE('',#7904,#7905);
#7904 = CARTESIAN_POINT('',(-0.32,-2.22,-3.));
#7905 = VECTOR('',#7906,1.);
#7906 = DIRECTION('',(0.,0.,1.));
#7907 = ORIENTED_EDGE('',*,*,#6471,.F.);
#7908 = PLANE('',#7909);
#7909 = AXIS2_PLACEMENT_3D('',#7910,#7911,#7912);
#7910 = CARTESIAN_POINT('',(-0.32,-2.22,-3.));
#7911 = DIRECTION('',(0.,1.,0.));
#7912 = DIRECTION('',(0.,-0.,1.));
#7913 = ADVANCED_FACE('',(#7914),#7932,.F.);
#7914 = FACE_BOUND('',#7915,.F.);
#7915 = EDGE_LOOP('',(#7916,#7924,#7930,#7931));
#7916 = ORIENTED_EDGE('',*,*,#7917,.F.);
#7917 = EDGE_CURVE('',#7918,#6456,#7920,.T.);
#7918 = VERTEX_POINT('',#7919);
#7919 = CARTESIAN_POINT('',(-0.32,-2.86,-2.84));
#7920 = LINE('',#7921,#7922);
#7921 = CARTESIAN_POINT('',(-0.32,-2.86,-3.));
#7922 = VECTOR('',#7923,1.);
#7923 = DIRECTION('',(0.,0.,1.));
#7924 = ORIENTED_EDGE('',*,*,#7925,.T.);
#7925 = EDGE_CURVE('',#7918,#7895,#7926,.T.);
#7926 = LINE('',#7927,#7928);
#7927 = CARTESIAN_POINT('',(-0.32,-2.86,-2.84));
#7928 = VECTOR('',#7929,1.);
#7929 = DIRECTION('',(0.,1.,0.));
#7930 = ORIENTED_EDGE('',*,*,#7902,.T.);
#7931 = ORIENTED_EDGE('',*,*,#6463,.F.);
#7932 = PLANE('',#7933);
#7933 = AXIS2_PLACEMENT_3D('',#7934,#7935,#7936);
#7934 = CARTESIAN_POINT('',(-0.32,-2.86,-3.));
#7935 = DIRECTION('',(1.,0.,0.));
#7936 = DIRECTION('',(0.,0.,1.));
#7937 = ADVANCED_FACE('',(#7938),#7949,.F.);
#7938 = FACE_BOUND('',#7939,.F.);
#7939 = EDGE_LOOP('',(#7940,#7941,#7947,#7948));
#7940 = ORIENTED_EDGE('',*,*,#7862,.F.);
#7941 = ORIENTED_EDGE('',*,*,#7942,.F.);
#7942 = EDGE_CURVE('',#7918,#7863,#7943,.T.);
#7943 = LINE('',#7944,#7945);
#7944 = CARTESIAN_POINT('',(-0.32,-2.86,-2.84));
#7945 = VECTOR('',#7946,1.);
#7946 = DIRECTION('',(1.,0.,0.));
#7947 = ORIENTED_EDGE('',*,*,#7917,.T.);
#7948 = ORIENTED_EDGE('',*,*,#6455,.F.);
#7949 = PLANE('',#7950);
#7950 = AXIS2_PLACEMENT_3D('',#7951,#7952,#7953);
#7951 = CARTESIAN_POINT('',(-0.32,-2.86,-3.));
#7952 = DIRECTION('',(0.,1.,0.));
#7953 = DIRECTION('',(0.,-0.,1.));
#7954 = ADVANCED_FACE('',(#7955),#7980,.F.);
#7955 = FACE_BOUND('',#7956,.F.);
#7956 = EDGE_LOOP('',(#7957,#7965,#7973,#7979));
#7957 = ORIENTED_EDGE('',*,*,#7958,.F.);
#7958 = EDGE_CURVE('',#7959,#6480,#7961,.T.);
#7959 = VERTEX_POINT('',#7960);
#7960 = CARTESIAN_POINT('',(0.32,-13.02,-2.84));
#7961 = LINE('',#7962,#7963);
#7962 = CARTESIAN_POINT('',(0.32,-13.02,-3.));
#7963 = VECTOR('',#7964,1.);
#7964 = DIRECTION('',(0.,0.,1.));
#7965 = ORIENTED_EDGE('',*,*,#7966,.F.);
#7966 = EDGE_CURVE('',#7967,#7959,#7969,.T.);
#7967 = VERTEX_POINT('',#7968);
#7968 = CARTESIAN_POINT('',(-0.32,-13.02,-2.84));
#7969 = LINE('',#7970,#7971);
#7970 = CARTESIAN_POINT('',(-0.32,-13.02,-2.84));
#7971 = VECTOR('',#7972,1.);
#7972 = DIRECTION('',(1.,0.,0.));
#7973 = ORIENTED_EDGE('',*,*,#7974,.T.);
#7974 = EDGE_CURVE('',#7967,#6482,#7975,.T.);
#7975 = LINE('',#7976,#7977);
#7976 = CARTESIAN_POINT('',(-0.32,-13.02,-3.));
#7977 = VECTOR('',#7978,1.);
#7978 = DIRECTION('',(0.,0.,1.));
#7979 = ORIENTED_EDGE('',*,*,#6479,.F.);
#7980 = PLANE('',#7981);
#7981 = AXIS2_PLACEMENT_3D('',#7982,#7983,#7984);
#7982 = CARTESIAN_POINT('',(-0.32,-13.02,-3.));
#7983 = DIRECTION('',(0.,1.,0.));
#7984 = DIRECTION('',(0.,-0.,1.));
#7985 = ADVANCED_FACE('',(#7986),#8004,.T.);
#7986 = FACE_BOUND('',#7987,.T.);
#7987 = EDGE_LOOP('',(#7988,#7989,#7997,#8003));
#7988 = ORIENTED_EDGE('',*,*,#7958,.F.);
#7989 = ORIENTED_EDGE('',*,*,#7990,.T.);
#7990 = EDGE_CURVE('',#7959,#7991,#7993,.T.);
#7991 = VERTEX_POINT('',#7992);
#7992 = CARTESIAN_POINT('',(0.32,-12.38,-2.84));
#7993 = LINE('',#7994,#7995);
#7994 = CARTESIAN_POINT('',(0.32,-13.02,-2.84));
#7995 = VECTOR('',#7996,1.);
#7996 = DIRECTION('',(0.,1.,0.));
#7997 = ORIENTED_EDGE('',*,*,#7998,.T.);
#7998 = EDGE_CURVE('',#7991,#6498,#7999,.T.);
#7999 = LINE('',#8000,#8001);
#8000 = CARTESIAN_POINT('',(0.32,-12.38,-3.));
#8001 = VECTOR('',#8002,1.);
#8002 = DIRECTION('',(0.,0.,1.));
#8003 = ORIENTED_EDGE('',*,*,#6505,.F.);
#8004 = PLANE('',#8005);
#8005 = AXIS2_PLACEMENT_3D('',#8006,#8007,#8008);
#8006 = CARTESIAN_POINT('',(0.32,-13.02,-3.));
#8007 = DIRECTION('',(1.,0.,0.));
#8008 = DIRECTION('',(0.,0.,1.));
#8009 = ADVANCED_FACE('',(#8010),#8028,.T.);
#8010 = FACE_BOUND('',#8011,.T.);
#8011 = EDGE_LOOP('',(#8012,#8013,#8021,#8027));
#8012 = ORIENTED_EDGE('',*,*,#7998,.F.);
#8013 = ORIENTED_EDGE('',*,*,#8014,.F.);
#8014 = EDGE_CURVE('',#8015,#7991,#8017,.T.);
#8015 = VERTEX_POINT('',#8016);
#8016 = CARTESIAN_POINT('',(-0.32,-12.38,-2.84));
#8017 = LINE('',#8018,#8019);
#8018 = CARTESIAN_POINT('',(-0.32,-12.38,-2.84));
#8019 = VECTOR('',#8020,1.);
#8020 = DIRECTION('',(1.,0.,0.));
#8021 = ORIENTED_EDGE('',*,*,#8022,.T.);
#8022 = EDGE_CURVE('',#8015,#6490,#8023,.T.);
#8023 = LINE('',#8024,#8025);
#8024 = CARTESIAN_POINT('',(-0.32,-12.38,-3.));
#8025 = VECTOR('',#8026,1.);
#8026 = DIRECTION('',(0.,0.,1.));
#8027 = ORIENTED_EDGE('',*,*,#6497,.F.);
#8028 = PLANE('',#8029);
#8029 = AXIS2_PLACEMENT_3D('',#8030,#8031,#8032);
#8030 = CARTESIAN_POINT('',(-0.32,-12.38,-3.));
#8031 = DIRECTION('',(0.,1.,0.));
#8032 = DIRECTION('',(0.,-0.,1.));
#8033 = ADVANCED_FACE('',(#8034),#8045,.F.);
#8034 = FACE_BOUND('',#8035,.F.);
#8035 = EDGE_LOOP('',(#8036,#8037,#8043,#8044));
#8036 = ORIENTED_EDGE('',*,*,#7974,.F.);
#8037 = ORIENTED_EDGE('',*,*,#8038,.T.);
#8038 = EDGE_CURVE('',#7967,#8015,#8039,.T.);
#8039 = LINE('',#8040,#8041);
#8040 = CARTESIAN_POINT('',(-0.32,-13.02,-2.84));
#8041 = VECTOR('',#8042,1.);
#8042 = DIRECTION('',(0.,1.,0.));
#8043 = ORIENTED_EDGE('',*,*,#8022,.T.);
#8044 = ORIENTED_EDGE('',*,*,#6489,.F.);
#8045 = PLANE('',#8046);
#8046 = AXIS2_PLACEMENT_3D('',#8047,#8048,#8049);
#8047 = CARTESIAN_POINT('',(-0.32,-13.02,-3.));
#8048 = DIRECTION('',(1.,0.,0.));
#8049 = DIRECTION('',(0.,0.,1.));
#8050 = ADVANCED_FACE('',(#8051),#8076,.T.);
#8051 = FACE_BOUND('',#8052,.T.);
#8052 = EDGE_LOOP('',(#8053,#8061,#8069,#8075));
#8053 = ORIENTED_EDGE('',*,*,#8054,.F.);
#8054 = EDGE_CURVE('',#8055,#6514,#8057,.T.);
#8055 = VERTEX_POINT('',#8056);
#8056 = CARTESIAN_POINT('',(0.32,-9.84,-2.84));
#8057 = LINE('',#8058,#8059);
#8058 = CARTESIAN_POINT('',(0.32,-9.84,-3.));
#8059 = VECTOR('',#8060,1.);
#8060 = DIRECTION('',(0.,0.,1.));
#8061 = ORIENTED_EDGE('',*,*,#8062,.F.);
#8062 = EDGE_CURVE('',#8063,#8055,#8065,.T.);
#8063 = VERTEX_POINT('',#8064);
#8064 = CARTESIAN_POINT('',(-0.32,-9.84,-2.84));
#8065 = LINE('',#8066,#8067);
#8066 = CARTESIAN_POINT('',(-0.32,-9.84,-2.84));
#8067 = VECTOR('',#8068,1.);
#8068 = DIRECTION('',(1.,0.,0.));
#8069 = ORIENTED_EDGE('',*,*,#8070,.T.);
#8070 = EDGE_CURVE('',#8063,#6516,#8071,.T.);
#8071 = LINE('',#8072,#8073);
#8072 = CARTESIAN_POINT('',(-0.32,-9.84,-3.));
#8073 = VECTOR('',#8074,1.);
#8074 = DIRECTION('',(0.,0.,1.));
#8075 = ORIENTED_EDGE('',*,*,#6513,.F.);
#8076 = PLANE('',#8077);
#8077 = AXIS2_PLACEMENT_3D('',#8078,#8079,#8080);
#8078 = CARTESIAN_POINT('',(-0.32,-9.84,-3.));
#8079 = DIRECTION('',(0.,1.,0.));
#8080 = DIRECTION('',(0.,-0.,1.));
#8081 = ADVANCED_FACE('',(#8082),#8100,.F.);
#8082 = FACE_BOUND('',#8083,.F.);
#8083 = EDGE_LOOP('',(#8084,#8092,#8098,#8099));
#8084 = ORIENTED_EDGE('',*,*,#8085,.F.);
#8085 = EDGE_CURVE('',#8086,#6532,#8088,.T.);
#8086 = VERTEX_POINT('',#8087);
#8087 = CARTESIAN_POINT('',(-0.32,-10.48,-2.84));
#8088 = LINE('',#8089,#8090);
#8089 = CARTESIAN_POINT('',(-0.32,-10.48,-3.));
#8090 = VECTOR('',#8091,1.);
#8091 = DIRECTION('',(0.,0.,1.));
#8092 = ORIENTED_EDGE('',*,*,#8093,.T.);
#8093 = EDGE_CURVE('',#8086,#8063,#8094,.T.);
#8094 = LINE('',#8095,#8096);
#8095 = CARTESIAN_POINT('',(-0.32,-10.48,-2.84));
#8096 = VECTOR('',#8097,1.);
#8097 = DIRECTION('',(0.,1.,0.));
#8098 = ORIENTED_EDGE('',*,*,#8070,.T.);
#8099 = ORIENTED_EDGE('',*,*,#6539,.F.);
#8100 = PLANE('',#8101);
#8101 = AXIS2_PLACEMENT_3D('',#8102,#8103,#8104);
#8102 = CARTESIAN_POINT('',(-0.32,-10.48,-3.));
#8103 = DIRECTION('',(1.,0.,0.));
#8104 = DIRECTION('',(0.,0.,1.));
#8105 = ADVANCED_FACE('',(#8106),#8124,.F.);
#8106 = FACE_BOUND('',#8107,.F.);
#8107 = EDGE_LOOP('',(#8108,#8116,#8122,#8123));
#8108 = ORIENTED_EDGE('',*,*,#8109,.F.);
#8109 = EDGE_CURVE('',#8110,#6524,#8112,.T.);
#8110 = VERTEX_POINT('',#8111);
#8111 = CARTESIAN_POINT('',(0.32,-10.48,-2.84));
#8112 = LINE('',#8113,#8114);
#8113 = CARTESIAN_POINT('',(0.32,-10.48,-3.));
#8114 = VECTOR('',#8115,1.);
#8115 = DIRECTION('',(0.,0.,1.));
#8116 = ORIENTED_EDGE('',*,*,#8117,.F.);
#8117 = EDGE_CURVE('',#8086,#8110,#8118,.T.);
#8118 = LINE('',#8119,#8120);
#8119 = CARTESIAN_POINT('',(-0.32,-10.48,-2.84));
#8120 = VECTOR('',#8121,1.);
#8121 = DIRECTION('',(1.,0.,0.));
#8122 = ORIENTED_EDGE('',*,*,#8085,.T.);
#8123 = ORIENTED_EDGE('',*,*,#6531,.F.);
#8124 = PLANE('',#8125);
#8125 = AXIS2_PLACEMENT_3D('',#8126,#8127,#8128);
#8126 = CARTESIAN_POINT('',(-0.32,-10.48,-3.));
#8127 = DIRECTION('',(0.,1.,0.));
#8128 = DIRECTION('',(0.,-0.,1.));
#8129 = ADVANCED_FACE('',(#8130),#8141,.T.);
#8130 = FACE_BOUND('',#8131,.T.);
#8131 = EDGE_LOOP('',(#8132,#8133,#8139,#8140));
#8132 = ORIENTED_EDGE('',*,*,#8109,.F.);
#8133 = ORIENTED_EDGE('',*,*,#8134,.T.);
#8134 = EDGE_CURVE('',#8110,#8055,#8135,.T.);
#8135 = LINE('',#8136,#8137);
#8136 = CARTESIAN_POINT('',(0.32,-10.48,-2.84));
#8137 = VECTOR('',#8138,1.);
#8138 = DIRECTION('',(0.,1.,0.));
#8139 = ORIENTED_EDGE('',*,*,#8054,.T.);
#8140 = ORIENTED_EDGE('',*,*,#6523,.F.);
#8141 = PLANE('',#8142);
#8142 = AXIS2_PLACEMENT_3D('',#8143,#8144,#8145);
#8143 = CARTESIAN_POINT('',(0.32,-10.48,-3.));
#8144 = DIRECTION('',(1.,0.,0.));
#8145 = DIRECTION('',(0.,0.,1.));
#8146 = ADVANCED_FACE('',(#8147),#8172,.F.);
#8147 = FACE_BOUND('',#8148,.F.);
#8148 = EDGE_LOOP('',(#8149,#8157,#8165,#8171));
#8149 = ORIENTED_EDGE('',*,*,#8150,.F.);
#8150 = EDGE_CURVE('',#8151,#6548,#8153,.T.);
#8151 = VERTEX_POINT('',#8152);
#8152 = CARTESIAN_POINT('',(0.32,-7.94,-2.84));
#8153 = LINE('',#8154,#8155);
#8154 = CARTESIAN_POINT('',(0.32,-7.94,-3.));
#8155 = VECTOR('',#8156,1.);
#8156 = DIRECTION('',(0.,0.,1.));
#8157 = ORIENTED_EDGE('',*,*,#8158,.F.);
#8158 = EDGE_CURVE('',#8159,#8151,#8161,.T.);
#8159 = VERTEX_POINT('',#8160);
#8160 = CARTESIAN_POINT('',(-0.32,-7.94,-2.84));
#8161 = LINE('',#8162,#8163);
#8162 = CARTESIAN_POINT('',(-0.32,-7.94,-2.84));
#8163 = VECTOR('',#8164,1.);
#8164 = DIRECTION('',(1.,0.,0.));
#8165 = ORIENTED_EDGE('',*,*,#8166,.T.);
#8166 = EDGE_CURVE('',#8159,#6550,#8167,.T.);
#8167 = LINE('',#8168,#8169);
#8168 = CARTESIAN_POINT('',(-0.32,-7.94,-3.));
#8169 = VECTOR('',#8170,1.);
#8170 = DIRECTION('',(0.,0.,1.));
#8171 = ORIENTED_EDGE('',*,*,#6547,.F.);
#8172 = PLANE('',#8173);
#8173 = AXIS2_PLACEMENT_3D('',#8174,#8175,#8176);
#8174 = CARTESIAN_POINT('',(-0.32,-7.94,-3.));
#8175 = DIRECTION('',(0.,1.,0.));
#8176 = DIRECTION('',(0.,-0.,1.));
#8177 = ADVANCED_FACE('',(#8178),#8196,.T.);
#8178 = FACE_BOUND('',#8179,.T.);
#8179 = EDGE_LOOP('',(#8180,#8181,#8189,#8195));
#8180 = ORIENTED_EDGE('',*,*,#8150,.F.);
#8181 = ORIENTED_EDGE('',*,*,#8182,.T.);
#8182 = EDGE_CURVE('',#8151,#8183,#8185,.T.);
#8183 = VERTEX_POINT('',#8184);
#8184 = CARTESIAN_POINT('',(0.32,-7.3,-2.84));
#8185 = LINE('',#8186,#8187);
#8186 = CARTESIAN_POINT('',(0.32,-7.94,-2.84));
#8187 = VECTOR('',#8188,1.);
#8188 = DIRECTION('',(0.,1.,0.));
#8189 = ORIENTED_EDGE('',*,*,#8190,.T.);
#8190 = EDGE_CURVE('',#8183,#6566,#8191,.T.);
#8191 = LINE('',#8192,#8193);
#8192 = CARTESIAN_POINT('',(0.32,-7.3,-3.));
#8193 = VECTOR('',#8194,1.);
#8194 = DIRECTION('',(0.,0.,1.));
#8195 = ORIENTED_EDGE('',*,*,#6573,.F.);
#8196 = PLANE('',#8197);
#8197 = AXIS2_PLACEMENT_3D('',#8198,#8199,#8200);
#8198 = CARTESIAN_POINT('',(0.32,-7.94,-3.));
#8199 = DIRECTION('',(1.,0.,0.));
#8200 = DIRECTION('',(0.,0.,1.));
#8201 = ADVANCED_FACE('',(#8202),#8220,.T.);
#8202 = FACE_BOUND('',#8203,.T.);
#8203 = EDGE_LOOP('',(#8204,#8205,#8213,#8219));
#8204 = ORIENTED_EDGE('',*,*,#8190,.F.);
#8205 = ORIENTED_EDGE('',*,*,#8206,.F.);
#8206 = EDGE_CURVE('',#8207,#8183,#8209,.T.);
#8207 = VERTEX_POINT('',#8208);
#8208 = CARTESIAN_POINT('',(-0.32,-7.3,-2.84));
#8209 = LINE('',#8210,#8211);
#8210 = CARTESIAN_POINT('',(-0.32,-7.3,-2.84));
#8211 = VECTOR('',#8212,1.);
#8212 = DIRECTION('',(1.,0.,0.));
#8213 = ORIENTED_EDGE('',*,*,#8214,.T.);
#8214 = EDGE_CURVE('',#8207,#6558,#8215,.T.);
#8215 = LINE('',#8216,#8217);
#8216 = CARTESIAN_POINT('',(-0.32,-7.3,-3.));
#8217 = VECTOR('',#8218,1.);
#8218 = DIRECTION('',(0.,0.,1.));
#8219 = ORIENTED_EDGE('',*,*,#6565,.F.);
#8220 = PLANE('',#8221);
#8221 = AXIS2_PLACEMENT_3D('',#8222,#8223,#8224);
#8222 = CARTESIAN_POINT('',(-0.32,-7.3,-3.));
#8223 = DIRECTION('',(0.,1.,0.));
#8224 = DIRECTION('',(0.,-0.,1.));
#8225 = ADVANCED_FACE('',(#8226),#8237,.F.);
#8226 = FACE_BOUND('',#8227,.F.);
#8227 = EDGE_LOOP('',(#8228,#8229,#8235,#8236));
#8228 = ORIENTED_EDGE('',*,*,#8166,.F.);
#8229 = ORIENTED_EDGE('',*,*,#8230,.T.);
#8230 = EDGE_CURVE('',#8159,#8207,#8231,.T.);
#8231 = LINE('',#8232,#8233);
#8232 = CARTESIAN_POINT('',(-0.32,-7.94,-2.84));
#8233 = VECTOR('',#8234,1.);
#8234 = DIRECTION('',(0.,1.,0.));
#8235 = ORIENTED_EDGE('',*,*,#8214,.T.);
#8236 = ORIENTED_EDGE('',*,*,#6557,.F.);
#8237 = PLANE('',#8238);
#8238 = AXIS2_PLACEMENT_3D('',#8239,#8240,#8241);
#8239 = CARTESIAN_POINT('',(-0.32,-7.94,-3.));
#8240 = DIRECTION('',(1.,0.,0.));
#8241 = DIRECTION('',(0.,0.,1.));
#8242 = ADVANCED_FACE('',(#8243),#8268,.T.);
#8243 = FACE_BOUND('',#8244,.T.);
#8244 = EDGE_LOOP('',(#8245,#8253,#8254,#8262));
#8245 = ORIENTED_EDGE('',*,*,#8246,.F.);
#8246 = EDGE_CURVE('',#6871,#8247,#8249,.T.);
#8247 = VERTEX_POINT('',#8248);
#8248 = CARTESIAN_POINT('',(0.32,-0.32,8.38));
#8249 = LINE('',#8250,#8251);
#8250 = CARTESIAN_POINT('',(0.32,-0.32,-3.));
#8251 = VECTOR('',#8252,1.);
#8252 = DIRECTION('',(0.,0.,1.));
#8253 = ORIENTED_EDGE('',*,*,#6870,.T.);
#8254 = ORIENTED_EDGE('',*,*,#8255,.T.);
#8255 = EDGE_CURVE('',#6873,#8256,#8258,.T.);
#8256 = VERTEX_POINT('',#8257);
#8257 = CARTESIAN_POINT('',(0.32,0.32,8.38));
#8258 = LINE('',#8259,#8260);
#8259 = CARTESIAN_POINT('',(0.32,0.32,-3.));
#8260 = VECTOR('',#8261,1.);
#8261 = DIRECTION('',(0.,0.,1.));
#8262 = ORIENTED_EDGE('',*,*,#8263,.F.);
#8263 = EDGE_CURVE('',#8247,#8256,#8264,.T.);
#8264 = LINE('',#8265,#8266);
#8265 = CARTESIAN_POINT('',(0.32,-0.32,8.38));
#8266 = VECTOR('',#8267,1.);
#8267 = DIRECTION('',(0.,1.,0.));
#8268 = PLANE('',#8269);
#8269 = AXIS2_PLACEMENT_3D('',#8270,#8271,#8272);
#8270 = CARTESIAN_POINT('',(0.32,-0.32,-3.));
#8271 = DIRECTION('',(1.,0.,0.));
#8272 = DIRECTION('',(0.,0.,1.));
#8273 = ADVANCED_FACE('',(#8274),#8292,.T.);
#8274 = FACE_BOUND('',#8275,.T.);
#8275 = EDGE_LOOP('',(#8276,#8277,#8278,#8286));
#8276 = ORIENTED_EDGE('',*,*,#8255,.F.);
#8277 = ORIENTED_EDGE('',*,*,#6896,.T.);
#8278 = ORIENTED_EDGE('',*,*,#8279,.T.);
#8279 = EDGE_CURVE('',#6889,#8280,#8282,.T.);
#8280 = VERTEX_POINT('',#8281);
#8281 = CARTESIAN_POINT('',(-0.32,0.32,8.38));
#8282 = LINE('',#8283,#8284);
#8283 = CARTESIAN_POINT('',(-0.32,0.32,-3.));
#8284 = VECTOR('',#8285,1.);
#8285 = DIRECTION('',(0.,0.,1.));
#8286 = ORIENTED_EDGE('',*,*,#8287,.T.);
#8287 = EDGE_CURVE('',#8280,#8256,#8288,.T.);
#8288 = LINE('',#8289,#8290);
#8289 = CARTESIAN_POINT('',(-0.32,0.32,8.38));
#8290 = VECTOR('',#8291,1.);
#8291 = DIRECTION('',(1.,0.,0.));
#8292 = PLANE('',#8293);
#8293 = AXIS2_PLACEMENT_3D('',#8294,#8295,#8296);
#8294 = CARTESIAN_POINT('',(-0.32,0.32,-3.));
#8295 = DIRECTION('',(0.,1.,0.));
#8296 = DIRECTION('',(0.,-0.,1.));
#8297 = ADVANCED_FACE('',(#8298),#8316,.F.);
#8298 = FACE_BOUND('',#8299,.F.);
#8299 = EDGE_LOOP('',(#8300,#8308,#8309,#8310));
#8300 = ORIENTED_EDGE('',*,*,#8301,.F.);
#8301 = EDGE_CURVE('',#6881,#8302,#8304,.T.);
#8302 = VERTEX_POINT('',#8303);
#8303 = CARTESIAN_POINT('',(-0.32,-0.32,8.38));
#8304 = LINE('',#8305,#8306);
#8305 = CARTESIAN_POINT('',(-0.32,-0.32,-3.));
#8306 = VECTOR('',#8307,1.);
#8307 = DIRECTION('',(0.,0.,1.));
#8308 = ORIENTED_EDGE('',*,*,#6888,.T.);
#8309 = ORIENTED_EDGE('',*,*,#8279,.T.);
#8310 = ORIENTED_EDGE('',*,*,#8311,.F.);
#8311 = EDGE_CURVE('',#8302,#8280,#8312,.T.);
#8312 = LINE('',#8313,#8314);
#8313 = CARTESIAN_POINT('',(-0.32,-0.32,8.38));
#8314 = VECTOR('',#8315,1.);
#8315 = DIRECTION('',(0.,1.,0.));
#8316 = PLANE('',#8317);
#8317 = AXIS2_PLACEMENT_3D('',#8318,#8319,#8320);
#8318 = CARTESIAN_POINT('',(-0.32,-0.32,-3.));
#8319 = DIRECTION('',(1.,0.,0.));
#8320 = DIRECTION('',(0.,0.,1.));
#8321 = ADVANCED_FACE('',(#8322),#8333,.F.);
#8322 = FACE_BOUND('',#8323,.F.);
#8323 = EDGE_LOOP('',(#8324,#8325,#8326,#8327));
#8324 = ORIENTED_EDGE('',*,*,#8246,.F.);
#8325 = ORIENTED_EDGE('',*,*,#6880,.T.);
#8326 = ORIENTED_EDGE('',*,*,#8301,.T.);
#8327 = ORIENTED_EDGE('',*,*,#8328,.T.);
#8328 = EDGE_CURVE('',#8302,#8247,#8329,.T.);
#8329 = LINE('',#8330,#8331);
#8330 = CARTESIAN_POINT('',(-0.32,-0.32,8.38));
#8331 = VECTOR('',#8332,1.);
#8332 = DIRECTION('',(1.,0.,0.));
#8333 = PLANE('',#8334);
#8334 = AXIS2_PLACEMENT_3D('',#8335,#8336,#8337);
#8335 = CARTESIAN_POINT('',(-0.32,-0.32,-3.));
#8336 = DIRECTION('',(0.,1.,0.));
#8337 = DIRECTION('',(0.,-0.,1.));
#8338 = ADVANCED_FACE('',(#8339),#8364,.T.);
#8339 = FACE_BOUND('',#8340,.T.);
#8340 = EDGE_LOOP('',(#8341,#8349,#8350,#8358));
#8341 = ORIENTED_EDGE('',*,*,#8342,.F.);
#8342 = EDGE_CURVE('',#6905,#8343,#8345,.T.);
#8343 = VERTEX_POINT('',#8344);
#8344 = CARTESIAN_POINT('',(0.32,-5.4,8.38));
#8345 = LINE('',#8346,#8347);
#8346 = CARTESIAN_POINT('',(0.32,-5.4,-3.));
#8347 = VECTOR('',#8348,1.);
#8348 = DIRECTION('',(0.,0.,1.));
#8349 = ORIENTED_EDGE('',*,*,#6904,.T.);
#8350 = ORIENTED_EDGE('',*,*,#8351,.T.);
#8351 = EDGE_CURVE('',#6907,#8352,#8354,.T.);
#8352 = VERTEX_POINT('',#8353);
#8353 = CARTESIAN_POINT('',(0.32,-4.76,8.38));
#8354 = LINE('',#8355,#8356);
#8355 = CARTESIAN_POINT('',(0.32,-4.76,-3.));
#8356 = VECTOR('',#8357,1.);
#8357 = DIRECTION('',(0.,0.,1.));
#8358 = ORIENTED_EDGE('',*,*,#8359,.F.);
#8359 = EDGE_CURVE('',#8343,#8352,#8360,.T.);
#8360 = LINE('',#8361,#8362);
#8361 = CARTESIAN_POINT('',(0.32,-5.4,8.38));
#8362 = VECTOR('',#8363,1.);
#8363 = DIRECTION('',(0.,1.,0.));
#8364 = PLANE('',#8365);
#8365 = AXIS2_PLACEMENT_3D('',#8366,#8367,#8368);
#8366 = CARTESIAN_POINT('',(0.32,-5.4,-3.));
#8367 = DIRECTION('',(1.,0.,0.));
#8368 = DIRECTION('',(0.,0.,1.));
#8369 = ADVANCED_FACE('',(#8370),#8388,.T.);
#8370 = FACE_BOUND('',#8371,.T.);
#8371 = EDGE_LOOP('',(#8372,#8373,#8374,#8382));
#8372 = ORIENTED_EDGE('',*,*,#8351,.F.);
#8373 = ORIENTED_EDGE('',*,*,#6930,.T.);
#8374 = ORIENTED_EDGE('',*,*,#8375,.T.);
#8375 = EDGE_CURVE('',#6923,#8376,#8378,.T.);
#8376 = VERTEX_POINT('',#8377);
#8377 = CARTESIAN_POINT('',(-0.32,-4.76,8.38));
#8378 = LINE('',#8379,#8380);
#8379 = CARTESIAN_POINT('',(-0.32,-4.76,-3.));
#8380 = VECTOR('',#8381,1.);
#8381 = DIRECTION('',(0.,0.,1.));
#8382 = ORIENTED_EDGE('',*,*,#8383,.T.);
#8383 = EDGE_CURVE('',#8376,#8352,#8384,.T.);
#8384 = LINE('',#8385,#8386);
#8385 = CARTESIAN_POINT('',(-0.32,-4.76,8.38));
#8386 = VECTOR('',#8387,1.);
#8387 = DIRECTION('',(1.,0.,0.));
#8388 = PLANE('',#8389);
#8389 = AXIS2_PLACEMENT_3D('',#8390,#8391,#8392);
#8390 = CARTESIAN_POINT('',(-0.32,-4.76,-3.));
#8391 = DIRECTION('',(0.,1.,0.));
#8392 = DIRECTION('',(0.,-0.,1.));
#8393 = ADVANCED_FACE('',(#8394),#8412,.F.);
#8394 = FACE_BOUND('',#8395,.F.);
#8395 = EDGE_LOOP('',(#8396,#8404,#8405,#8406));
#8396 = ORIENTED_EDGE('',*,*,#8397,.F.);
#8397 = EDGE_CURVE('',#6915,#8398,#8400,.T.);
#8398 = VERTEX_POINT('',#8399);
#8399 = CARTESIAN_POINT('',(-0.32,-5.4,8.38));
#8400 = LINE('',#8401,#8402);
#8401 = CARTESIAN_POINT('',(-0.32,-5.4,-3.));
#8402 = VECTOR('',#8403,1.);
#8403 = DIRECTION('',(0.,0.,1.));
#8404 = ORIENTED_EDGE('',*,*,#6922,.T.);
#8405 = ORIENTED_EDGE('',*,*,#8375,.T.);
#8406 = ORIENTED_EDGE('',*,*,#8407,.F.);
#8407 = EDGE_CURVE('',#8398,#8376,#8408,.T.);
#8408 = LINE('',#8409,#8410);
#8409 = CARTESIAN_POINT('',(-0.32,-5.4,8.38));
#8410 = VECTOR('',#8411,1.);
#8411 = DIRECTION('',(0.,1.,0.));
#8412 = PLANE('',#8413);
#8413 = AXIS2_PLACEMENT_3D('',#8414,#8415,#8416);
#8414 = CARTESIAN_POINT('',(-0.32,-5.4,-3.));
#8415 = DIRECTION('',(1.,0.,0.));
#8416 = DIRECTION('',(0.,0.,1.));
#8417 = ADVANCED_FACE('',(#8418),#8429,.F.);
#8418 = FACE_BOUND('',#8419,.F.);
#8419 = EDGE_LOOP('',(#8420,#8421,#8422,#8423));
#8420 = ORIENTED_EDGE('',*,*,#8342,.F.);
#8421 = ORIENTED_EDGE('',*,*,#6914,.T.);
#8422 = ORIENTED_EDGE('',*,*,#8397,.T.);
#8423 = ORIENTED_EDGE('',*,*,#8424,.T.);
#8424 = EDGE_CURVE('',#8398,#8343,#8425,.T.);
#8425 = LINE('',#8426,#8427);
#8426 = CARTESIAN_POINT('',(-0.32,-5.4,8.38));
#8427 = VECTOR('',#8428,1.);
#8428 = DIRECTION('',(1.,0.,0.));
#8429 = PLANE('',#8430);
#8430 = AXIS2_PLACEMENT_3D('',#8431,#8432,#8433);
#8431 = CARTESIAN_POINT('',(-0.32,-5.4,-3.));
#8432 = DIRECTION('',(0.,1.,0.));
#8433 = DIRECTION('',(0.,-0.,1.));
#8434 = ADVANCED_FACE('',(#8435),#8460,.T.);
#8435 = FACE_BOUND('',#8436,.T.);
#8436 = EDGE_LOOP('',(#8437,#8445,#8446,#8454));
#8437 = ORIENTED_EDGE('',*,*,#8438,.F.);
#8438 = EDGE_CURVE('',#6939,#8439,#8441,.T.);
#8439 = VERTEX_POINT('',#8440);
#8440 = CARTESIAN_POINT('',(0.32,-2.86,8.38));
#8441 = LINE('',#8442,#8443);
#8442 = CARTESIAN_POINT('',(0.32,-2.86,-3.));
#8443 = VECTOR('',#8444,1.);
#8444 = DIRECTION('',(0.,0.,1.));
#8445 = ORIENTED_EDGE('',*,*,#6938,.T.);
#8446 = ORIENTED_EDGE('',*,*,#8447,.T.);
#8447 = EDGE_CURVE('',#6941,#8448,#8450,.T.);
#8448 = VERTEX_POINT('',#8449);
#8449 = CARTESIAN_POINT('',(0.32,-2.22,8.38));
#8450 = LINE('',#8451,#8452);
#8451 = CARTESIAN_POINT('',(0.32,-2.22,-3.));
#8452 = VECTOR('',#8453,1.);
#8453 = DIRECTION('',(0.,0.,1.));
#8454 = ORIENTED_EDGE('',*,*,#8455,.F.);
#8455 = EDGE_CURVE('',#8439,#8448,#8456,.T.);
#8456 = LINE('',#8457,#8458);
#8457 = CARTESIAN_POINT('',(0.32,-2.86,8.38));
#8458 = VECTOR('',#8459,1.);
#8459 = DIRECTION('',(0.,1.,0.));
#8460 = PLANE('',#8461);
#8461 = AXIS2_PLACEMENT_3D('',#8462,#8463,#8464);
#8462 = CARTESIAN_POINT('',(0.32,-2.86,-3.));
#8463 = DIRECTION('',(1.,0.,0.));
#8464 = DIRECTION('',(0.,0.,1.));
#8465 = ADVANCED_FACE('',(#8466),#8484,.T.);
#8466 = FACE_BOUND('',#8467,.T.);
#8467 = EDGE_LOOP('',(#8468,#8469,#8470,#8478));
#8468 = ORIENTED_EDGE('',*,*,#8447,.F.);
#8469 = ORIENTED_EDGE('',*,*,#6964,.T.);
#8470 = ORIENTED_EDGE('',*,*,#8471,.T.);
#8471 = EDGE_CURVE('',#6957,#8472,#8474,.T.);
#8472 = VERTEX_POINT('',#8473);
#8473 = CARTESIAN_POINT('',(-0.32,-2.22,8.38));
#8474 = LINE('',#8475,#8476);
#8475 = CARTESIAN_POINT('',(-0.32,-2.22,-3.));
#8476 = VECTOR('',#8477,1.);
#8477 = DIRECTION('',(0.,0.,1.));
#8478 = ORIENTED_EDGE('',*,*,#8479,.T.);
#8479 = EDGE_CURVE('',#8472,#8448,#8480,.T.);
#8480 = LINE('',#8481,#8482);
#8481 = CARTESIAN_POINT('',(-0.32,-2.22,8.38));
#8482 = VECTOR('',#8483,1.);
#8483 = DIRECTION('',(1.,0.,0.));
#8484 = PLANE('',#8485);
#8485 = AXIS2_PLACEMENT_3D('',#8486,#8487,#8488);
#8486 = CARTESIAN_POINT('',(-0.32,-2.22,-3.));
#8487 = DIRECTION('',(0.,1.,0.));
#8488 = DIRECTION('',(0.,-0.,1.));
#8489 = ADVANCED_FACE('',(#8490),#8508,.F.);
#8490 = FACE_BOUND('',#8491,.F.);
#8491 = EDGE_LOOP('',(#8492,#8500,#8501,#8502));
#8492 = ORIENTED_EDGE('',*,*,#8493,.F.);
#8493 = EDGE_CURVE('',#6949,#8494,#8496,.T.);
#8494 = VERTEX_POINT('',#8495);
#8495 = CARTESIAN_POINT('',(-0.32,-2.86,8.38));
#8496 = LINE('',#8497,#8498);
#8497 = CARTESIAN_POINT('',(-0.32,-2.86,-3.));
#8498 = VECTOR('',#8499,1.);
#8499 = DIRECTION('',(0.,0.,1.));
#8500 = ORIENTED_EDGE('',*,*,#6956,.T.);
#8501 = ORIENTED_EDGE('',*,*,#8471,.T.);
#8502 = ORIENTED_EDGE('',*,*,#8503,.F.);
#8503 = EDGE_CURVE('',#8494,#8472,#8504,.T.);
#8504 = LINE('',#8505,#8506);
#8505 = CARTESIAN_POINT('',(-0.32,-2.86,8.38));
#8506 = VECTOR('',#8507,1.);
#8507 = DIRECTION('',(0.,1.,0.));
#8508 = PLANE('',#8509);
#8509 = AXIS2_PLACEMENT_3D('',#8510,#8511,#8512);
#8510 = CARTESIAN_POINT('',(-0.32,-2.86,-3.));
#8511 = DIRECTION('',(1.,0.,0.));
#8512 = DIRECTION('',(0.,0.,1.));
#8513 = ADVANCED_FACE('',(#8514),#8525,.F.);
#8514 = FACE_BOUND('',#8515,.F.);
#8515 = EDGE_LOOP('',(#8516,#8517,#8518,#8519));
#8516 = ORIENTED_EDGE('',*,*,#8438,.F.);
#8517 = ORIENTED_EDGE('',*,*,#6948,.T.);
#8518 = ORIENTED_EDGE('',*,*,#8493,.T.);
#8519 = ORIENTED_EDGE('',*,*,#8520,.T.);
#8520 = EDGE_CURVE('',#8494,#8439,#8521,.T.);
#8521 = LINE('',#8522,#8523);
#8522 = CARTESIAN_POINT('',(-0.32,-2.86,8.38));
#8523 = VECTOR('',#8524,1.);
#8524 = DIRECTION('',(1.,0.,0.));
#8525 = PLANE('',#8526);
#8526 = AXIS2_PLACEMENT_3D('',#8527,#8528,#8529);
#8527 = CARTESIAN_POINT('',(-0.32,-2.86,-3.));
#8528 = DIRECTION('',(0.,1.,0.));
#8529 = DIRECTION('',(0.,-0.,1.));
#8530 = ADVANCED_FACE('',(#8531),#8556,.F.);
#8531 = FACE_BOUND('',#8532,.F.);
#8532 = EDGE_LOOP('',(#8533,#8541,#8542,#8550));
#8533 = ORIENTED_EDGE('',*,*,#8534,.F.);
#8534 = EDGE_CURVE('',#6973,#8535,#8537,.T.);
#8535 = VERTEX_POINT('',#8536);
#8536 = CARTESIAN_POINT('',(0.32,-13.02,8.38));
#8537 = LINE('',#8538,#8539);
#8538 = CARTESIAN_POINT('',(0.32,-13.02,-3.));
#8539 = VECTOR('',#8540,1.);
#8540 = DIRECTION('',(0.,0.,1.));
#8541 = ORIENTED_EDGE('',*,*,#6972,.T.);
#8542 = ORIENTED_EDGE('',*,*,#8543,.T.);
#8543 = EDGE_CURVE('',#6975,#8544,#8546,.T.);
#8544 = VERTEX_POINT('',#8545);
#8545 = CARTESIAN_POINT('',(-0.32,-13.02,8.38));
#8546 = LINE('',#8547,#8548);
#8547 = CARTESIAN_POINT('',(-0.32,-13.02,-3.));
#8548 = VECTOR('',#8549,1.);
#8549 = DIRECTION('',(0.,0.,1.));
#8550 = ORIENTED_EDGE('',*,*,#8551,.T.);
#8551 = EDGE_CURVE('',#8544,#8535,#8552,.T.);
#8552 = LINE('',#8553,#8554);
#8553 = CARTESIAN_POINT('',(-0.32,-13.02,8.38));
#8554 = VECTOR('',#8555,1.);
#8555 = DIRECTION('',(1.,0.,0.));
#8556 = PLANE('',#8557);
#8557 = AXIS2_PLACEMENT_3D('',#8558,#8559,#8560);
#8558 = CARTESIAN_POINT('',(-0.32,-13.02,-3.));
#8559 = DIRECTION('',(0.,1.,0.));
#8560 = DIRECTION('',(0.,-0.,1.));
#8561 = ADVANCED_FACE('',(#8562),#8580,.T.);
#8562 = FACE_BOUND('',#8563,.T.);
#8563 = EDGE_LOOP('',(#8564,#8565,#8566,#8574));
#8564 = ORIENTED_EDGE('',*,*,#8534,.F.);
#8565 = ORIENTED_EDGE('',*,*,#6998,.T.);
#8566 = ORIENTED_EDGE('',*,*,#8567,.T.);
#8567 = EDGE_CURVE('',#6991,#8568,#8570,.T.);
#8568 = VERTEX_POINT('',#8569);
#8569 = CARTESIAN_POINT('',(0.32,-12.38,8.38));
#8570 = LINE('',#8571,#8572);
#8571 = CARTESIAN_POINT('',(0.32,-12.38,-3.));
#8572 = VECTOR('',#8573,1.);
#8573 = DIRECTION('',(0.,0.,1.));
#8574 = ORIENTED_EDGE('',*,*,#8575,.F.);
#8575 = EDGE_CURVE('',#8535,#8568,#8576,.T.);
#8576 = LINE('',#8577,#8578);
#8577 = CARTESIAN_POINT('',(0.32,-13.02,8.38));
#8578 = VECTOR('',#8579,1.);
#8579 = DIRECTION('',(0.,1.,0.));
#8580 = PLANE('',#8581);
#8581 = AXIS2_PLACEMENT_3D('',#8582,#8583,#8584);
#8582 = CARTESIAN_POINT('',(0.32,-13.02,-3.));
#8583 = DIRECTION('',(1.,0.,0.));
#8584 = DIRECTION('',(0.,0.,1.));
#8585 = ADVANCED_FACE('',(#8586),#8604,.T.);
#8586 = FACE_BOUND('',#8587,.T.);
#8587 = EDGE_LOOP('',(#8588,#8589,#8590,#8598));
#8588 = ORIENTED_EDGE('',*,*,#8567,.F.);
#8589 = ORIENTED_EDGE('',*,*,#6990,.T.);
#8590 = ORIENTED_EDGE('',*,*,#8591,.T.);
#8591 = EDGE_CURVE('',#6983,#8592,#8594,.T.);
#8592 = VERTEX_POINT('',#8593);
#8593 = CARTESIAN_POINT('',(-0.32,-12.38,8.38));
#8594 = LINE('',#8595,#8596);
#8595 = CARTESIAN_POINT('',(-0.32,-12.38,-3.));
#8596 = VECTOR('',#8597,1.);
#8597 = DIRECTION('',(0.,0.,1.));
#8598 = ORIENTED_EDGE('',*,*,#8599,.T.);
#8599 = EDGE_CURVE('',#8592,#8568,#8600,.T.);
#8600 = LINE('',#8601,#8602);
#8601 = CARTESIAN_POINT('',(-0.32,-12.38,8.38));
#8602 = VECTOR('',#8603,1.);
#8603 = DIRECTION('',(1.,0.,0.));
#8604 = PLANE('',#8605);
#8605 = AXIS2_PLACEMENT_3D('',#8606,#8607,#8608);
#8606 = CARTESIAN_POINT('',(-0.32,-12.38,-3.));
#8607 = DIRECTION('',(0.,1.,0.));
#8608 = DIRECTION('',(0.,-0.,1.));
#8609 = ADVANCED_FACE('',(#8610),#8621,.F.);
#8610 = FACE_BOUND('',#8611,.F.);
#8611 = EDGE_LOOP('',(#8612,#8613,#8614,#8615));
#8612 = ORIENTED_EDGE('',*,*,#8543,.F.);
#8613 = ORIENTED_EDGE('',*,*,#6982,.T.);
#8614 = ORIENTED_EDGE('',*,*,#8591,.T.);
#8615 = ORIENTED_EDGE('',*,*,#8616,.F.);
#8616 = EDGE_CURVE('',#8544,#8592,#8617,.T.);
#8617 = LINE('',#8618,#8619);
#8618 = CARTESIAN_POINT('',(-0.32,-13.02,8.38));
#8619 = VECTOR('',#8620,1.);
#8620 = DIRECTION('',(0.,1.,0.));
#8621 = PLANE('',#8622);
#8622 = AXIS2_PLACEMENT_3D('',#8623,#8624,#8625);
#8623 = CARTESIAN_POINT('',(-0.32,-13.02,-3.));
#8624 = DIRECTION('',(1.,0.,0.));
#8625 = DIRECTION('',(0.,0.,1.));
#8626 = ADVANCED_FACE('',(#8627),#8652,.T.);
#8627 = FACE_BOUND('',#8628,.T.);
#8628 = EDGE_LOOP('',(#8629,#8637,#8638,#8646));
#8629 = ORIENTED_EDGE('',*,*,#8630,.F.);
#8630 = EDGE_CURVE('',#7007,#8631,#8633,.T.);
#8631 = VERTEX_POINT('',#8632);
#8632 = CARTESIAN_POINT('',(0.32,-9.84,8.38));
#8633 = LINE('',#8634,#8635);
#8634 = CARTESIAN_POINT('',(0.32,-9.84,-3.));
#8635 = VECTOR('',#8636,1.);
#8636 = DIRECTION('',(0.,0.,1.));
#8637 = ORIENTED_EDGE('',*,*,#7006,.T.);
#8638 = ORIENTED_EDGE('',*,*,#8639,.T.);
#8639 = EDGE_CURVE('',#7009,#8640,#8642,.T.);
#8640 = VERTEX_POINT('',#8641);
#8641 = CARTESIAN_POINT('',(-0.32,-9.84,8.38));
#8642 = LINE('',#8643,#8644);
#8643 = CARTESIAN_POINT('',(-0.32,-9.84,-3.));
#8644 = VECTOR('',#8645,1.);
#8645 = DIRECTION('',(0.,0.,1.));
#8646 = ORIENTED_EDGE('',*,*,#8647,.T.);
#8647 = EDGE_CURVE('',#8640,#8631,#8648,.T.);
#8648 = LINE('',#8649,#8650);
#8649 = CARTESIAN_POINT('',(-0.32,-9.84,8.38));
#8650 = VECTOR('',#8651,1.);
#8651 = DIRECTION('',(1.,0.,0.));
#8652 = PLANE('',#8653);
#8653 = AXIS2_PLACEMENT_3D('',#8654,#8655,#8656);
#8654 = CARTESIAN_POINT('',(-0.32,-9.84,-3.));
#8655 = DIRECTION('',(0.,1.,0.));
#8656 = DIRECTION('',(0.,-0.,1.));
#8657 = ADVANCED_FACE('',(#8658),#8676,.F.);
#8658 = FACE_BOUND('',#8659,.F.);
#8659 = EDGE_LOOP('',(#8660,#8668,#8669,#8670));
#8660 = ORIENTED_EDGE('',*,*,#8661,.F.);
#8661 = EDGE_CURVE('',#7025,#8662,#8664,.T.);
#8662 = VERTEX_POINT('',#8663);
#8663 = CARTESIAN_POINT('',(-0.32,-10.48,8.38));
#8664 = LINE('',#8665,#8666);
#8665 = CARTESIAN_POINT('',(-0.32,-10.48,-3.));
#8666 = VECTOR('',#8667,1.);
#8667 = DIRECTION('',(0.,0.,1.));
#8668 = ORIENTED_EDGE('',*,*,#7032,.T.);
#8669 = ORIENTED_EDGE('',*,*,#8639,.T.);
#8670 = ORIENTED_EDGE('',*,*,#8671,.F.);
#8671 = EDGE_CURVE('',#8662,#8640,#8672,.T.);
#8672 = LINE('',#8673,#8674);
#8673 = CARTESIAN_POINT('',(-0.32,-10.48,8.38));
#8674 = VECTOR('',#8675,1.);
#8675 = DIRECTION('',(0.,1.,0.));
#8676 = PLANE('',#8677);
#8677 = AXIS2_PLACEMENT_3D('',#8678,#8679,#8680);
#8678 = CARTESIAN_POINT('',(-0.32,-10.48,-3.));
#8679 = DIRECTION('',(1.,0.,0.));
#8680 = DIRECTION('',(0.,0.,1.));
#8681 = ADVANCED_FACE('',(#8682),#8700,.F.);
#8682 = FACE_BOUND('',#8683,.F.);
#8683 = EDGE_LOOP('',(#8684,#8692,#8693,#8694));
#8684 = ORIENTED_EDGE('',*,*,#8685,.F.);
#8685 = EDGE_CURVE('',#7017,#8686,#8688,.T.);
#8686 = VERTEX_POINT('',#8687);
#8687 = CARTESIAN_POINT('',(0.32,-10.48,8.38));
#8688 = LINE('',#8689,#8690);
#8689 = CARTESIAN_POINT('',(0.32,-10.48,-3.));
#8690 = VECTOR('',#8691,1.);
#8691 = DIRECTION('',(0.,0.,1.));
#8692 = ORIENTED_EDGE('',*,*,#7024,.T.);
#8693 = ORIENTED_EDGE('',*,*,#8661,.T.);
#8694 = ORIENTED_EDGE('',*,*,#8695,.T.);
#8695 = EDGE_CURVE('',#8662,#8686,#8696,.T.);
#8696 = LINE('',#8697,#8698);
#8697 = CARTESIAN_POINT('',(-0.32,-10.48,8.38));
#8698 = VECTOR('',#8699,1.);
#8699 = DIRECTION('',(1.,0.,0.));
#8700 = PLANE('',#8701);
#8701 = AXIS2_PLACEMENT_3D('',#8702,#8703,#8704);
#8702 = CARTESIAN_POINT('',(-0.32,-10.48,-3.));
#8703 = DIRECTION('',(0.,1.,0.));
#8704 = DIRECTION('',(0.,-0.,1.));
#8705 = ADVANCED_FACE('',(#8706),#8717,.T.);
#8706 = FACE_BOUND('',#8707,.T.);
#8707 = EDGE_LOOP('',(#8708,#8709,#8710,#8711));
#8708 = ORIENTED_EDGE('',*,*,#8685,.F.);
#8709 = ORIENTED_EDGE('',*,*,#7016,.T.);
#8710 = ORIENTED_EDGE('',*,*,#8630,.T.);
#8711 = ORIENTED_EDGE('',*,*,#8712,.F.);
#8712 = EDGE_CURVE('',#8686,#8631,#8713,.T.);
#8713 = LINE('',#8714,#8715);
#8714 = CARTESIAN_POINT('',(0.32,-10.48,8.38));
#8715 = VECTOR('',#8716,1.);
#8716 = DIRECTION('',(0.,1.,0.));
#8717 = PLANE('',#8718);
#8718 = AXIS2_PLACEMENT_3D('',#8719,#8720,#8721);
#8719 = CARTESIAN_POINT('',(0.32,-10.48,-3.));
#8720 = DIRECTION('',(1.,0.,0.));
#8721 = DIRECTION('',(0.,0.,1.));
#8722 = ADVANCED_FACE('',(#8723),#8748,.F.);
#8723 = FACE_BOUND('',#8724,.F.);
#8724 = EDGE_LOOP('',(#8725,#8733,#8734,#8742));
#8725 = ORIENTED_EDGE('',*,*,#8726,.F.);
#8726 = EDGE_CURVE('',#7041,#8727,#8729,.T.);
#8727 = VERTEX_POINT('',#8728);
#8728 = CARTESIAN_POINT('',(0.32,-7.94,8.38));
#8729 = LINE('',#8730,#8731);
#8730 = CARTESIAN_POINT('',(0.32,-7.94,-3.));
#8731 = VECTOR('',#8732,1.);
#8732 = DIRECTION('',(0.,0.,1.));
#8733 = ORIENTED_EDGE('',*,*,#7040,.T.);
#8734 = ORIENTED_EDGE('',*,*,#8735,.T.);
#8735 = EDGE_CURVE('',#7043,#8736,#8738,.T.);
#8736 = VERTEX_POINT('',#8737);
#8737 = CARTESIAN_POINT('',(-0.32,-7.94,8.38));
#8738 = LINE('',#8739,#8740);
#8739 = CARTESIAN_POINT('',(-0.32,-7.94,-3.));
#8740 = VECTOR('',#8741,1.);
#8741 = DIRECTION('',(0.,0.,1.));
#8742 = ORIENTED_EDGE('',*,*,#8743,.T.);
#8743 = EDGE_CURVE('',#8736,#8727,#8744,.T.);
#8744 = LINE('',#8745,#8746);
#8745 = CARTESIAN_POINT('',(-0.32,-7.94,8.38));
#8746 = VECTOR('',#8747,1.);
#8747 = DIRECTION('',(1.,0.,0.));
#8748 = PLANE('',#8749);
#8749 = AXIS2_PLACEMENT_3D('',#8750,#8751,#8752);
#8750 = CARTESIAN_POINT('',(-0.32,-7.94,-3.));
#8751 = DIRECTION('',(0.,1.,0.));
#8752 = DIRECTION('',(0.,-0.,1.));
#8753 = ADVANCED_FACE('',(#8754),#8772,.T.);
#8754 = FACE_BOUND('',#8755,.T.);
#8755 = EDGE_LOOP('',(#8756,#8757,#8758,#8766));
#8756 = ORIENTED_EDGE('',*,*,#8726,.F.);
#8757 = ORIENTED_EDGE('',*,*,#7066,.T.);
#8758 = ORIENTED_EDGE('',*,*,#8759,.T.);
#8759 = EDGE_CURVE('',#7059,#8760,#8762,.T.);
#8760 = VERTEX_POINT('',#8761);
#8761 = CARTESIAN_POINT('',(0.32,-7.3,8.38));
#8762 = LINE('',#8763,#8764);
#8763 = CARTESIAN_POINT('',(0.32,-7.3,-3.));
#8764 = VECTOR('',#8765,1.);
#8765 = DIRECTION('',(0.,0.,1.));
#8766 = ORIENTED_EDGE('',*,*,#8767,.F.);
#8767 = EDGE_CURVE('',#8727,#8760,#8768,.T.);
#8768 = LINE('',#8769,#8770);
#8769 = CARTESIAN_POINT('',(0.32,-7.94,8.38));
#8770 = VECTOR('',#8771,1.);
#8771 = DIRECTION('',(0.,1.,0.));
#8772 = PLANE('',#8773);
#8773 = AXIS2_PLACEMENT_3D('',#8774,#8775,#8776);
#8774 = CARTESIAN_POINT('',(0.32,-7.94,-3.));
#8775 = DIRECTION('',(1.,0.,0.));
#8776 = DIRECTION('',(0.,0.,1.));
#8777 = ADVANCED_FACE('',(#8778),#8796,.T.);
#8778 = FACE_BOUND('',#8779,.T.);
#8779 = EDGE_LOOP('',(#8780,#8781,#8782,#8790));
#8780 = ORIENTED_EDGE('',*,*,#8759,.F.);
#8781 = ORIENTED_EDGE('',*,*,#7058,.T.);
#8782 = ORIENTED_EDGE('',*,*,#8783,.T.);
#8783 = EDGE_CURVE('',#7051,#8784,#8786,.T.);
#8784 = VERTEX_POINT('',#8785);
#8785 = CARTESIAN_POINT('',(-0.32,-7.3,8.38));
#8786 = LINE('',#8787,#8788);
#8787 = CARTESIAN_POINT('',(-0.32,-7.3,-3.));
#8788 = VECTOR('',#8789,1.);
#8789 = DIRECTION('',(0.,0.,1.));
#8790 = ORIENTED_EDGE('',*,*,#8791,.T.);
#8791 = EDGE_CURVE('',#8784,#8760,#8792,.T.);
#8792 = LINE('',#8793,#8794);
#8793 = CARTESIAN_POINT('',(-0.32,-7.3,8.38));
#8794 = VECTOR('',#8795,1.);
#8795 = DIRECTION('',(1.,0.,0.));
#8796 = PLANE('',#8797);
#8797 = AXIS2_PLACEMENT_3D('',#8798,#8799,#8800);
#8798 = CARTESIAN_POINT('',(-0.32,-7.3,-3.));
#8799 = DIRECTION('',(0.,1.,0.));
#8800 = DIRECTION('',(0.,-0.,1.));
#8801 = ADVANCED_FACE('',(#8802),#8813,.F.);
#8802 = FACE_BOUND('',#8803,.F.);
#8803 = EDGE_LOOP('',(#8804,#8805,#8806,#8807));
#8804 = ORIENTED_EDGE('',*,*,#8735,.F.);
#8805 = ORIENTED_EDGE('',*,*,#7050,.T.);
#8806 = ORIENTED_EDGE('',*,*,#8783,.T.);
#8807 = ORIENTED_EDGE('',*,*,#8808,.F.);
#8808 = EDGE_CURVE('',#8736,#8784,#8809,.T.);
#8809 = LINE('',#8810,#8811);
#8810 = CARTESIAN_POINT('',(-0.32,-7.94,8.38));
#8811 = VECTOR('',#8812,1.);
#8812 = DIRECTION('',(0.,1.,0.));
#8813 = PLANE('',#8814);
#8814 = AXIS2_PLACEMENT_3D('',#8815,#8816,#8817);
#8815 = CARTESIAN_POINT('',(-0.32,-7.94,-3.));
#8816 = DIRECTION('',(1.,0.,0.));
#8817 = DIRECTION('',(0.,0.,1.));
#8818 = ADVANCED_FACE('',(#8819),#8844,.F.);
#8819 = FACE_BOUND('',#8820,.F.);
#8820 = EDGE_LOOP('',(#8821,#8829,#8830,#8838));
#8821 = ORIENTED_EDGE('',*,*,#8822,.F.);
#8822 = EDGE_CURVE('',#7671,#8823,#8825,.T.);
#8823 = VERTEX_POINT('',#8824);
#8824 = CARTESIAN_POINT('',(0.16,-0.16,-3.));
#8825 = LINE('',#8826,#8827);
#8826 = CARTESIAN_POINT('',(0.16,-0.16,-3.));
#8827 = VECTOR('',#8828,1.);
#8828 = DIRECTION('',(-0.57735026919,0.57735026919,-0.57735026919));
#8829 = ORIENTED_EDGE('',*,*,#7678,.T.);
#8830 = ORIENTED_EDGE('',*,*,#8831,.T.);
#8831 = EDGE_CURVE('',#7679,#8832,#8834,.T.);
#8832 = VERTEX_POINT('',#8833);
#8833 = CARTESIAN_POINT('',(0.16,0.16,-3.));
#8834 = LINE('',#8835,#8836);
#8835 = CARTESIAN_POINT('',(5.333333333333E-02,5.333333333333E-02,
    -3.106666666667));
#8836 = VECTOR('',#8837,1.);
#8837 = DIRECTION('',(-0.57735026919,-0.57735026919,-0.57735026919));
#8838 = ORIENTED_EDGE('',*,*,#8839,.F.);
#8839 = EDGE_CURVE('',#8823,#8832,#8840,.T.);
#8840 = LINE('',#8841,#8842);
#8841 = CARTESIAN_POINT('',(0.16,-0.32,-3.));
#8842 = VECTOR('',#8843,1.);
#8843 = DIRECTION('',(0.,1.,0.));
#8844 = PLANE('',#8845);
#8845 = AXIS2_PLACEMENT_3D('',#8846,#8847,#8848);
#8846 = CARTESIAN_POINT('',(0.24,-0.32,-2.92));
#8847 = DIRECTION('',(-0.707106781187,1.735167508357E-18,0.707106781187)
  );
#8848 = DIRECTION('',(1.226948711654E-18,1.,-1.226948711654E-18));
#8849 = ADVANCED_FACE('',(#8850),#8868,.F.);
#8850 = FACE_BOUND('',#8851,.T.);
#8851 = EDGE_LOOP('',(#8852,#8860,#8861,#8862));
#8852 = ORIENTED_EDGE('',*,*,#8853,.F.);
#8853 = EDGE_CURVE('',#7703,#8854,#8856,.T.);
#8854 = VERTEX_POINT('',#8855);
#8855 = CARTESIAN_POINT('',(-0.16,0.16,-3.));
#8856 = LINE('',#8857,#8858);
#8857 = CARTESIAN_POINT('',(-0.16,0.16,-3.));
#8858 = VECTOR('',#8859,1.);
#8859 = DIRECTION('',(0.57735026919,-0.57735026919,-0.57735026919));
#8860 = ORIENTED_EDGE('',*,*,#7702,.T.);
#8861 = ORIENTED_EDGE('',*,*,#8831,.T.);
#8862 = ORIENTED_EDGE('',*,*,#8863,.F.);
#8863 = EDGE_CURVE('',#8854,#8832,#8864,.T.);
#8864 = LINE('',#8865,#8866);
#8865 = CARTESIAN_POINT('',(-0.32,0.16,-3.));
#8866 = VECTOR('',#8867,1.);
#8867 = DIRECTION('',(1.,0.,0.));
#8868 = PLANE('',#8869);
#8869 = AXIS2_PLACEMENT_3D('',#8870,#8871,#8872);
#8870 = CARTESIAN_POINT('',(-0.32,0.24,-2.92));
#8871 = DIRECTION('',(-1.735167508357E-18,-0.707106781187,0.707106781187
    ));
#8872 = DIRECTION('',(-1.,1.226948711654E-18,-1.226948711654E-18));
#8873 = ADVANCED_FACE('',(#8874),#8892,.T.);
#8874 = FACE_BOUND('',#8875,.T.);
#8875 = EDGE_LOOP('',(#8876,#8884,#8885,#8886));
#8876 = ORIENTED_EDGE('',*,*,#8877,.F.);
#8877 = EDGE_CURVE('',#7726,#8878,#8880,.T.);
#8878 = VERTEX_POINT('',#8879);
#8879 = CARTESIAN_POINT('',(-0.16,-0.16,-3.));
#8880 = LINE('',#8881,#8882);
#8881 = CARTESIAN_POINT('',(-0.266666666667,-0.266666666667,
    -2.893333333333));
#8882 = VECTOR('',#8883,1.);
#8883 = DIRECTION('',(0.57735026919,0.57735026919,-0.57735026919));
#8884 = ORIENTED_EDGE('',*,*,#7733,.T.);
#8885 = ORIENTED_EDGE('',*,*,#8853,.T.);
#8886 = ORIENTED_EDGE('',*,*,#8887,.F.);
#8887 = EDGE_CURVE('',#8878,#8854,#8888,.T.);
#8888 = LINE('',#8889,#8890);
#8889 = CARTESIAN_POINT('',(-0.16,-0.32,-3.));
#8890 = VECTOR('',#8891,1.);
#8891 = DIRECTION('',(0.,1.,0.));
#8892 = PLANE('',#8893);
#8893 = AXIS2_PLACEMENT_3D('',#8894,#8895,#8896);
#8894 = CARTESIAN_POINT('',(-0.24,-0.32,-2.92));
#8895 = DIRECTION('',(-0.707106781187,-1.735167508357E-18,
    -0.707106781187));
#8896 = DIRECTION('',(-1.226948711654E-18,1.,-1.226948711654E-18));
#8897 = ADVANCED_FACE('',(#8898),#8909,.T.);
#8898 = FACE_BOUND('',#8899,.F.);
#8899 = EDGE_LOOP('',(#8900,#8901,#8902,#8903));
#8900 = ORIENTED_EDGE('',*,*,#8877,.F.);
#8901 = ORIENTED_EDGE('',*,*,#7750,.T.);
#8902 = ORIENTED_EDGE('',*,*,#8822,.T.);
#8903 = ORIENTED_EDGE('',*,*,#8904,.F.);
#8904 = EDGE_CURVE('',#8878,#8823,#8905,.T.);
#8905 = LINE('',#8906,#8907);
#8906 = CARTESIAN_POINT('',(-0.32,-0.16,-3.));
#8907 = VECTOR('',#8908,1.);
#8908 = DIRECTION('',(1.,0.,0.));
#8909 = PLANE('',#8910);
#8910 = AXIS2_PLACEMENT_3D('',#8911,#8912,#8913);
#8911 = CARTESIAN_POINT('',(-0.32,-0.24,-2.92));
#8912 = DIRECTION('',(1.735167508357E-18,-0.707106781187,-0.707106781187
    ));
#8913 = DIRECTION('',(-1.,-1.226948711654E-18,-1.226948711654E-18));
#8914 = ADVANCED_FACE('',(#8915),#8940,.F.);
#8915 = FACE_BOUND('',#8916,.F.);
#8916 = EDGE_LOOP('',(#8917,#8925,#8926,#8934));
#8917 = ORIENTED_EDGE('',*,*,#8918,.F.);
#8918 = EDGE_CURVE('',#7767,#8919,#8921,.T.);
#8919 = VERTEX_POINT('',#8920);
#8920 = CARTESIAN_POINT('',(0.16,-5.24,-3.));
#8921 = LINE('',#8922,#8923);
#8922 = CARTESIAN_POINT('',(0.16,-5.24,-3.));
#8923 = VECTOR('',#8924,1.);
#8924 = DIRECTION('',(-0.57735026919,0.57735026919,-0.57735026919));
#8925 = ORIENTED_EDGE('',*,*,#7774,.T.);
#8926 = ORIENTED_EDGE('',*,*,#8927,.T.);
#8927 = EDGE_CURVE('',#7775,#8928,#8930,.T.);
#8928 = VERTEX_POINT('',#8929);
#8929 = CARTESIAN_POINT('',(0.16,-4.92,-3.));
#8930 = LINE('',#8931,#8932);
#8931 = CARTESIAN_POINT('',(5.333333333333E-02,-5.026666666667,
    -3.106666666667));
#8932 = VECTOR('',#8933,1.);
#8933 = DIRECTION('',(-0.57735026919,-0.57735026919,-0.57735026919));
#8934 = ORIENTED_EDGE('',*,*,#8935,.F.);
#8935 = EDGE_CURVE('',#8919,#8928,#8936,.T.);
#8936 = LINE('',#8937,#8938);
#8937 = CARTESIAN_POINT('',(0.16,-5.4,-3.));
#8938 = VECTOR('',#8939,1.);
#8939 = DIRECTION('',(0.,1.,0.));
#8940 = PLANE('',#8941);
#8941 = AXIS2_PLACEMENT_3D('',#8942,#8943,#8944);
#8942 = CARTESIAN_POINT('',(0.24,-5.4,-2.92));
#8943 = DIRECTION('',(-0.707106781187,1.735167508357E-18,0.707106781187)
  );
#8944 = DIRECTION('',(1.226948711654E-18,1.,-1.226948711654E-18));
#8945 = ADVANCED_FACE('',(#8946),#8964,.F.);
#8946 = FACE_BOUND('',#8947,.T.);
#8947 = EDGE_LOOP('',(#8948,#8956,#8957,#8958));
#8948 = ORIENTED_EDGE('',*,*,#8949,.F.);
#8949 = EDGE_CURVE('',#7799,#8950,#8952,.T.);
#8950 = VERTEX_POINT('',#8951);
#8951 = CARTESIAN_POINT('',(-0.16,-4.92,-3.));
#8952 = LINE('',#8953,#8954);
#8953 = CARTESIAN_POINT('',(-0.16,-4.92,-3.));
#8954 = VECTOR('',#8955,1.);
#8955 = DIRECTION('',(0.57735026919,-0.57735026919,-0.57735026919));
#8956 = ORIENTED_EDGE('',*,*,#7798,.T.);
#8957 = ORIENTED_EDGE('',*,*,#8927,.T.);
#8958 = ORIENTED_EDGE('',*,*,#8959,.F.);
#8959 = EDGE_CURVE('',#8950,#8928,#8960,.T.);
#8960 = LINE('',#8961,#8962);
#8961 = CARTESIAN_POINT('',(-0.32,-4.92,-3.));
#8962 = VECTOR('',#8963,1.);
#8963 = DIRECTION('',(1.,0.,0.));
#8964 = PLANE('',#8965);
#8965 = AXIS2_PLACEMENT_3D('',#8966,#8967,#8968);
#8966 = CARTESIAN_POINT('',(-0.32,-4.84,-2.92));
#8967 = DIRECTION('',(-1.735167508357E-18,-0.707106781187,0.707106781187
    ));
#8968 = DIRECTION('',(-1.,1.226948711654E-18,-1.226948711654E-18));
#8969 = ADVANCED_FACE('',(#8970),#8988,.T.);
#8970 = FACE_BOUND('',#8971,.T.);
#8971 = EDGE_LOOP('',(#8972,#8980,#8981,#8982));
#8972 = ORIENTED_EDGE('',*,*,#8973,.F.);
#8973 = EDGE_CURVE('',#7822,#8974,#8976,.T.);
#8974 = VERTEX_POINT('',#8975);
#8975 = CARTESIAN_POINT('',(-0.16,-5.24,-3.));
#8976 = LINE('',#8977,#8978);
#8977 = CARTESIAN_POINT('',(-0.266666666667,-5.346666666667,
    -2.893333333333));
#8978 = VECTOR('',#8979,1.);
#8979 = DIRECTION('',(0.57735026919,0.57735026919,-0.57735026919));
#8980 = ORIENTED_EDGE('',*,*,#7829,.T.);
#8981 = ORIENTED_EDGE('',*,*,#8949,.T.);
#8982 = ORIENTED_EDGE('',*,*,#8983,.F.);
#8983 = EDGE_CURVE('',#8974,#8950,#8984,.T.);
#8984 = LINE('',#8985,#8986);
#8985 = CARTESIAN_POINT('',(-0.16,-5.4,-3.));
#8986 = VECTOR('',#8987,1.);
#8987 = DIRECTION('',(0.,1.,0.));
#8988 = PLANE('',#8989);
#8989 = AXIS2_PLACEMENT_3D('',#8990,#8991,#8992);
#8990 = CARTESIAN_POINT('',(-0.24,-5.4,-2.92));
#8991 = DIRECTION('',(-0.707106781187,-1.735167508357E-18,
    -0.707106781187));
#8992 = DIRECTION('',(-1.226948711654E-18,1.,-1.226948711654E-18));
#8993 = ADVANCED_FACE('',(#8994),#9005,.T.);
#8994 = FACE_BOUND('',#8995,.F.);
#8995 = EDGE_LOOP('',(#8996,#8997,#8998,#8999));
#8996 = ORIENTED_EDGE('',*,*,#8973,.F.);
#8997 = ORIENTED_EDGE('',*,*,#7846,.T.);
#8998 = ORIENTED_EDGE('',*,*,#8918,.T.);
#8999 = ORIENTED_EDGE('',*,*,#9000,.F.);
#9000 = EDGE_CURVE('',#8974,#8919,#9001,.T.);
#9001 = LINE('',#9002,#9003);
#9002 = CARTESIAN_POINT('',(-0.32,-5.24,-3.));
#9003 = VECTOR('',#9004,1.);
#9004 = DIRECTION('',(1.,0.,0.));
#9005 = PLANE('',#9006);
#9006 = AXIS2_PLACEMENT_3D('',#9007,#9008,#9009);
#9007 = CARTESIAN_POINT('',(-0.32,-5.32,-2.92));
#9008 = DIRECTION('',(1.735167508357E-18,-0.707106781187,-0.707106781187
    ));
#9009 = DIRECTION('',(-1.,-1.226948711654E-18,-1.226948711654E-18));
#9010 = ADVANCED_FACE('',(#9011),#9036,.F.);
#9011 = FACE_BOUND('',#9012,.F.);
#9012 = EDGE_LOOP('',(#9013,#9021,#9022,#9030));
#9013 = ORIENTED_EDGE('',*,*,#9014,.F.);
#9014 = EDGE_CURVE('',#7863,#9015,#9017,.T.);
#9015 = VERTEX_POINT('',#9016);
#9016 = CARTESIAN_POINT('',(0.16,-2.7,-3.));
#9017 = LINE('',#9018,#9019);
#9018 = CARTESIAN_POINT('',(0.16,-2.7,-3.));
#9019 = VECTOR('',#9020,1.);
#9020 = DIRECTION('',(-0.57735026919,0.57735026919,-0.57735026919));
#9021 = ORIENTED_EDGE('',*,*,#7870,.T.);
#9022 = ORIENTED_EDGE('',*,*,#9023,.T.);
#9023 = EDGE_CURVE('',#7871,#9024,#9026,.T.);
#9024 = VERTEX_POINT('',#9025);
#9025 = CARTESIAN_POINT('',(0.16,-2.38,-3.));
#9026 = LINE('',#9027,#9028);
#9027 = CARTESIAN_POINT('',(5.333333333333E-02,-2.486666666667,
    -3.106666666667));
#9028 = VECTOR('',#9029,1.);
#9029 = DIRECTION('',(-0.57735026919,-0.57735026919,-0.57735026919));
#9030 = ORIENTED_EDGE('',*,*,#9031,.F.);
#9031 = EDGE_CURVE('',#9015,#9024,#9032,.T.);
#9032 = LINE('',#9033,#9034);
#9033 = CARTESIAN_POINT('',(0.16,-2.86,-3.));
#9034 = VECTOR('',#9035,1.);
#9035 = DIRECTION('',(0.,1.,0.));
#9036 = PLANE('',#9037);
#9037 = AXIS2_PLACEMENT_3D('',#9038,#9039,#9040);
#9038 = CARTESIAN_POINT('',(0.24,-2.86,-2.92));
#9039 = DIRECTION('',(-0.707106781187,1.735167508357E-18,0.707106781187)
  );
#9040 = DIRECTION('',(1.226948711654E-18,1.,-1.226948711654E-18));
#9041 = ADVANCED_FACE('',(#9042),#9060,.F.);
#9042 = FACE_BOUND('',#9043,.T.);
#9043 = EDGE_LOOP('',(#9044,#9052,#9053,#9054));
#9044 = ORIENTED_EDGE('',*,*,#9045,.F.);
#9045 = EDGE_CURVE('',#7895,#9046,#9048,.T.);
#9046 = VERTEX_POINT('',#9047);
#9047 = CARTESIAN_POINT('',(-0.16,-2.38,-3.));
#9048 = LINE('',#9049,#9050);
#9049 = CARTESIAN_POINT('',(-0.16,-2.38,-3.));
#9050 = VECTOR('',#9051,1.);
#9051 = DIRECTION('',(0.57735026919,-0.57735026919,-0.57735026919));
#9052 = ORIENTED_EDGE('',*,*,#7894,.T.);
#9053 = ORIENTED_EDGE('',*,*,#9023,.T.);
#9054 = ORIENTED_EDGE('',*,*,#9055,.F.);
#9055 = EDGE_CURVE('',#9046,#9024,#9056,.T.);
#9056 = LINE('',#9057,#9058);
#9057 = CARTESIAN_POINT('',(-0.32,-2.38,-3.));
#9058 = VECTOR('',#9059,1.);
#9059 = DIRECTION('',(1.,0.,0.));
#9060 = PLANE('',#9061);
#9061 = AXIS2_PLACEMENT_3D('',#9062,#9063,#9064);
#9062 = CARTESIAN_POINT('',(-0.32,-2.3,-2.92));
#9063 = DIRECTION('',(-1.735167508357E-18,-0.707106781187,0.707106781187
    ));
#9064 = DIRECTION('',(-1.,1.226948711654E-18,-1.226948711654E-18));
#9065 = ADVANCED_FACE('',(#9066),#9084,.T.);
#9066 = FACE_BOUND('',#9067,.T.);
#9067 = EDGE_LOOP('',(#9068,#9076,#9077,#9078));
#9068 = ORIENTED_EDGE('',*,*,#9069,.F.);
#9069 = EDGE_CURVE('',#7918,#9070,#9072,.T.);
#9070 = VERTEX_POINT('',#9071);
#9071 = CARTESIAN_POINT('',(-0.16,-2.7,-3.));
#9072 = LINE('',#9073,#9074);
#9073 = CARTESIAN_POINT('',(-0.266666666667,-2.806666666667,
    -2.893333333333));
#9074 = VECTOR('',#9075,1.);
#9075 = DIRECTION('',(0.57735026919,0.57735026919,-0.57735026919));
#9076 = ORIENTED_EDGE('',*,*,#7925,.T.);
#9077 = ORIENTED_EDGE('',*,*,#9045,.T.);
#9078 = ORIENTED_EDGE('',*,*,#9079,.F.);
#9079 = EDGE_CURVE('',#9070,#9046,#9080,.T.);
#9080 = LINE('',#9081,#9082);
#9081 = CARTESIAN_POINT('',(-0.16,-2.86,-3.));
#9082 = VECTOR('',#9083,1.);
#9083 = DIRECTION('',(0.,1.,0.));
#9084 = PLANE('',#9085);
#9085 = AXIS2_PLACEMENT_3D('',#9086,#9087,#9088);
#9086 = CARTESIAN_POINT('',(-0.24,-2.86,-2.92));
#9087 = DIRECTION('',(-0.707106781187,-1.735167508357E-18,
    -0.707106781187));
#9088 = DIRECTION('',(-1.226948711654E-18,1.,-1.226948711654E-18));
#9089 = ADVANCED_FACE('',(#9090),#9101,.T.);
#9090 = FACE_BOUND('',#9091,.F.);
#9091 = EDGE_LOOP('',(#9092,#9093,#9094,#9095));
#9092 = ORIENTED_EDGE('',*,*,#9069,.F.);
#9093 = ORIENTED_EDGE('',*,*,#7942,.T.);
#9094 = ORIENTED_EDGE('',*,*,#9014,.T.);
#9095 = ORIENTED_EDGE('',*,*,#9096,.F.);
#9096 = EDGE_CURVE('',#9070,#9015,#9097,.T.);
#9097 = LINE('',#9098,#9099);
#9098 = CARTESIAN_POINT('',(-0.32,-2.7,-3.));
#9099 = VECTOR('',#9100,1.);
#9100 = DIRECTION('',(1.,0.,0.));
#9101 = PLANE('',#9102);
#9102 = AXIS2_PLACEMENT_3D('',#9103,#9104,#9105);
#9103 = CARTESIAN_POINT('',(-0.32,-2.78,-2.92));
#9104 = DIRECTION('',(1.735167508357E-18,-0.707106781187,-0.707106781187
    ));
#9105 = DIRECTION('',(-1.,-1.226948711654E-18,-1.226948711654E-18));
#9106 = ADVANCED_FACE('',(#9107),#9132,.T.);
#9107 = FACE_BOUND('',#9108,.F.);
#9108 = EDGE_LOOP('',(#9109,#9117,#9118,#9126));
#9109 = ORIENTED_EDGE('',*,*,#9110,.F.);
#9110 = EDGE_CURVE('',#7967,#9111,#9113,.T.);
#9111 = VERTEX_POINT('',#9112);
#9112 = CARTESIAN_POINT('',(-0.16,-12.86,-3.));
#9113 = LINE('',#9114,#9115);
#9114 = CARTESIAN_POINT('',(-0.266666666667,-12.96666666666,
    -2.893333333333));
#9115 = VECTOR('',#9116,1.);
#9116 = DIRECTION('',(0.57735026919,0.57735026919,-0.57735026919));
#9117 = ORIENTED_EDGE('',*,*,#7966,.T.);
#9118 = ORIENTED_EDGE('',*,*,#9119,.T.);
#9119 = EDGE_CURVE('',#7959,#9120,#9122,.T.);
#9120 = VERTEX_POINT('',#9121);
#9121 = CARTESIAN_POINT('',(0.16,-12.86,-3.));
#9122 = LINE('',#9123,#9124);
#9123 = CARTESIAN_POINT('',(0.16,-12.86,-3.));
#9124 = VECTOR('',#9125,1.);
#9125 = DIRECTION('',(-0.57735026919,0.57735026919,-0.57735026919));
#9126 = ORIENTED_EDGE('',*,*,#9127,.F.);
#9127 = EDGE_CURVE('',#9111,#9120,#9128,.T.);
#9128 = LINE('',#9129,#9130);
#9129 = CARTESIAN_POINT('',(-0.32,-12.86,-3.));
#9130 = VECTOR('',#9131,1.);
#9131 = DIRECTION('',(1.,0.,0.));
#9132 = PLANE('',#9133);
#9133 = AXIS2_PLACEMENT_3D('',#9134,#9135,#9136);
#9134 = CARTESIAN_POINT('',(-0.32,-12.94,-2.92));
#9135 = DIRECTION('',(1.735167508357E-18,-0.707106781187,-0.707106781187
    ));
#9136 = DIRECTION('',(-1.,-1.226948711654E-18,-1.226948711654E-18));
#9137 = ADVANCED_FACE('',(#9138),#9156,.F.);
#9138 = FACE_BOUND('',#9139,.F.);
#9139 = EDGE_LOOP('',(#9140,#9141,#9142,#9150));
#9140 = ORIENTED_EDGE('',*,*,#9119,.F.);
#9141 = ORIENTED_EDGE('',*,*,#7990,.T.);
#9142 = ORIENTED_EDGE('',*,*,#9143,.T.);
#9143 = EDGE_CURVE('',#7991,#9144,#9146,.T.);
#9144 = VERTEX_POINT('',#9145);
#9145 = CARTESIAN_POINT('',(0.16,-12.54,-3.));
#9146 = LINE('',#9147,#9148);
#9147 = CARTESIAN_POINT('',(5.333333333333E-02,-12.64666666666,
    -3.106666666667));
#9148 = VECTOR('',#9149,1.);
#9149 = DIRECTION('',(-0.57735026919,-0.57735026919,-0.57735026919));
#9150 = ORIENTED_EDGE('',*,*,#9151,.F.);
#9151 = EDGE_CURVE('',#9120,#9144,#9152,.T.);
#9152 = LINE('',#9153,#9154);
#9153 = CARTESIAN_POINT('',(0.16,-13.02,-3.));
#9154 = VECTOR('',#9155,1.);
#9155 = DIRECTION('',(0.,1.,0.));
#9156 = PLANE('',#9157);
#9157 = AXIS2_PLACEMENT_3D('',#9158,#9159,#9160);
#9158 = CARTESIAN_POINT('',(0.24,-13.02,-2.92));
#9159 = DIRECTION('',(-0.707106781187,1.735167508357E-18,0.707106781187)
  );
#9160 = DIRECTION('',(1.226948711654E-18,1.,-1.226948711654E-18));
#9161 = ADVANCED_FACE('',(#9162),#9180,.F.);
#9162 = FACE_BOUND('',#9163,.T.);
#9163 = EDGE_LOOP('',(#9164,#9172,#9173,#9174));
#9164 = ORIENTED_EDGE('',*,*,#9165,.F.);
#9165 = EDGE_CURVE('',#8015,#9166,#9168,.T.);
#9166 = VERTEX_POINT('',#9167);
#9167 = CARTESIAN_POINT('',(-0.16,-12.54,-3.));
#9168 = LINE('',#9169,#9170);
#9169 = CARTESIAN_POINT('',(-0.16,-12.54,-3.));
#9170 = VECTOR('',#9171,1.);
#9171 = DIRECTION('',(0.57735026919,-0.57735026919,-0.57735026919));
#9172 = ORIENTED_EDGE('',*,*,#8014,.T.);
#9173 = ORIENTED_EDGE('',*,*,#9143,.T.);
#9174 = ORIENTED_EDGE('',*,*,#9175,.F.);
#9175 = EDGE_CURVE('',#9166,#9144,#9176,.T.);
#9176 = LINE('',#9177,#9178);
#9177 = CARTESIAN_POINT('',(-0.32,-12.54,-3.));
#9178 = VECTOR('',#9179,1.);
#9179 = DIRECTION('',(1.,0.,0.));
#9180 = PLANE('',#9181);
#9181 = AXIS2_PLACEMENT_3D('',#9182,#9183,#9184);
#9182 = CARTESIAN_POINT('',(-0.32,-12.46,-2.92));
#9183 = DIRECTION('',(-1.735167508357E-18,-0.707106781187,0.707106781187
    ));
#9184 = DIRECTION('',(-1.,1.226948711654E-18,-1.226948711654E-18));
#9185 = ADVANCED_FACE('',(#9186),#9197,.T.);
#9186 = FACE_BOUND('',#9187,.T.);
#9187 = EDGE_LOOP('',(#9188,#9189,#9190,#9191));
#9188 = ORIENTED_EDGE('',*,*,#9110,.F.);
#9189 = ORIENTED_EDGE('',*,*,#8038,.T.);
#9190 = ORIENTED_EDGE('',*,*,#9165,.T.);
#9191 = ORIENTED_EDGE('',*,*,#9192,.F.);
#9192 = EDGE_CURVE('',#9111,#9166,#9193,.T.);
#9193 = LINE('',#9194,#9195);
#9194 = CARTESIAN_POINT('',(-0.16,-13.02,-3.));
#9195 = VECTOR('',#9196,1.);
#9196 = DIRECTION('',(0.,1.,0.));
#9197 = PLANE('',#9198);
#9198 = AXIS2_PLACEMENT_3D('',#9199,#9200,#9201);
#9199 = CARTESIAN_POINT('',(-0.24,-13.02,-2.92));
#9200 = DIRECTION('',(-0.707106781187,-1.735167508357E-18,
    -0.707106781187));
#9201 = DIRECTION('',(-1.226948711654E-18,1.,-1.226948711654E-18));
#9202 = ADVANCED_FACE('',(#9203),#9228,.F.);
#9203 = FACE_BOUND('',#9204,.T.);
#9204 = EDGE_LOOP('',(#9205,#9213,#9214,#9222));
#9205 = ORIENTED_EDGE('',*,*,#9206,.F.);
#9206 = EDGE_CURVE('',#8063,#9207,#9209,.T.);
#9207 = VERTEX_POINT('',#9208);
#9208 = CARTESIAN_POINT('',(-0.16,-10.,-3.));
#9209 = LINE('',#9210,#9211);
#9210 = CARTESIAN_POINT('',(-0.16,-10.,-3.));
#9211 = VECTOR('',#9212,1.);
#9212 = DIRECTION('',(0.57735026919,-0.57735026919,-0.57735026919));
#9213 = ORIENTED_EDGE('',*,*,#8062,.T.);
#9214 = ORIENTED_EDGE('',*,*,#9215,.T.);
#9215 = EDGE_CURVE('',#8055,#9216,#9218,.T.);
#9216 = VERTEX_POINT('',#9217);
#9217 = CARTESIAN_POINT('',(0.16,-10.,-3.));
#9218 = LINE('',#9219,#9220);
#9219 = CARTESIAN_POINT('',(5.333333333333E-02,-10.10666666666,
    -3.106666666667));
#9220 = VECTOR('',#9221,1.);
#9221 = DIRECTION('',(-0.57735026919,-0.57735026919,-0.57735026919));
#9222 = ORIENTED_EDGE('',*,*,#9223,.F.);
#9223 = EDGE_CURVE('',#9207,#9216,#9224,.T.);
#9224 = LINE('',#9225,#9226);
#9225 = CARTESIAN_POINT('',(-0.32,-10.,-3.));
#9226 = VECTOR('',#9227,1.);
#9227 = DIRECTION('',(1.,0.,0.));
#9228 = PLANE('',#9229);
#9229 = AXIS2_PLACEMENT_3D('',#9230,#9231,#9232);
#9230 = CARTESIAN_POINT('',(-0.32,-9.92,-2.92));
#9231 = DIRECTION('',(-1.735167508357E-18,-0.707106781187,0.707106781187
    ));
#9232 = DIRECTION('',(-1.,1.226948711654E-18,-1.226948711654E-18));
#9233 = ADVANCED_FACE('',(#9234),#9252,.T.);
#9234 = FACE_BOUND('',#9235,.T.);
#9235 = EDGE_LOOP('',(#9236,#9244,#9245,#9246));
#9236 = ORIENTED_EDGE('',*,*,#9237,.F.);
#9237 = EDGE_CURVE('',#8086,#9238,#9240,.T.);
#9238 = VERTEX_POINT('',#9239);
#9239 = CARTESIAN_POINT('',(-0.16,-10.32,-3.));
#9240 = LINE('',#9241,#9242);
#9241 = CARTESIAN_POINT('',(-0.266666666667,-10.42666666666,
    -2.893333333333));
#9242 = VECTOR('',#9243,1.);
#9243 = DIRECTION('',(0.57735026919,0.57735026919,-0.57735026919));
#9244 = ORIENTED_EDGE('',*,*,#8093,.T.);
#9245 = ORIENTED_EDGE('',*,*,#9206,.T.);
#9246 = ORIENTED_EDGE('',*,*,#9247,.F.);
#9247 = EDGE_CURVE('',#9238,#9207,#9248,.T.);
#9248 = LINE('',#9249,#9250);
#9249 = CARTESIAN_POINT('',(-0.16,-10.48,-3.));
#9250 = VECTOR('',#9251,1.);
#9251 = DIRECTION('',(0.,1.,0.));
#9252 = PLANE('',#9253);
#9253 = AXIS2_PLACEMENT_3D('',#9254,#9255,#9256);
#9254 = CARTESIAN_POINT('',(-0.24,-10.48,-2.92));
#9255 = DIRECTION('',(-0.707106781187,-1.735167508357E-18,
    -0.707106781187));
#9256 = DIRECTION('',(-1.226948711654E-18,1.,-1.226948711654E-18));
#9257 = ADVANCED_FACE('',(#9258),#9276,.T.);
#9258 = FACE_BOUND('',#9259,.F.);
#9259 = EDGE_LOOP('',(#9260,#9261,#9262,#9270));
#9260 = ORIENTED_EDGE('',*,*,#9237,.F.);
#9261 = ORIENTED_EDGE('',*,*,#8117,.T.);
#9262 = ORIENTED_EDGE('',*,*,#9263,.T.);
#9263 = EDGE_CURVE('',#8110,#9264,#9266,.T.);
#9264 = VERTEX_POINT('',#9265);
#9265 = CARTESIAN_POINT('',(0.16,-10.32,-3.));
#9266 = LINE('',#9267,#9268);
#9267 = CARTESIAN_POINT('',(0.16,-10.32,-3.));
#9268 = VECTOR('',#9269,1.);
#9269 = DIRECTION('',(-0.57735026919,0.57735026919,-0.57735026919));
#9270 = ORIENTED_EDGE('',*,*,#9271,.F.);
#9271 = EDGE_CURVE('',#9238,#9264,#9272,.T.);
#9272 = LINE('',#9273,#9274);
#9273 = CARTESIAN_POINT('',(-0.32,-10.32,-3.));
#9274 = VECTOR('',#9275,1.);
#9275 = DIRECTION('',(1.,0.,0.));
#9276 = PLANE('',#9277);
#9277 = AXIS2_PLACEMENT_3D('',#9278,#9279,#9280);
#9278 = CARTESIAN_POINT('',(-0.32,-10.4,-2.92));
#9279 = DIRECTION('',(1.735167508357E-18,-0.707106781187,-0.707106781187
    ));
#9280 = DIRECTION('',(-1.,-1.226948711654E-18,-1.226948711654E-18));
#9281 = ADVANCED_FACE('',(#9282),#9293,.F.);
#9282 = FACE_BOUND('',#9283,.F.);
#9283 = EDGE_LOOP('',(#9284,#9285,#9286,#9287));
#9284 = ORIENTED_EDGE('',*,*,#9263,.F.);
#9285 = ORIENTED_EDGE('',*,*,#8134,.T.);
#9286 = ORIENTED_EDGE('',*,*,#9215,.T.);
#9287 = ORIENTED_EDGE('',*,*,#9288,.F.);
#9288 = EDGE_CURVE('',#9264,#9216,#9289,.T.);
#9289 = LINE('',#9290,#9291);
#9290 = CARTESIAN_POINT('',(0.16,-10.48,-3.));
#9291 = VECTOR('',#9292,1.);
#9292 = DIRECTION('',(0.,1.,0.));
#9293 = PLANE('',#9294);
#9294 = AXIS2_PLACEMENT_3D('',#9295,#9296,#9297);
#9295 = CARTESIAN_POINT('',(0.24,-10.48,-2.92));
#9296 = DIRECTION('',(-0.707106781187,1.735167508357E-18,0.707106781187)
  );
#9297 = DIRECTION('',(1.226948711654E-18,1.,-1.226948711654E-18));
#9298 = ADVANCED_FACE('',(#9299),#9324,.T.);
#9299 = FACE_BOUND('',#9300,.F.);
#9300 = EDGE_LOOP('',(#9301,#9309,#9310,#9318));
#9301 = ORIENTED_EDGE('',*,*,#9302,.F.);
#9302 = EDGE_CURVE('',#8159,#9303,#9305,.T.);
#9303 = VERTEX_POINT('',#9304);
#9304 = CARTESIAN_POINT('',(-0.16,-7.78,-3.));
#9305 = LINE('',#9306,#9307);
#9306 = CARTESIAN_POINT('',(-0.266666666667,-7.886666666667,
    -2.893333333333));
#9307 = VECTOR('',#9308,1.);
#9308 = DIRECTION('',(0.57735026919,0.57735026919,-0.57735026919));
#9309 = ORIENTED_EDGE('',*,*,#8158,.T.);
#9310 = ORIENTED_EDGE('',*,*,#9311,.T.);
#9311 = EDGE_CURVE('',#8151,#9312,#9314,.T.);
#9312 = VERTEX_POINT('',#9313);
#9313 = CARTESIAN_POINT('',(0.16,-7.78,-3.));
#9314 = LINE('',#9315,#9316);
#9315 = CARTESIAN_POINT('',(0.16,-7.78,-3.));
#9316 = VECTOR('',#9317,1.);
#9317 = DIRECTION('',(-0.57735026919,0.57735026919,-0.57735026919));
#9318 = ORIENTED_EDGE('',*,*,#9319,.F.);
#9319 = EDGE_CURVE('',#9303,#9312,#9320,.T.);
#9320 = LINE('',#9321,#9322);
#9321 = CARTESIAN_POINT('',(-0.32,-7.78,-3.));
#9322 = VECTOR('',#9323,1.);
#9323 = DIRECTION('',(1.,0.,0.));
#9324 = PLANE('',#9325);
#9325 = AXIS2_PLACEMENT_3D('',#9326,#9327,#9328);
#9326 = CARTESIAN_POINT('',(-0.32,-7.86,-2.92));
#9327 = DIRECTION('',(1.735167508357E-18,-0.707106781187,-0.707106781187
    ));
#9328 = DIRECTION('',(-1.,-1.226948711654E-18,-1.226948711654E-18));
#9329 = ADVANCED_FACE('',(#9330),#9348,.F.);
#9330 = FACE_BOUND('',#9331,.F.);
#9331 = EDGE_LOOP('',(#9332,#9333,#9334,#9342));
#9332 = ORIENTED_EDGE('',*,*,#9311,.F.);
#9333 = ORIENTED_EDGE('',*,*,#8182,.T.);
#9334 = ORIENTED_EDGE('',*,*,#9335,.T.);
#9335 = EDGE_CURVE('',#8183,#9336,#9338,.T.);
#9336 = VERTEX_POINT('',#9337);
#9337 = CARTESIAN_POINT('',(0.16,-7.46,-3.));
#9338 = LINE('',#9339,#9340);
#9339 = CARTESIAN_POINT('',(5.333333333333E-02,-7.566666666667,
    -3.106666666667));
#9340 = VECTOR('',#9341,1.);
#9341 = DIRECTION('',(-0.57735026919,-0.57735026919,-0.57735026919));
#9342 = ORIENTED_EDGE('',*,*,#9343,.F.);
#9343 = EDGE_CURVE('',#9312,#9336,#9344,.T.);
#9344 = LINE('',#9345,#9346);
#9345 = CARTESIAN_POINT('',(0.16,-7.94,-3.));
#9346 = VECTOR('',#9347,1.);
#9347 = DIRECTION('',(0.,1.,0.));
#9348 = PLANE('',#9349);
#9349 = AXIS2_PLACEMENT_3D('',#9350,#9351,#9352);
#9350 = CARTESIAN_POINT('',(0.24,-7.94,-2.92));
#9351 = DIRECTION('',(-0.707106781187,1.735167508357E-18,0.707106781187)
  );
#9352 = DIRECTION('',(1.226948711654E-18,1.,-1.226948711654E-18));
#9353 = ADVANCED_FACE('',(#9354),#9372,.F.);
#9354 = FACE_BOUND('',#9355,.T.);
#9355 = EDGE_LOOP('',(#9356,#9364,#9365,#9366));
#9356 = ORIENTED_EDGE('',*,*,#9357,.F.);
#9357 = EDGE_CURVE('',#8207,#9358,#9360,.T.);
#9358 = VERTEX_POINT('',#9359);
#9359 = CARTESIAN_POINT('',(-0.16,-7.46,-3.));
#9360 = LINE('',#9361,#9362);
#9361 = CARTESIAN_POINT('',(-0.16,-7.46,-3.));
#9362 = VECTOR('',#9363,1.);
#9363 = DIRECTION('',(0.57735026919,-0.57735026919,-0.57735026919));
#9364 = ORIENTED_EDGE('',*,*,#8206,.T.);
#9365 = ORIENTED_EDGE('',*,*,#9335,.T.);
#9366 = ORIENTED_EDGE('',*,*,#9367,.F.);
#9367 = EDGE_CURVE('',#9358,#9336,#9368,.T.);
#9368 = LINE('',#9369,#9370);
#9369 = CARTESIAN_POINT('',(-0.32,-7.46,-3.));
#9370 = VECTOR('',#9371,1.);
#9371 = DIRECTION('',(1.,0.,0.));
#9372 = PLANE('',#9373);
#9373 = AXIS2_PLACEMENT_3D('',#9374,#9375,#9376);
#9374 = CARTESIAN_POINT('',(-0.32,-7.38,-2.92));
#9375 = DIRECTION('',(-1.735167508357E-18,-0.707106781187,0.707106781187
    ));
#9376 = DIRECTION('',(-1.,1.226948711654E-18,-1.226948711654E-18));
#9377 = ADVANCED_FACE('',(#9378),#9389,.T.);
#9378 = FACE_BOUND('',#9379,.T.);
#9379 = EDGE_LOOP('',(#9380,#9381,#9382,#9383));
#9380 = ORIENTED_EDGE('',*,*,#9302,.F.);
#9381 = ORIENTED_EDGE('',*,*,#8230,.T.);
#9382 = ORIENTED_EDGE('',*,*,#9357,.T.);
#9383 = ORIENTED_EDGE('',*,*,#9384,.F.);
#9384 = EDGE_CURVE('',#9303,#9358,#9385,.T.);
#9385 = LINE('',#9386,#9387);
#9386 = CARTESIAN_POINT('',(-0.16,-7.94,-3.));
#9387 = VECTOR('',#9388,1.);
#9388 = DIRECTION('',(0.,1.,0.));
#9389 = PLANE('',#9390);
#9390 = AXIS2_PLACEMENT_3D('',#9391,#9392,#9393);
#9391 = CARTESIAN_POINT('',(-0.24,-7.94,-2.92));
#9392 = DIRECTION('',(-0.707106781187,-1.735167508357E-18,
    -0.707106781187));
#9393 = DIRECTION('',(-1.226948711654E-18,1.,-1.226948711654E-18));
#9394 = ADVANCED_FACE('',(#9395),#9420,.T.);
#9395 = FACE_BOUND('',#9396,.T.);
#9396 = EDGE_LOOP('',(#9397,#9405,#9406,#9414));
#9397 = ORIENTED_EDGE('',*,*,#9398,.F.);
#9398 = EDGE_CURVE('',#8247,#9399,#9401,.T.);
#9399 = VERTEX_POINT('',#9400);
#9400 = CARTESIAN_POINT('',(0.16,-0.16,8.54));
#9401 = LINE('',#9402,#9403);
#9402 = CARTESIAN_POINT('',(0.16,-0.16,8.54));
#9403 = VECTOR('',#9404,1.);
#9404 = DIRECTION('',(-0.57735026919,0.57735026919,0.57735026919));
#9405 = ORIENTED_EDGE('',*,*,#8263,.T.);
#9406 = ORIENTED_EDGE('',*,*,#9407,.T.);
#9407 = EDGE_CURVE('',#8256,#9408,#9410,.T.);
#9408 = VERTEX_POINT('',#9409);
#9409 = CARTESIAN_POINT('',(0.16,0.16,8.54));
#9410 = LINE('',#9411,#9412);
#9411 = CARTESIAN_POINT('',(5.333333333333E-02,5.333333333333E-02,
    8.646666666667));
#9412 = VECTOR('',#9413,1.);
#9413 = DIRECTION('',(-0.57735026919,-0.57735026919,0.57735026919));
#9414 = ORIENTED_EDGE('',*,*,#9415,.F.);
#9415 = EDGE_CURVE('',#9399,#9408,#9416,.T.);
#9416 = LINE('',#9417,#9418);
#9417 = CARTESIAN_POINT('',(0.16,-0.32,8.54));
#9418 = VECTOR('',#9419,1.);
#9419 = DIRECTION('',(0.,1.,0.));
#9420 = PLANE('',#9421);
#9421 = AXIS2_PLACEMENT_3D('',#9422,#9423,#9424);
#9422 = CARTESIAN_POINT('',(0.24,-0.32,8.46));
#9423 = DIRECTION('',(0.707106781187,-1.735167508357E-18,0.707106781187)
  );
#9424 = DIRECTION('',(1.226948711654E-18,1.,1.226948711654E-18));
#9425 = ADVANCED_FACE('',(#9426),#9444,.T.);
#9426 = FACE_BOUND('',#9427,.F.);
#9427 = EDGE_LOOP('',(#9428,#9436,#9437,#9438));
#9428 = ORIENTED_EDGE('',*,*,#9429,.F.);
#9429 = EDGE_CURVE('',#8280,#9430,#9432,.T.);
#9430 = VERTEX_POINT('',#9431);
#9431 = CARTESIAN_POINT('',(-0.16,0.16,8.54));
#9432 = LINE('',#9433,#9434);
#9433 = CARTESIAN_POINT('',(-0.16,0.16,8.54));
#9434 = VECTOR('',#9435,1.);
#9435 = DIRECTION('',(0.57735026919,-0.57735026919,0.57735026919));
#9436 = ORIENTED_EDGE('',*,*,#8287,.T.);
#9437 = ORIENTED_EDGE('',*,*,#9407,.T.);
#9438 = ORIENTED_EDGE('',*,*,#9439,.F.);
#9439 = EDGE_CURVE('',#9430,#9408,#9440,.T.);
#9440 = LINE('',#9441,#9442);
#9441 = CARTESIAN_POINT('',(-0.32,0.16,8.54));
#9442 = VECTOR('',#9443,1.);
#9443 = DIRECTION('',(1.,0.,0.));
#9444 = PLANE('',#9445);
#9445 = AXIS2_PLACEMENT_3D('',#9446,#9447,#9448);
#9446 = CARTESIAN_POINT('',(-0.32,0.24,8.46));
#9447 = DIRECTION('',(1.735167508357E-18,0.707106781187,0.707106781187)
  );
#9448 = DIRECTION('',(-1.,1.226948711654E-18,1.226948711654E-18));
#9449 = ADVANCED_FACE('',(#9450),#9468,.F.);
#9450 = FACE_BOUND('',#9451,.F.);
#9451 = EDGE_LOOP('',(#9452,#9460,#9461,#9462));
#9452 = ORIENTED_EDGE('',*,*,#9453,.F.);
#9453 = EDGE_CURVE('',#8302,#9454,#9456,.T.);
#9454 = VERTEX_POINT('',#9455);
#9455 = CARTESIAN_POINT('',(-0.16,-0.16,8.54));
#9456 = LINE('',#9457,#9458);
#9457 = CARTESIAN_POINT('',(-0.266666666667,-0.266666666667,
    8.433333333333));
#9458 = VECTOR('',#9459,1.);
#9459 = DIRECTION('',(0.57735026919,0.57735026919,0.57735026919));
#9460 = ORIENTED_EDGE('',*,*,#8311,.T.);
#9461 = ORIENTED_EDGE('',*,*,#9429,.T.);
#9462 = ORIENTED_EDGE('',*,*,#9463,.F.);
#9463 = EDGE_CURVE('',#9454,#9430,#9464,.T.);
#9464 = LINE('',#9465,#9466);
#9465 = CARTESIAN_POINT('',(-0.16,-0.32,8.54));
#9466 = VECTOR('',#9467,1.);
#9467 = DIRECTION('',(0.,1.,0.));
#9468 = PLANE('',#9469);
#9469 = AXIS2_PLACEMENT_3D('',#9470,#9471,#9472);
#9470 = CARTESIAN_POINT('',(-0.24,-0.32,8.46));
#9471 = DIRECTION('',(0.707106781187,1.735167508357E-18,-0.707106781187)
  );
#9472 = DIRECTION('',(-1.226948711654E-18,1.,1.226948711654E-18));
#9473 = ADVANCED_FACE('',(#9474),#9485,.F.);
#9474 = FACE_BOUND('',#9475,.T.);
#9475 = EDGE_LOOP('',(#9476,#9477,#9478,#9479));
#9476 = ORIENTED_EDGE('',*,*,#9453,.F.);
#9477 = ORIENTED_EDGE('',*,*,#8328,.T.);
#9478 = ORIENTED_EDGE('',*,*,#9398,.T.);
#9479 = ORIENTED_EDGE('',*,*,#9480,.F.);
#9480 = EDGE_CURVE('',#9454,#9399,#9481,.T.);
#9481 = LINE('',#9482,#9483);
#9482 = CARTESIAN_POINT('',(-0.32,-0.16,8.54));
#9483 = VECTOR('',#9484,1.);
#9484 = DIRECTION('',(1.,0.,0.));
#9485 = PLANE('',#9486);
#9486 = AXIS2_PLACEMENT_3D('',#9487,#9488,#9489);
#9487 = CARTESIAN_POINT('',(-0.32,-0.24,8.46));
#9488 = DIRECTION('',(-1.735167508357E-18,0.707106781187,-0.707106781187
    ));
#9489 = DIRECTION('',(-1.,-1.226948711654E-18,1.226948711654E-18));
#9490 = ADVANCED_FACE('',(#9491),#9516,.T.);
#9491 = FACE_BOUND('',#9492,.T.);
#9492 = EDGE_LOOP('',(#9493,#9501,#9502,#9510));
#9493 = ORIENTED_EDGE('',*,*,#9494,.F.);
#9494 = EDGE_CURVE('',#8343,#9495,#9497,.T.);
#9495 = VERTEX_POINT('',#9496);
#9496 = CARTESIAN_POINT('',(0.16,-5.24,8.54));
#9497 = LINE('',#9498,#9499);
#9498 = CARTESIAN_POINT('',(0.16,-5.24,8.54));
#9499 = VECTOR('',#9500,1.);
#9500 = DIRECTION('',(-0.57735026919,0.57735026919,0.57735026919));
#9501 = ORIENTED_EDGE('',*,*,#8359,.T.);
#9502 = ORIENTED_EDGE('',*,*,#9503,.T.);
#9503 = EDGE_CURVE('',#8352,#9504,#9506,.T.);
#9504 = VERTEX_POINT('',#9505);
#9505 = CARTESIAN_POINT('',(0.16,-4.92,8.54));
#9506 = LINE('',#9507,#9508);
#9507 = CARTESIAN_POINT('',(5.333333333333E-02,-5.026666666667,
    8.646666666667));
#9508 = VECTOR('',#9509,1.);
#9509 = DIRECTION('',(-0.57735026919,-0.57735026919,0.57735026919));
#9510 = ORIENTED_EDGE('',*,*,#9511,.F.);
#9511 = EDGE_CURVE('',#9495,#9504,#9512,.T.);
#9512 = LINE('',#9513,#9514);
#9513 = CARTESIAN_POINT('',(0.16,-5.4,8.54));
#9514 = VECTOR('',#9515,1.);
#9515 = DIRECTION('',(0.,1.,0.));
#9516 = PLANE('',#9517);
#9517 = AXIS2_PLACEMENT_3D('',#9518,#9519,#9520);
#9518 = CARTESIAN_POINT('',(0.24,-5.4,8.46));
#9519 = DIRECTION('',(0.707106781187,-1.735167508357E-18,0.707106781187)
  );
#9520 = DIRECTION('',(1.226948711654E-18,1.,1.226948711654E-18));
#9521 = ADVANCED_FACE('',(#9522),#9540,.T.);
#9522 = FACE_BOUND('',#9523,.F.);
#9523 = EDGE_LOOP('',(#9524,#9532,#9533,#9534));
#9524 = ORIENTED_EDGE('',*,*,#9525,.F.);
#9525 = EDGE_CURVE('',#8376,#9526,#9528,.T.);
#9526 = VERTEX_POINT('',#9527);
#9527 = CARTESIAN_POINT('',(-0.16,-4.92,8.54));
#9528 = LINE('',#9529,#9530);
#9529 = CARTESIAN_POINT('',(-0.16,-4.92,8.54));
#9530 = VECTOR('',#9531,1.);
#9531 = DIRECTION('',(0.57735026919,-0.57735026919,0.57735026919));
#9532 = ORIENTED_EDGE('',*,*,#8383,.T.);
#9533 = ORIENTED_EDGE('',*,*,#9503,.T.);
#9534 = ORIENTED_EDGE('',*,*,#9535,.F.);
#9535 = EDGE_CURVE('',#9526,#9504,#9536,.T.);
#9536 = LINE('',#9537,#9538);
#9537 = CARTESIAN_POINT('',(-0.32,-4.92,8.54));
#9538 = VECTOR('',#9539,1.);
#9539 = DIRECTION('',(1.,0.,0.));
#9540 = PLANE('',#9541);
#9541 = AXIS2_PLACEMENT_3D('',#9542,#9543,#9544);
#9542 = CARTESIAN_POINT('',(-0.32,-4.84,8.46));
#9543 = DIRECTION('',(1.735167508357E-18,0.707106781187,0.707106781187)
  );
#9544 = DIRECTION('',(-1.,1.226948711654E-18,1.226948711654E-18));
#9545 = ADVANCED_FACE('',(#9546),#9564,.F.);
#9546 = FACE_BOUND('',#9547,.F.);
#9547 = EDGE_LOOP('',(#9548,#9556,#9557,#9558));
#9548 = ORIENTED_EDGE('',*,*,#9549,.F.);
#9549 = EDGE_CURVE('',#8398,#9550,#9552,.T.);
#9550 = VERTEX_POINT('',#9551);
#9551 = CARTESIAN_POINT('',(-0.16,-5.24,8.54));
#9552 = LINE('',#9553,#9554);
#9553 = CARTESIAN_POINT('',(-0.266666666667,-5.346666666667,
    8.433333333333));
#9554 = VECTOR('',#9555,1.);
#9555 = DIRECTION('',(0.57735026919,0.57735026919,0.57735026919));
#9556 = ORIENTED_EDGE('',*,*,#8407,.T.);
#9557 = ORIENTED_EDGE('',*,*,#9525,.T.);
#9558 = ORIENTED_EDGE('',*,*,#9559,.F.);
#9559 = EDGE_CURVE('',#9550,#9526,#9560,.T.);
#9560 = LINE('',#9561,#9562);
#9561 = CARTESIAN_POINT('',(-0.16,-5.4,8.54));
#9562 = VECTOR('',#9563,1.);
#9563 = DIRECTION('',(0.,1.,0.));
#9564 = PLANE('',#9565);
#9565 = AXIS2_PLACEMENT_3D('',#9566,#9567,#9568);
#9566 = CARTESIAN_POINT('',(-0.24,-5.4,8.46));
#9567 = DIRECTION('',(0.707106781187,1.735167508357E-18,-0.707106781187)
  );
#9568 = DIRECTION('',(-1.226948711654E-18,1.,1.226948711654E-18));
#9569 = ADVANCED_FACE('',(#9570),#9581,.F.);
#9570 = FACE_BOUND('',#9571,.T.);
#9571 = EDGE_LOOP('',(#9572,#9573,#9574,#9575));
#9572 = ORIENTED_EDGE('',*,*,#9549,.F.);
#9573 = ORIENTED_EDGE('',*,*,#8424,.T.);
#9574 = ORIENTED_EDGE('',*,*,#9494,.T.);
#9575 = ORIENTED_EDGE('',*,*,#9576,.F.);
#9576 = EDGE_CURVE('',#9550,#9495,#9577,.T.);
#9577 = LINE('',#9578,#9579);
#9578 = CARTESIAN_POINT('',(-0.32,-5.24,8.54));
#9579 = VECTOR('',#9580,1.);
#9580 = DIRECTION('',(1.,0.,0.));
#9581 = PLANE('',#9582);
#9582 = AXIS2_PLACEMENT_3D('',#9583,#9584,#9585);
#9583 = CARTESIAN_POINT('',(-0.32,-5.32,8.46));
#9584 = DIRECTION('',(-1.735167508357E-18,0.707106781187,-0.707106781187
    ));
#9585 = DIRECTION('',(-1.,-1.226948711654E-18,1.226948711654E-18));
#9586 = ADVANCED_FACE('',(#9587),#9612,.T.);
#9587 = FACE_BOUND('',#9588,.T.);
#9588 = EDGE_LOOP('',(#9589,#9597,#9598,#9606));
#9589 = ORIENTED_EDGE('',*,*,#9590,.F.);
#9590 = EDGE_CURVE('',#8439,#9591,#9593,.T.);
#9591 = VERTEX_POINT('',#9592);
#9592 = CARTESIAN_POINT('',(0.16,-2.7,8.54));
#9593 = LINE('',#9594,#9595);
#9594 = CARTESIAN_POINT('',(0.16,-2.7,8.54));
#9595 = VECTOR('',#9596,1.);
#9596 = DIRECTION('',(-0.57735026919,0.57735026919,0.57735026919));
#9597 = ORIENTED_EDGE('',*,*,#8455,.T.);
#9598 = ORIENTED_EDGE('',*,*,#9599,.T.);
#9599 = EDGE_CURVE('',#8448,#9600,#9602,.T.);
#9600 = VERTEX_POINT('',#9601);
#9601 = CARTESIAN_POINT('',(0.16,-2.38,8.54));
#9602 = LINE('',#9603,#9604);
#9603 = CARTESIAN_POINT('',(5.333333333333E-02,-2.486666666667,
    8.646666666667));
#9604 = VECTOR('',#9605,1.);
#9605 = DIRECTION('',(-0.57735026919,-0.57735026919,0.57735026919));
#9606 = ORIENTED_EDGE('',*,*,#9607,.F.);
#9607 = EDGE_CURVE('',#9591,#9600,#9608,.T.);
#9608 = LINE('',#9609,#9610);
#9609 = CARTESIAN_POINT('',(0.16,-2.86,8.54));
#9610 = VECTOR('',#9611,1.);
#9611 = DIRECTION('',(0.,1.,0.));
#9612 = PLANE('',#9613);
#9613 = AXIS2_PLACEMENT_3D('',#9614,#9615,#9616);
#9614 = CARTESIAN_POINT('',(0.24,-2.86,8.46));
#9615 = DIRECTION('',(0.707106781187,-1.735167508357E-18,0.707106781187)
  );
#9616 = DIRECTION('',(1.226948711654E-18,1.,1.226948711654E-18));
#9617 = ADVANCED_FACE('',(#9618),#9636,.T.);
#9618 = FACE_BOUND('',#9619,.F.);
#9619 = EDGE_LOOP('',(#9620,#9628,#9629,#9630));
#9620 = ORIENTED_EDGE('',*,*,#9621,.F.);
#9621 = EDGE_CURVE('',#8472,#9622,#9624,.T.);
#9622 = VERTEX_POINT('',#9623);
#9623 = CARTESIAN_POINT('',(-0.16,-2.38,8.54));
#9624 = LINE('',#9625,#9626);
#9625 = CARTESIAN_POINT('',(-0.16,-2.38,8.54));
#9626 = VECTOR('',#9627,1.);
#9627 = DIRECTION('',(0.57735026919,-0.57735026919,0.57735026919));
#9628 = ORIENTED_EDGE('',*,*,#8479,.T.);
#9629 = ORIENTED_EDGE('',*,*,#9599,.T.);
#9630 = ORIENTED_EDGE('',*,*,#9631,.F.);
#9631 = EDGE_CURVE('',#9622,#9600,#9632,.T.);
#9632 = LINE('',#9633,#9634);
#9633 = CARTESIAN_POINT('',(-0.32,-2.38,8.54));
#9634 = VECTOR('',#9635,1.);
#9635 = DIRECTION('',(1.,0.,0.));
#9636 = PLANE('',#9637);
#9637 = AXIS2_PLACEMENT_3D('',#9638,#9639,#9640);
#9638 = CARTESIAN_POINT('',(-0.32,-2.3,8.46));
#9639 = DIRECTION('',(1.735167508357E-18,0.707106781187,0.707106781187)
  );
#9640 = DIRECTION('',(-1.,1.226948711654E-18,1.226948711654E-18));
#9641 = ADVANCED_FACE('',(#9642),#9660,.F.);
#9642 = FACE_BOUND('',#9643,.F.);
#9643 = EDGE_LOOP('',(#9644,#9652,#9653,#9654));
#9644 = ORIENTED_EDGE('',*,*,#9645,.F.);
#9645 = EDGE_CURVE('',#8494,#9646,#9648,.T.);
#9646 = VERTEX_POINT('',#9647);
#9647 = CARTESIAN_POINT('',(-0.16,-2.7,8.54));
#9648 = LINE('',#9649,#9650);
#9649 = CARTESIAN_POINT('',(-0.266666666667,-2.806666666667,
    8.433333333333));
#9650 = VECTOR('',#9651,1.);
#9651 = DIRECTION('',(0.57735026919,0.57735026919,0.57735026919));
#9652 = ORIENTED_EDGE('',*,*,#8503,.T.);
#9653 = ORIENTED_EDGE('',*,*,#9621,.T.);
#9654 = ORIENTED_EDGE('',*,*,#9655,.F.);
#9655 = EDGE_CURVE('',#9646,#9622,#9656,.T.);
#9656 = LINE('',#9657,#9658);
#9657 = CARTESIAN_POINT('',(-0.16,-2.86,8.54));
#9658 = VECTOR('',#9659,1.);
#9659 = DIRECTION('',(0.,1.,0.));
#9660 = PLANE('',#9661);
#9661 = AXIS2_PLACEMENT_3D('',#9662,#9663,#9664);
#9662 = CARTESIAN_POINT('',(-0.24,-2.86,8.46));
#9663 = DIRECTION('',(0.707106781187,1.735167508357E-18,-0.707106781187)
  );
#9664 = DIRECTION('',(-1.226948711654E-18,1.,1.226948711654E-18));
#9665 = ADVANCED_FACE('',(#9666),#9677,.F.);
#9666 = FACE_BOUND('',#9667,.T.);
#9667 = EDGE_LOOP('',(#9668,#9669,#9670,#9671));
#9668 = ORIENTED_EDGE('',*,*,#9645,.F.);
#9669 = ORIENTED_EDGE('',*,*,#8520,.T.);
#9670 = ORIENTED_EDGE('',*,*,#9590,.T.);
#9671 = ORIENTED_EDGE('',*,*,#9672,.F.);
#9672 = EDGE_CURVE('',#9646,#9591,#9673,.T.);
#9673 = LINE('',#9674,#9675);
#9674 = CARTESIAN_POINT('',(-0.32,-2.7,8.54));
#9675 = VECTOR('',#9676,1.);
#9676 = DIRECTION('',(1.,0.,0.));
#9677 = PLANE('',#9678);
#9678 = AXIS2_PLACEMENT_3D('',#9679,#9680,#9681);
#9679 = CARTESIAN_POINT('',(-0.32,-2.78,8.46));
#9680 = DIRECTION('',(-1.735167508357E-18,0.707106781187,-0.707106781187
    ));
#9681 = DIRECTION('',(-1.,-1.226948711654E-18,1.226948711654E-18));
#9682 = ADVANCED_FACE('',(#9683),#9708,.F.);
#9683 = FACE_BOUND('',#9684,.T.);
#9684 = EDGE_LOOP('',(#9685,#9693,#9694,#9702));
#9685 = ORIENTED_EDGE('',*,*,#9686,.F.);
#9686 = EDGE_CURVE('',#8544,#9687,#9689,.T.);
#9687 = VERTEX_POINT('',#9688);
#9688 = CARTESIAN_POINT('',(-0.16,-12.86,8.54));
#9689 = LINE('',#9690,#9691);
#9690 = CARTESIAN_POINT('',(-0.266666666667,-12.96666666666,
    8.433333333333));
#9691 = VECTOR('',#9692,1.);
#9692 = DIRECTION('',(0.57735026919,0.57735026919,0.57735026919));
#9693 = ORIENTED_EDGE('',*,*,#8551,.T.);
#9694 = ORIENTED_EDGE('',*,*,#9695,.T.);
#9695 = EDGE_CURVE('',#8535,#9696,#9698,.T.);
#9696 = VERTEX_POINT('',#9697);
#9697 = CARTESIAN_POINT('',(0.16,-12.86,8.54));
#9698 = LINE('',#9699,#9700);
#9699 = CARTESIAN_POINT('',(0.16,-12.86,8.54));
#9700 = VECTOR('',#9701,1.);
#9701 = DIRECTION('',(-0.57735026919,0.57735026919,0.57735026919));
#9702 = ORIENTED_EDGE('',*,*,#9703,.F.);
#9703 = EDGE_CURVE('',#9687,#9696,#9704,.T.);
#9704 = LINE('',#9705,#9706);
#9705 = CARTESIAN_POINT('',(-0.32,-12.86,8.54));
#9706 = VECTOR('',#9707,1.);
#9707 = DIRECTION('',(1.,0.,0.));
#9708 = PLANE('',#9709);
#9709 = AXIS2_PLACEMENT_3D('',#9710,#9711,#9712);
#9710 = CARTESIAN_POINT('',(-0.32,-12.94,8.46));
#9711 = DIRECTION('',(-1.735167508357E-18,0.707106781187,-0.707106781187
    ));
#9712 = DIRECTION('',(-1.,-1.226948711654E-18,1.226948711654E-18));
#9713 = ADVANCED_FACE('',(#9714),#9732,.T.);
#9714 = FACE_BOUND('',#9715,.T.);
#9715 = EDGE_LOOP('',(#9716,#9717,#9718,#9726));
#9716 = ORIENTED_EDGE('',*,*,#9695,.F.);
#9717 = ORIENTED_EDGE('',*,*,#8575,.T.);
#9718 = ORIENTED_EDGE('',*,*,#9719,.T.);
#9719 = EDGE_CURVE('',#8568,#9720,#9722,.T.);
#9720 = VERTEX_POINT('',#9721);
#9721 = CARTESIAN_POINT('',(0.16,-12.54,8.54));
#9722 = LINE('',#9723,#9724);
#9723 = CARTESIAN_POINT('',(5.333333333333E-02,-12.64666666666,
    8.646666666667));
#9724 = VECTOR('',#9725,1.);
#9725 = DIRECTION('',(-0.57735026919,-0.57735026919,0.57735026919));
#9726 = ORIENTED_EDGE('',*,*,#9727,.F.);
#9727 = EDGE_CURVE('',#9696,#9720,#9728,.T.);
#9728 = LINE('',#9729,#9730);
#9729 = CARTESIAN_POINT('',(0.16,-13.02,8.54));
#9730 = VECTOR('',#9731,1.);
#9731 = DIRECTION('',(0.,1.,0.));
#9732 = PLANE('',#9733);
#9733 = AXIS2_PLACEMENT_3D('',#9734,#9735,#9736);
#9734 = CARTESIAN_POINT('',(0.24,-13.02,8.46));
#9735 = DIRECTION('',(0.707106781187,-1.735167508357E-18,0.707106781187)
  );
#9736 = DIRECTION('',(1.226948711654E-18,1.,1.226948711654E-18));
#9737 = ADVANCED_FACE('',(#9738),#9756,.T.);
#9738 = FACE_BOUND('',#9739,.F.);
#9739 = EDGE_LOOP('',(#9740,#9748,#9749,#9750));
#9740 = ORIENTED_EDGE('',*,*,#9741,.F.);
#9741 = EDGE_CURVE('',#8592,#9742,#9744,.T.);
#9742 = VERTEX_POINT('',#9743);
#9743 = CARTESIAN_POINT('',(-0.16,-12.54,8.54));
#9744 = LINE('',#9745,#9746);
#9745 = CARTESIAN_POINT('',(-0.16,-12.54,8.54));
#9746 = VECTOR('',#9747,1.);
#9747 = DIRECTION('',(0.57735026919,-0.57735026919,0.57735026919));
#9748 = ORIENTED_EDGE('',*,*,#8599,.T.);
#9749 = ORIENTED_EDGE('',*,*,#9719,.T.);
#9750 = ORIENTED_EDGE('',*,*,#9751,.F.);
#9751 = EDGE_CURVE('',#9742,#9720,#9752,.T.);
#9752 = LINE('',#9753,#9754);
#9753 = CARTESIAN_POINT('',(-0.32,-12.54,8.54));
#9754 = VECTOR('',#9755,1.);
#9755 = DIRECTION('',(1.,0.,0.));
#9756 = PLANE('',#9757);
#9757 = AXIS2_PLACEMENT_3D('',#9758,#9759,#9760);
#9758 = CARTESIAN_POINT('',(-0.32,-12.46,8.46));
#9759 = DIRECTION('',(1.735167508357E-18,0.707106781187,0.707106781187)
  );
#9760 = DIRECTION('',(-1.,1.226948711654E-18,1.226948711654E-18));
#9761 = ADVANCED_FACE('',(#9762),#9773,.F.);
#9762 = FACE_BOUND('',#9763,.F.);
#9763 = EDGE_LOOP('',(#9764,#9765,#9766,#9767));
#9764 = ORIENTED_EDGE('',*,*,#9686,.F.);
#9765 = ORIENTED_EDGE('',*,*,#8616,.T.);
#9766 = ORIENTED_EDGE('',*,*,#9741,.T.);
#9767 = ORIENTED_EDGE('',*,*,#9768,.F.);
#9768 = EDGE_CURVE('',#9687,#9742,#9769,.T.);
#9769 = LINE('',#9770,#9771);
#9770 = CARTESIAN_POINT('',(-0.16,-13.02,8.54));
#9771 = VECTOR('',#9772,1.);
#9772 = DIRECTION('',(0.,1.,0.));
#9773 = PLANE('',#9774);
#9774 = AXIS2_PLACEMENT_3D('',#9775,#9776,#9777);
#9775 = CARTESIAN_POINT('',(-0.24,-13.02,8.46));
#9776 = DIRECTION('',(0.707106781187,1.735167508357E-18,-0.707106781187)
  );
#9777 = DIRECTION('',(-1.226948711654E-18,1.,1.226948711654E-18));
#9778 = ADVANCED_FACE('',(#9779),#9804,.T.);
#9779 = FACE_BOUND('',#9780,.F.);
#9780 = EDGE_LOOP('',(#9781,#9789,#9790,#9798));
#9781 = ORIENTED_EDGE('',*,*,#9782,.F.);
#9782 = EDGE_CURVE('',#8640,#9783,#9785,.T.);
#9783 = VERTEX_POINT('',#9784);
#9784 = CARTESIAN_POINT('',(-0.16,-10.,8.54));
#9785 = LINE('',#9786,#9787);
#9786 = CARTESIAN_POINT('',(-0.16,-10.,8.54));
#9787 = VECTOR('',#9788,1.);
#9788 = DIRECTION('',(0.57735026919,-0.57735026919,0.57735026919));
#9789 = ORIENTED_EDGE('',*,*,#8647,.T.);
#9790 = ORIENTED_EDGE('',*,*,#9791,.T.);
#9791 = EDGE_CURVE('',#8631,#9792,#9794,.T.);
#9792 = VERTEX_POINT('',#9793);
#9793 = CARTESIAN_POINT('',(0.16,-10.,8.54));
#9794 = LINE('',#9795,#9796);
#9795 = CARTESIAN_POINT('',(5.333333333333E-02,-10.10666666666,
    8.646666666667));
#9796 = VECTOR('',#9797,1.);
#9797 = DIRECTION('',(-0.57735026919,-0.57735026919,0.57735026919));
#9798 = ORIENTED_EDGE('',*,*,#9799,.F.);
#9799 = EDGE_CURVE('',#9783,#9792,#9800,.T.);
#9800 = LINE('',#9801,#9802);
#9801 = CARTESIAN_POINT('',(-0.32,-10.,8.54));
#9802 = VECTOR('',#9803,1.);
#9803 = DIRECTION('',(1.,0.,0.));
#9804 = PLANE('',#9805);
#9805 = AXIS2_PLACEMENT_3D('',#9806,#9807,#9808);
#9806 = CARTESIAN_POINT('',(-0.32,-9.92,8.46));
#9807 = DIRECTION('',(1.735167508357E-18,0.707106781187,0.707106781187)
  );
#9808 = DIRECTION('',(-1.,1.226948711654E-18,1.226948711654E-18));
#9809 = ADVANCED_FACE('',(#9810),#9828,.F.);
#9810 = FACE_BOUND('',#9811,.F.);
#9811 = EDGE_LOOP('',(#9812,#9820,#9821,#9822));
#9812 = ORIENTED_EDGE('',*,*,#9813,.F.);
#9813 = EDGE_CURVE('',#8662,#9814,#9816,.T.);
#9814 = VERTEX_POINT('',#9815);
#9815 = CARTESIAN_POINT('',(-0.16,-10.32,8.54));
#9816 = LINE('',#9817,#9818);
#9817 = CARTESIAN_POINT('',(-0.266666666667,-10.42666666666,
    8.433333333333));
#9818 = VECTOR('',#9819,1.);
#9819 = DIRECTION('',(0.57735026919,0.57735026919,0.57735026919));
#9820 = ORIENTED_EDGE('',*,*,#8671,.T.);
#9821 = ORIENTED_EDGE('',*,*,#9782,.T.);
#9822 = ORIENTED_EDGE('',*,*,#9823,.F.);
#9823 = EDGE_CURVE('',#9814,#9783,#9824,.T.);
#9824 = LINE('',#9825,#9826);
#9825 = CARTESIAN_POINT('',(-0.16,-10.48,8.54));
#9826 = VECTOR('',#9827,1.);
#9827 = DIRECTION('',(0.,1.,0.));
#9828 = PLANE('',#9829);
#9829 = AXIS2_PLACEMENT_3D('',#9830,#9831,#9832);
#9830 = CARTESIAN_POINT('',(-0.24,-10.48,8.46));
#9831 = DIRECTION('',(0.707106781187,1.735167508357E-18,-0.707106781187)
  );
#9832 = DIRECTION('',(-1.226948711654E-18,1.,1.226948711654E-18));
#9833 = ADVANCED_FACE('',(#9834),#9852,.F.);
#9834 = FACE_BOUND('',#9835,.T.);
#9835 = EDGE_LOOP('',(#9836,#9837,#9838,#9846));
#9836 = ORIENTED_EDGE('',*,*,#9813,.F.);
#9837 = ORIENTED_EDGE('',*,*,#8695,.T.);
#9838 = ORIENTED_EDGE('',*,*,#9839,.T.);
#9839 = EDGE_CURVE('',#8686,#9840,#9842,.T.);
#9840 = VERTEX_POINT('',#9841);
#9841 = CARTESIAN_POINT('',(0.16,-10.32,8.54));
#9842 = LINE('',#9843,#9844);
#9843 = CARTESIAN_POINT('',(0.16,-10.32,8.54));
#9844 = VECTOR('',#9845,1.);
#9845 = DIRECTION('',(-0.57735026919,0.57735026919,0.57735026919));
#9846 = ORIENTED_EDGE('',*,*,#9847,.F.);
#9847 = EDGE_CURVE('',#9814,#9840,#9848,.T.);
#9848 = LINE('',#9849,#9850);
#9849 = CARTESIAN_POINT('',(-0.32,-10.32,8.54));
#9850 = VECTOR('',#9851,1.);
#9851 = DIRECTION('',(1.,0.,0.));
#9852 = PLANE('',#9853);
#9853 = AXIS2_PLACEMENT_3D('',#9854,#9855,#9856);
#9854 = CARTESIAN_POINT('',(-0.32,-10.4,8.46));
#9855 = DIRECTION('',(-1.735167508357E-18,0.707106781187,-0.707106781187
    ));
#9856 = DIRECTION('',(-1.,-1.226948711654E-18,1.226948711654E-18));
#9857 = ADVANCED_FACE('',(#9858),#9869,.T.);
#9858 = FACE_BOUND('',#9859,.T.);
#9859 = EDGE_LOOP('',(#9860,#9861,#9862,#9863));
#9860 = ORIENTED_EDGE('',*,*,#9839,.F.);
#9861 = ORIENTED_EDGE('',*,*,#8712,.T.);
#9862 = ORIENTED_EDGE('',*,*,#9791,.T.);
#9863 = ORIENTED_EDGE('',*,*,#9864,.F.);
#9864 = EDGE_CURVE('',#9840,#9792,#9865,.T.);
#9865 = LINE('',#9866,#9867);
#9866 = CARTESIAN_POINT('',(0.16,-10.48,8.54));
#9867 = VECTOR('',#9868,1.);
#9868 = DIRECTION('',(0.,1.,0.));
#9869 = PLANE('',#9870);
#9870 = AXIS2_PLACEMENT_3D('',#9871,#9872,#9873);
#9871 = CARTESIAN_POINT('',(0.24,-10.48,8.46));
#9872 = DIRECTION('',(0.707106781187,-1.735167508357E-18,0.707106781187)
  );
#9873 = DIRECTION('',(1.226948711654E-18,1.,1.226948711654E-18));
#9874 = ADVANCED_FACE('',(#9875),#9900,.F.);
#9875 = FACE_BOUND('',#9876,.T.);
#9876 = EDGE_LOOP('',(#9877,#9885,#9886,#9894));
#9877 = ORIENTED_EDGE('',*,*,#9878,.F.);
#9878 = EDGE_CURVE('',#8736,#9879,#9881,.T.);
#9879 = VERTEX_POINT('',#9880);
#9880 = CARTESIAN_POINT('',(-0.16,-7.78,8.54));
#9881 = LINE('',#9882,#9883);
#9882 = CARTESIAN_POINT('',(-0.266666666667,-7.886666666667,
    8.433333333333));
#9883 = VECTOR('',#9884,1.);
#9884 = DIRECTION('',(0.57735026919,0.57735026919,0.57735026919));
#9885 = ORIENTED_EDGE('',*,*,#8743,.T.);
#9886 = ORIENTED_EDGE('',*,*,#9887,.T.);
#9887 = EDGE_CURVE('',#8727,#9888,#9890,.T.);
#9888 = VERTEX_POINT('',#9889);
#9889 = CARTESIAN_POINT('',(0.16,-7.78,8.54));
#9890 = LINE('',#9891,#9892);
#9891 = CARTESIAN_POINT('',(0.16,-7.78,8.54));
#9892 = VECTOR('',#9893,1.);
#9893 = DIRECTION('',(-0.57735026919,0.57735026919,0.57735026919));
#9894 = ORIENTED_EDGE('',*,*,#9895,.F.);
#9895 = EDGE_CURVE('',#9879,#9888,#9896,.T.);
#9896 = LINE('',#9897,#9898);
#9897 = CARTESIAN_POINT('',(-0.32,-7.78,8.54));
#9898 = VECTOR('',#9899,1.);
#9899 = DIRECTION('',(1.,0.,0.));
#9900 = PLANE('',#9901);
#9901 = AXIS2_PLACEMENT_3D('',#9902,#9903,#9904);
#9902 = CARTESIAN_POINT('',(-0.32,-7.86,8.46));
#9903 = DIRECTION('',(-1.735167508357E-18,0.707106781187,-0.707106781187
    ));
#9904 = DIRECTION('',(-1.,-1.226948711654E-18,1.226948711654E-18));
#9905 = ADVANCED_FACE('',(#9906),#9924,.T.);
#9906 = FACE_BOUND('',#9907,.T.);
#9907 = EDGE_LOOP('',(#9908,#9909,#9910,#9918));
#9908 = ORIENTED_EDGE('',*,*,#9887,.F.);
#9909 = ORIENTED_EDGE('',*,*,#8767,.T.);
#9910 = ORIENTED_EDGE('',*,*,#9911,.T.);
#9911 = EDGE_CURVE('',#8760,#9912,#9914,.T.);
#9912 = VERTEX_POINT('',#9913);
#9913 = CARTESIAN_POINT('',(0.16,-7.46,8.54));
#9914 = LINE('',#9915,#9916);
#9915 = CARTESIAN_POINT('',(5.333333333333E-02,-7.566666666667,
    8.646666666667));
#9916 = VECTOR('',#9917,1.);
#9917 = DIRECTION('',(-0.57735026919,-0.57735026919,0.57735026919));
#9918 = ORIENTED_EDGE('',*,*,#9919,.F.);
#9919 = EDGE_CURVE('',#9888,#9912,#9920,.T.);
#9920 = LINE('',#9921,#9922);
#9921 = CARTESIAN_POINT('',(0.16,-7.94,8.54));
#9922 = VECTOR('',#9923,1.);
#9923 = DIRECTION('',(0.,1.,0.));
#9924 = PLANE('',#9925);
#9925 = AXIS2_PLACEMENT_3D('',#9926,#9927,#9928);
#9926 = CARTESIAN_POINT('',(0.24,-7.94,8.46));
#9927 = DIRECTION('',(0.707106781187,-1.735167508357E-18,0.707106781187)
  );
#9928 = DIRECTION('',(1.226948711654E-18,1.,1.226948711654E-18));
#9929 = ADVANCED_FACE('',(#9930),#9948,.T.);
#9930 = FACE_BOUND('',#9931,.F.);
#9931 = EDGE_LOOP('',(#9932,#9940,#9941,#9942));
#9932 = ORIENTED_EDGE('',*,*,#9933,.F.);
#9933 = EDGE_CURVE('',#8784,#9934,#9936,.T.);
#9934 = VERTEX_POINT('',#9935);
#9935 = CARTESIAN_POINT('',(-0.16,-7.46,8.54));
#9936 = LINE('',#9937,#9938);
#9937 = CARTESIAN_POINT('',(-0.16,-7.46,8.54));
#9938 = VECTOR('',#9939,1.);
#9939 = DIRECTION('',(0.57735026919,-0.57735026919,0.57735026919));
#9940 = ORIENTED_EDGE('',*,*,#8791,.T.);
#9941 = ORIENTED_EDGE('',*,*,#9911,.T.);
#9942 = ORIENTED_EDGE('',*,*,#9943,.F.);
#9943 = EDGE_CURVE('',#9934,#9912,#9944,.T.);
#9944 = LINE('',#9945,#9946);
#9945 = CARTESIAN_POINT('',(-0.32,-7.46,8.54));
#9946 = VECTOR('',#9947,1.);
#9947 = DIRECTION('',(1.,0.,0.));
#9948 = PLANE('',#9949);
#9949 = AXIS2_PLACEMENT_3D('',#9950,#9951,#9952);
#9950 = CARTESIAN_POINT('',(-0.32,-7.38,8.46));
#9951 = DIRECTION('',(1.735167508357E-18,0.707106781187,0.707106781187)
  );
#9952 = DIRECTION('',(-1.,1.226948711654E-18,1.226948711654E-18));
#9953 = ADVANCED_FACE('',(#9954),#9965,.F.);
#9954 = FACE_BOUND('',#9955,.F.);
#9955 = EDGE_LOOP('',(#9956,#9957,#9958,#9959));
#9956 = ORIENTED_EDGE('',*,*,#9878,.F.);
#9957 = ORIENTED_EDGE('',*,*,#8808,.T.);
#9958 = ORIENTED_EDGE('',*,*,#9933,.T.);
#9959 = ORIENTED_EDGE('',*,*,#9960,.F.);
#9960 = EDGE_CURVE('',#9879,#9934,#9961,.T.);
#9961 = LINE('',#9962,#9963);
#9962 = CARTESIAN_POINT('',(-0.16,-7.94,8.54));
#9963 = VECTOR('',#9964,1.);
#9964 = DIRECTION('',(0.,1.,0.));
#9965 = PLANE('',#9966);
#9966 = AXIS2_PLACEMENT_3D('',#9967,#9968,#9969);
#9967 = CARTESIAN_POINT('',(-0.24,-7.94,8.46));
#9968 = DIRECTION('',(0.707106781187,1.735167508357E-18,-0.707106781187)
  );
#9969 = DIRECTION('',(-1.226948711654E-18,1.,1.226948711654E-18));
#9970 = ADVANCED_FACE('',(#9971),#9977,.F.);
#9971 = FACE_BOUND('',#9972,.F.);
#9972 = EDGE_LOOP('',(#9973,#9974,#9975,#9976));
#9973 = ORIENTED_EDGE('',*,*,#8863,.F.);
#9974 = ORIENTED_EDGE('',*,*,#8887,.F.);
#9975 = ORIENTED_EDGE('',*,*,#8904,.T.);
#9976 = ORIENTED_EDGE('',*,*,#8839,.T.);
#9977 = PLANE('',#9978);
#9978 = AXIS2_PLACEMENT_3D('',#9979,#9980,#9981);
#9979 = CARTESIAN_POINT('',(-0.32,-0.32,-3.));
#9980 = DIRECTION('',(0.,0.,1.));
#9981 = DIRECTION('',(1.,0.,-0.));
#9982 = ADVANCED_FACE('',(#9983),#9989,.F.);
#9983 = FACE_BOUND('',#9984,.F.);
#9984 = EDGE_LOOP('',(#9985,#9986,#9987,#9988));
#9985 = ORIENTED_EDGE('',*,*,#8959,.F.);
#9986 = ORIENTED_EDGE('',*,*,#8983,.F.);
#9987 = ORIENTED_EDGE('',*,*,#9000,.T.);
#9988 = ORIENTED_EDGE('',*,*,#8935,.T.);
#9989 = PLANE('',#9990);
#9990 = AXIS2_PLACEMENT_3D('',#9991,#9992,#9993);
#9991 = CARTESIAN_POINT('',(-0.32,-5.4,-3.));
#9992 = DIRECTION('',(0.,0.,1.));
#9993 = DIRECTION('',(1.,0.,-0.));
#9994 = ADVANCED_FACE('',(#9995),#10001,.F.);
#9995 = FACE_BOUND('',#9996,.F.);
#9996 = EDGE_LOOP('',(#9997,#9998,#9999,#10000));
#9997 = ORIENTED_EDGE('',*,*,#9055,.F.);
#9998 = ORIENTED_EDGE('',*,*,#9079,.F.);
#9999 = ORIENTED_EDGE('',*,*,#9096,.T.);
#10000 = ORIENTED_EDGE('',*,*,#9031,.T.);
#10001 = PLANE('',#10002);
#10002 = AXIS2_PLACEMENT_3D('',#10003,#10004,#10005);
#10003 = CARTESIAN_POINT('',(-0.32,-2.86,-3.));
#10004 = DIRECTION('',(0.,0.,1.));
#10005 = DIRECTION('',(1.,0.,-0.));
#10006 = ADVANCED_FACE('',(#10007),#10013,.F.);
#10007 = FACE_BOUND('',#10008,.F.);
#10008 = EDGE_LOOP('',(#10009,#10010,#10011,#10012));
#10009 = ORIENTED_EDGE('',*,*,#9175,.F.);
#10010 = ORIENTED_EDGE('',*,*,#9192,.F.);
#10011 = ORIENTED_EDGE('',*,*,#9127,.T.);
#10012 = ORIENTED_EDGE('',*,*,#9151,.T.);
#10013 = PLANE('',#10014);
#10014 = AXIS2_PLACEMENT_3D('',#10015,#10016,#10017);
#10015 = CARTESIAN_POINT('',(-0.32,-13.02,-3.));
#10016 = DIRECTION('',(0.,0.,1.));
#10017 = DIRECTION('',(1.,0.,-0.));
#10018 = ADVANCED_FACE('',(#10019),#10025,.F.);
#10019 = FACE_BOUND('',#10020,.F.);
#10020 = EDGE_LOOP('',(#10021,#10022,#10023,#10024));
#10021 = ORIENTED_EDGE('',*,*,#9223,.F.);
#10022 = ORIENTED_EDGE('',*,*,#9247,.F.);
#10023 = ORIENTED_EDGE('',*,*,#9271,.T.);
#10024 = ORIENTED_EDGE('',*,*,#9288,.T.);
#10025 = PLANE('',#10026);
#10026 = AXIS2_PLACEMENT_3D('',#10027,#10028,#10029);
#10027 = CARTESIAN_POINT('',(-0.32,-10.48,-3.));
#10028 = DIRECTION('',(0.,0.,1.));
#10029 = DIRECTION('',(1.,0.,-0.));
#10030 = ADVANCED_FACE('',(#10031),#10037,.F.);
#10031 = FACE_BOUND('',#10032,.F.);
#10032 = EDGE_LOOP('',(#10033,#10034,#10035,#10036));
#10033 = ORIENTED_EDGE('',*,*,#9367,.F.);
#10034 = ORIENTED_EDGE('',*,*,#9384,.F.);
#10035 = ORIENTED_EDGE('',*,*,#9319,.T.);
#10036 = ORIENTED_EDGE('',*,*,#9343,.T.);
#10037 = PLANE('',#10038);
#10038 = AXIS2_PLACEMENT_3D('',#10039,#10040,#10041);
#10039 = CARTESIAN_POINT('',(-0.32,-7.94,-3.));
#10040 = DIRECTION('',(0.,0.,1.));
#10041 = DIRECTION('',(1.,0.,-0.));
#10042 = ADVANCED_FACE('',(#10043),#10049,.T.);
#10043 = FACE_BOUND('',#10044,.T.);
#10044 = EDGE_LOOP('',(#10045,#10046,#10047,#10048));
#10045 = ORIENTED_EDGE('',*,*,#9415,.T.);
#10046 = ORIENTED_EDGE('',*,*,#9439,.F.);
#10047 = ORIENTED_EDGE('',*,*,#9463,.F.);
#10048 = ORIENTED_EDGE('',*,*,#9480,.T.);
#10049 = PLANE('',#10050);
#10050 = AXIS2_PLACEMENT_3D('',#10051,#10052,#10053);
#10051 = CARTESIAN_POINT('',(-0.32,-0.32,8.54));
#10052 = DIRECTION('',(0.,0.,1.));
#10053 = DIRECTION('',(1.,0.,-0.));
#10054 = ADVANCED_FACE('',(#10055),#10061,.T.);
#10055 = FACE_BOUND('',#10056,.T.);
#10056 = EDGE_LOOP('',(#10057,#10058,#10059,#10060));
#10057 = ORIENTED_EDGE('',*,*,#9511,.T.);
#10058 = ORIENTED_EDGE('',*,*,#9535,.F.);
#10059 = ORIENTED_EDGE('',*,*,#9559,.F.);
#10060 = ORIENTED_EDGE('',*,*,#9576,.T.);
#10061 = PLANE('',#10062);
#10062 = AXIS2_PLACEMENT_3D('',#10063,#10064,#10065);
#10063 = CARTESIAN_POINT('',(-0.32,-5.4,8.54));
#10064 = DIRECTION('',(0.,0.,1.));
#10065 = DIRECTION('',(1.,0.,-0.));
#10066 = ADVANCED_FACE('',(#10067),#10073,.T.);
#10067 = FACE_BOUND('',#10068,.T.);
#10068 = EDGE_LOOP('',(#10069,#10070,#10071,#10072));
#10069 = ORIENTED_EDGE('',*,*,#9607,.T.);
#10070 = ORIENTED_EDGE('',*,*,#9631,.F.);
#10071 = ORIENTED_EDGE('',*,*,#9655,.F.);
#10072 = ORIENTED_EDGE('',*,*,#9672,.T.);
#10073 = PLANE('',#10074);
#10074 = AXIS2_PLACEMENT_3D('',#10075,#10076,#10077);
#10075 = CARTESIAN_POINT('',(-0.32,-2.86,8.54));
#10076 = DIRECTION('',(0.,0.,1.));
#10077 = DIRECTION('',(1.,0.,-0.));
#10078 = ADVANCED_FACE('',(#10079),#10085,.T.);
#10079 = FACE_BOUND('',#10080,.T.);
#10080 = EDGE_LOOP('',(#10081,#10082,#10083,#10084));
#10081 = ORIENTED_EDGE('',*,*,#9727,.T.);
#10082 = ORIENTED_EDGE('',*,*,#9751,.F.);
#10083 = ORIENTED_EDGE('',*,*,#9768,.F.);
#10084 = ORIENTED_EDGE('',*,*,#9703,.T.);
#10085 = PLANE('',#10086);
#10086 = AXIS2_PLACEMENT_3D('',#10087,#10088,#10089);
#10087 = CARTESIAN_POINT('',(-0.32,-13.02,8.54));
#10088 = DIRECTION('',(0.,0.,1.));
#10089 = DIRECTION('',(1.,0.,-0.));
#10090 = ADVANCED_FACE('',(#10091),#10097,.T.);
#10091 = FACE_BOUND('',#10092,.T.);
#10092 = EDGE_LOOP('',(#10093,#10094,#10095,#10096));
#10093 = ORIENTED_EDGE('',*,*,#9864,.T.);
#10094 = ORIENTED_EDGE('',*,*,#9799,.F.);
#10095 = ORIENTED_EDGE('',*,*,#9823,.F.);
#10096 = ORIENTED_EDGE('',*,*,#9847,.T.);
#10097 = PLANE('',#10098);
#10098 = AXIS2_PLACEMENT_3D('',#10099,#10100,#10101);
#10099 = CARTESIAN_POINT('',(-0.32,-10.48,8.54));
#10100 = DIRECTION('',(0.,0.,1.));
#10101 = DIRECTION('',(1.,0.,-0.));
#10102 = ADVANCED_FACE('',(#10103),#10109,.T.);
#10103 = FACE_BOUND('',#10104,.T.);
#10104 = EDGE_LOOP('',(#10105,#10106,#10107,#10108));
#10105 = ORIENTED_EDGE('',*,*,#9919,.T.);
#10106 = ORIENTED_EDGE('',*,*,#9943,.F.);
#10107 = ORIENTED_EDGE('',*,*,#9960,.F.);
#10108 = ORIENTED_EDGE('',*,*,#9895,.T.);
#10109 = PLANE('',#10110);
#10110 = AXIS2_PLACEMENT_3D('',#10111,#10112,#10113);
#10111 = CARTESIAN_POINT('',(-0.32,-7.94,8.54));
#10112 = DIRECTION('',(0.,0.,1.));
#10113 = DIRECTION('',(1.,0.,-0.));
#10114 = ( GEOMETRIC_REPRESENTATION_CONTEXT(3) 
GLOBAL_UNCERTAINTY_ASSIGNED_CONTEXT((#10118)) 
GLOBAL_UNIT_ASSIGNED_CONTEXT((#10115,#10116,#10117)) 
REPRESENTATION_CONTEXT('Context #1',
  '3D Context with UNIT and UNCERTAINTY') );
#10115 = ( LENGTH_UNIT() NAMED_UNIT(*) SI_UNIT(.MILLI.,.METRE.) );
#10116 = ( NAMED_UNIT(*) PLANE_ANGLE_UNIT() SI_UNIT($,.RADIAN.) );
#10117 = ( NAMED_UNIT(*) SI_UNIT($,.STERADIAN.) SOLID_ANGLE_UNIT() );
#10118 = UNCERTAINTY_MEASURE_WITH_UNIT(LENGTH_MEASURE(1.E-07),#10115,
  'distance_accuracy_value','confusion accuracy');
#10119 = CONTEXT_DEPENDENT_SHAPE_REPRESENTATION(#10120,#10122);
#10120 = ( REPRESENTATION_RELATIONSHIP('','',#5985,#10) 
REPRESENTATION_RELATIONSHIP_WITH_TRANSFORMATION(#10121) 
SHAPE_REPRESENTATION_RELATIONSHIP() );
#10121 = ITEM_DEFINED_TRANSFORMATION('','',#11,#27);
#10122 = PRODUCT_DEFINITION_SHAPE('Placement','Placement of an item',
  #10123);
#10123 = NEXT_ASSEMBLY_USAGE_OCCURRENCE('4','J1','',#5,#5980,$);
#10124 = PRODUCT_RELATED_PRODUCT_CATEGORY('part',$,(#5982));
#10125 = CONTEXT_DEPENDENT_SHAPE_REPRESENTATION(#10126,#10128);
#10126 = ( REPRESENTATION_RELATIONSHIP('','',#5985,#10) 
REPRESENTATION_RELATIONSHIP_WITH_TRANSFORMATION(#10127) 
SHAPE_REPRESENTATION_RELATIONSHIP() );
#10127 = ITEM_DEFINED_TRANSFORMATION('','',#11,#31);
#10128 = PRODUCT_DEFINITION_SHAPE('Placement','Placement of an item',
  #10129);
#10129 = NEXT_ASSEMBLY_USAGE_OCCURRENCE('5','J2','',#5,#5980,$);
#10130 = SHAPE_DEFINITION_REPRESENTATION(#10131,#10137);
#10131 = PRODUCT_DEFINITION_SHAPE('','',#10132);
#10132 = PRODUCT_DEFINITION('design','',#10133,#10136);
#10133 = PRODUCT_DEFINITION_FORMATION('','',#10134);
#10134 = PRODUCT('OSCARPCB_PCB','OSCARPCB_PCB','',(#10135));
#10135 = PRODUCT_CONTEXT('',#2,'mechanical');
#10136 = PRODUCT_DEFINITION_CONTEXT('part definition',#2,'design');
#10137 = ADVANCED_BREP_SHAPE_REPRESENTATION('',(#11,#10138),#12511);
#10138 = MANIFOLD_SOLID_BREP('',#10139);
#10139 = CLOSED_SHELL('',(#10140,#10180,#10211,#10242,#10886,#11530,
    #11542,#11559,#11576,#11593,#11610,#11627,#11644,#11661,#11678,
    #11695,#11712,#11729,#11746,#11763,#11780,#11797,#11814,#11831,
    #11848,#11865,#11882,#11899,#11916,#11933,#11950,#11967,#11984,
    #12001,#12018,#12035,#12052,#12069,#12086,#12103,#12120,#12137,
    #12154,#12171,#12188,#12205,#12222,#12239,#12256,#12273,#12290,
    #12307,#12324,#12341,#12358,#12375,#12392,#12409,#12426,#12443,
    #12460,#12477,#12494));
#10140 = ADVANCED_FACE('',(#10141),#10175,.T.);
#10141 = FACE_BOUND('',#10142,.T.);
#10142 = EDGE_LOOP('',(#10143,#10153,#10161,#10169));
#10143 = ORIENTED_EDGE('',*,*,#10144,.T.);
#10144 = EDGE_CURVE('',#10145,#10147,#10149,.T.);
#10145 = VERTEX_POINT('',#10146);
#10146 = CARTESIAN_POINT('',(143.5,-141.5,0.));
#10147 = VERTEX_POINT('',#10148);
#10148 = CARTESIAN_POINT('',(143.5,-141.5,1.51));
#10149 = LINE('',#10150,#10151);
#10150 = CARTESIAN_POINT('',(143.5,-141.5,0.));
#10151 = VECTOR('',#10152,1.);
#10152 = DIRECTION('',(0.,0.,1.));
#10153 = ORIENTED_EDGE('',*,*,#10154,.T.);
#10154 = EDGE_CURVE('',#10147,#10155,#10157,.T.);
#10155 = VERTEX_POINT('',#10156);
#10156 = CARTESIAN_POINT('',(88.,-141.5,1.51));
#10157 = LINE('',#10158,#10159);
#10158 = CARTESIAN_POINT('',(143.5,-141.5,1.51));
#10159 = VECTOR('',#10160,1.);
#10160 = DIRECTION('',(-1.,0.,0.));
#10161 = ORIENTED_EDGE('',*,*,#10162,.F.);
#10162 = EDGE_CURVE('',#10163,#10155,#10165,.T.);
#10163 = VERTEX_POINT('',#10164);
#10164 = CARTESIAN_POINT('',(88.,-141.5,0.));
#10165 = LINE('',#10166,#10167);
#10166 = CARTESIAN_POINT('',(88.,-141.5,0.));
#10167 = VECTOR('',#10168,1.);
#10168 = DIRECTION('',(0.,0.,1.));
#10169 = ORIENTED_EDGE('',*,*,#10170,.F.);
#10170 = EDGE_CURVE('',#10145,#10163,#10171,.T.);
#10171 = LINE('',#10172,#10173);
#10172 = CARTESIAN_POINT('',(143.5,-141.5,0.));
#10173 = VECTOR('',#10174,1.);
#10174 = DIRECTION('',(-1.,0.,0.));
#10175 = PLANE('',#10176);
#10176 = AXIS2_PLACEMENT_3D('',#10177,#10178,#10179);
#10177 = CARTESIAN_POINT('',(143.5,-141.5,0.));
#10178 = DIRECTION('',(0.,-1.,0.));
#10179 = DIRECTION('',(-1.,0.,0.));
#10180 = ADVANCED_FACE('',(#10181),#10206,.T.);
#10181 = FACE_BOUND('',#10182,.T.);
#10182 = EDGE_LOOP('',(#10183,#10193,#10199,#10200));
#10183 = ORIENTED_EDGE('',*,*,#10184,.T.);
#10184 = EDGE_CURVE('',#10185,#10187,#10189,.T.);
#10185 = VERTEX_POINT('',#10186);
#10186 = CARTESIAN_POINT('',(143.5,-76.,0.));
#10187 = VERTEX_POINT('',#10188);
#10188 = CARTESIAN_POINT('',(143.5,-76.,1.51));
#10189 = LINE('',#10190,#10191);
#10190 = CARTESIAN_POINT('',(143.5,-76.,0.));
#10191 = VECTOR('',#10192,1.);
#10192 = DIRECTION('',(0.,0.,1.));
#10193 = ORIENTED_EDGE('',*,*,#10194,.T.);
#10194 = EDGE_CURVE('',#10187,#10147,#10195,.T.);
#10195 = LINE('',#10196,#10197);
#10196 = CARTESIAN_POINT('',(143.5,-76.,1.51));
#10197 = VECTOR('',#10198,1.);
#10198 = DIRECTION('',(0.,-1.,0.));
#10199 = ORIENTED_EDGE('',*,*,#10144,.F.);
#10200 = ORIENTED_EDGE('',*,*,#10201,.F.);
#10201 = EDGE_CURVE('',#10185,#10145,#10202,.T.);
#10202 = LINE('',#10203,#10204);
#10203 = CARTESIAN_POINT('',(143.5,-76.,0.));
#10204 = VECTOR('',#10205,1.);
#10205 = DIRECTION('',(0.,-1.,0.));
#10206 = PLANE('',#10207);
#10207 = AXIS2_PLACEMENT_3D('',#10208,#10209,#10210);
#10208 = CARTESIAN_POINT('',(143.5,-76.,0.));
#10209 = DIRECTION('',(1.,0.,-0.));
#10210 = DIRECTION('',(0.,-1.,0.));
#10211 = ADVANCED_FACE('',(#10212),#10237,.T.);
#10212 = FACE_BOUND('',#10213,.T.);
#10213 = EDGE_LOOP('',(#10214,#10215,#10223,#10231));
#10214 = ORIENTED_EDGE('',*,*,#10162,.T.);
#10215 = ORIENTED_EDGE('',*,*,#10216,.T.);
#10216 = EDGE_CURVE('',#10155,#10217,#10219,.T.);
#10217 = VERTEX_POINT('',#10218);
#10218 = CARTESIAN_POINT('',(88.,-76.,1.51));
#10219 = LINE('',#10220,#10221);
#10220 = CARTESIAN_POINT('',(88.,-141.5,1.51));
#10221 = VECTOR('',#10222,1.);
#10222 = DIRECTION('',(0.,1.,0.));
#10223 = ORIENTED_EDGE('',*,*,#10224,.F.);
#10224 = EDGE_CURVE('',#10225,#10217,#10227,.T.);
#10225 = VERTEX_POINT('',#10226);
#10226 = CARTESIAN_POINT('',(88.,-76.,0.));
#10227 = LINE('',#10228,#10229);
#10228 = CARTESIAN_POINT('',(88.,-76.,0.));
#10229 = VECTOR('',#10230,1.);
#10230 = DIRECTION('',(0.,0.,1.));
#10231 = ORIENTED_EDGE('',*,*,#10232,.F.);
#10232 = EDGE_CURVE('',#10163,#10225,#10233,.T.);
#10233 = LINE('',#10234,#10235);
#10234 = CARTESIAN_POINT('',(88.,-141.5,0.));
#10235 = VECTOR('',#10236,1.);
#10236 = DIRECTION('',(0.,1.,0.));
#10237 = PLANE('',#10238);
#10238 = AXIS2_PLACEMENT_3D('',#10239,#10240,#10241);
#10239 = CARTESIAN_POINT('',(88.,-141.5,0.));
#10240 = DIRECTION('',(-1.,0.,0.));
#10241 = DIRECTION('',(0.,1.,0.));
#10242 = ADVANCED_FACE('',(#10243,#10254,#10265,#10276,#10287,#10298,
    #10309,#10320,#10331,#10342,#10353,#10364,#10375,#10386,#10397,
    #10408,#10419,#10430,#10441,#10452,#10463,#10474,#10485,#10496,
    #10507,#10518,#10529,#10540,#10551,#10562,#10573,#10584,#10595,
    #10606,#10617,#10628,#10639,#10650,#10661,#10672,#10683,#10694,
    #10705,#10716,#10727,#10738,#10749,#10760,#10771,#10782,#10793,
    #10804,#10815,#10826,#10837,#10848,#10859,#10870),#10881,.F.);
#10243 = FACE_BOUND('',#10244,.F.);
#10244 = EDGE_LOOP('',(#10245,#10246,#10247,#10253));
#10245 = ORIENTED_EDGE('',*,*,#10170,.F.);
#10246 = ORIENTED_EDGE('',*,*,#10201,.F.);
#10247 = ORIENTED_EDGE('',*,*,#10248,.F.);
#10248 = EDGE_CURVE('',#10225,#10185,#10249,.T.);
#10249 = LINE('',#10250,#10251);
#10250 = CARTESIAN_POINT('',(88.,-76.,0.));
#10251 = VECTOR('',#10252,1.);
#10252 = DIRECTION('',(1.,0.,0.));
#10253 = ORIENTED_EDGE('',*,*,#10232,.F.);
#10254 = FACE_BOUND('',#10255,.F.);
#10255 = EDGE_LOOP('',(#10256));
#10256 = ORIENTED_EDGE('',*,*,#10257,.T.);
#10257 = EDGE_CURVE('',#10258,#10258,#10260,.T.);
#10258 = VERTEX_POINT('',#10259);
#10259 = CARTESIAN_POINT('',(103.1,-131.68,0.));
#10260 = CIRCLE('',#10261,0.4);
#10261 = AXIS2_PLACEMENT_3D('',#10262,#10263,#10264);
#10262 = CARTESIAN_POINT('',(103.1,-131.28,0.));
#10263 = DIRECTION('',(-0.,0.,-1.));
#10264 = DIRECTION('',(-0.,-1.,0.));
#10265 = FACE_BOUND('',#10266,.F.);
#10266 = EDGE_LOOP('',(#10267));
#10267 = ORIENTED_EDGE('',*,*,#10268,.T.);
#10268 = EDGE_CURVE('',#10269,#10269,#10271,.T.);
#10269 = VERTEX_POINT('',#10270);
#10270 = CARTESIAN_POINT('',(103.1,-129.14,0.));
#10271 = CIRCLE('',#10272,0.4);
#10272 = AXIS2_PLACEMENT_3D('',#10273,#10274,#10275);
#10273 = CARTESIAN_POINT('',(103.1,-128.74,0.));
#10274 = DIRECTION('',(-0.,0.,-1.));
#10275 = DIRECTION('',(-0.,-1.,0.));
#10276 = FACE_BOUND('',#10277,.F.);
#10277 = EDGE_LOOP('',(#10278));
#10278 = ORIENTED_EDGE('',*,*,#10279,.T.);
#10279 = EDGE_CURVE('',#10280,#10280,#10282,.T.);
#10280 = VERTEX_POINT('',#10281);
#10281 = CARTESIAN_POINT('',(103.1,-126.6,0.));
#10282 = CIRCLE('',#10283,0.4);
#10283 = AXIS2_PLACEMENT_3D('',#10284,#10285,#10286);
#10284 = CARTESIAN_POINT('',(103.1,-126.2,0.));
#10285 = DIRECTION('',(-0.,0.,-1.));
#10286 = DIRECTION('',(-0.,-1.,0.));
#10287 = FACE_BOUND('',#10288,.F.);
#10288 = EDGE_LOOP('',(#10289));
#10289 = ORIENTED_EDGE('',*,*,#10290,.T.);
#10290 = EDGE_CURVE('',#10291,#10291,#10293,.T.);
#10291 = VERTEX_POINT('',#10292);
#10292 = CARTESIAN_POINT('',(109.,-138.675,0.));
#10293 = CIRCLE('',#10294,0.4);
#10294 = AXIS2_PLACEMENT_3D('',#10295,#10296,#10297);
#10295 = CARTESIAN_POINT('',(109.,-138.275,0.));
#10296 = DIRECTION('',(-0.,0.,-1.));
#10297 = DIRECTION('',(-0.,-1.,0.));
#10298 = FACE_BOUND('',#10299,.F.);
#10299 = EDGE_LOOP('',(#10300));
#10300 = ORIENTED_EDGE('',*,*,#10301,.T.);
#10301 = EDGE_CURVE('',#10302,#10302,#10304,.T.);
#10302 = VERTEX_POINT('',#10303);
#10303 = CARTESIAN_POINT('',(109.,-136.135,0.));
#10304 = CIRCLE('',#10305,0.4);
#10305 = AXIS2_PLACEMENT_3D('',#10306,#10307,#10308);
#10306 = CARTESIAN_POINT('',(109.,-135.735,0.));
#10307 = DIRECTION('',(-0.,0.,-1.));
#10308 = DIRECTION('',(-0.,-1.,0.));
#10309 = FACE_BOUND('',#10310,.F.);
#10310 = EDGE_LOOP('',(#10311));
#10311 = ORIENTED_EDGE('',*,*,#10312,.T.);
#10312 = EDGE_CURVE('',#10313,#10313,#10315,.T.);
#10313 = VERTEX_POINT('',#10314);
#10314 = CARTESIAN_POINT('',(94.975,-122.425,0.));
#10315 = CIRCLE('',#10316,0.4);
#10316 = AXIS2_PLACEMENT_3D('',#10317,#10318,#10319);
#10317 = CARTESIAN_POINT('',(94.975,-122.025,0.));
#10318 = DIRECTION('',(-0.,0.,-1.));
#10319 = DIRECTION('',(-0.,-1.,0.));
#10320 = FACE_BOUND('',#10321,.F.);
#10321 = EDGE_LOOP('',(#10322));
#10322 = ORIENTED_EDGE('',*,*,#10323,.T.);
#10323 = EDGE_CURVE('',#10324,#10324,#10326,.T.);
#10324 = VERTEX_POINT('',#10325);
#10325 = CARTESIAN_POINT('',(94.975,-119.885,0.));
#10326 = CIRCLE('',#10327,0.4);
#10327 = AXIS2_PLACEMENT_3D('',#10328,#10329,#10330);
#10328 = CARTESIAN_POINT('',(94.975,-119.485,0.));
#10329 = DIRECTION('',(-0.,0.,-1.));
#10330 = DIRECTION('',(-0.,-1.,0.));
#10331 = FACE_BOUND('',#10332,.F.);
#10332 = EDGE_LOOP('',(#10333));
#10333 = ORIENTED_EDGE('',*,*,#10334,.T.);
#10334 = EDGE_CURVE('',#10335,#10335,#10337,.T.);
#10335 = VERTEX_POINT('',#10336);
#10336 = CARTESIAN_POINT('',(103.1,-124.06,0.));
#10337 = CIRCLE('',#10338,0.4);
#10338 = AXIS2_PLACEMENT_3D('',#10339,#10340,#10341);
#10339 = CARTESIAN_POINT('',(103.1,-123.66,0.));
#10340 = DIRECTION('',(-0.,0.,-1.));
#10341 = DIRECTION('',(-0.,-1.,0.));
#10342 = FACE_BOUND('',#10343,.F.);
#10343 = EDGE_LOOP('',(#10344));
#10344 = ORIENTED_EDGE('',*,*,#10345,.T.);
#10345 = EDGE_CURVE('',#10346,#10346,#10348,.T.);
#10346 = VERTEX_POINT('',#10347);
#10347 = CARTESIAN_POINT('',(103.1,-121.52,0.));
#10348 = CIRCLE('',#10349,0.4);
#10349 = AXIS2_PLACEMENT_3D('',#10350,#10351,#10352);
#10350 = CARTESIAN_POINT('',(103.1,-121.12,0.));
#10351 = DIRECTION('',(-0.,0.,-1.));
#10352 = DIRECTION('',(-0.,-1.,0.));
#10353 = FACE_BOUND('',#10354,.F.);
#10354 = EDGE_LOOP('',(#10355));
#10355 = ORIENTED_EDGE('',*,*,#10356,.T.);
#10356 = EDGE_CURVE('',#10357,#10357,#10359,.T.);
#10357 = VERTEX_POINT('',#10358);
#10358 = CARTESIAN_POINT('',(94.975,-117.345,0.));
#10359 = CIRCLE('',#10360,0.4);
#10360 = AXIS2_PLACEMENT_3D('',#10361,#10362,#10363);
#10361 = CARTESIAN_POINT('',(94.975,-116.945,0.));
#10362 = DIRECTION('',(-0.,0.,-1.));
#10363 = DIRECTION('',(-0.,-1.,0.));
#10364 = FACE_BOUND('',#10365,.F.);
#10365 = EDGE_LOOP('',(#10366));
#10366 = ORIENTED_EDGE('',*,*,#10367,.T.);
#10367 = EDGE_CURVE('',#10368,#10368,#10370,.T.);
#10368 = VERTEX_POINT('',#10369);
#10369 = CARTESIAN_POINT('',(103.1,-118.98,0.));
#10370 = CIRCLE('',#10371,0.4);
#10371 = AXIS2_PLACEMENT_3D('',#10372,#10373,#10374);
#10372 = CARTESIAN_POINT('',(103.1,-118.58,0.));
#10373 = DIRECTION('',(-0.,0.,-1.));
#10374 = DIRECTION('',(-0.,-1.,0.));
#10375 = FACE_BOUND('',#10376,.F.);
#10376 = EDGE_LOOP('',(#10377));
#10377 = ORIENTED_EDGE('',*,*,#10378,.T.);
#10378 = EDGE_CURVE('',#10379,#10379,#10381,.T.);
#10379 = VERTEX_POINT('',#10380);
#10380 = CARTESIAN_POINT('',(103.1,-116.44,0.));
#10381 = CIRCLE('',#10382,0.4);
#10382 = AXIS2_PLACEMENT_3D('',#10383,#10384,#10385);
#10383 = CARTESIAN_POINT('',(103.1,-116.04,0.));
#10384 = DIRECTION('',(-0.,0.,-1.));
#10385 = DIRECTION('',(-0.,-1.,0.));
#10386 = FACE_BOUND('',#10387,.F.);
#10387 = EDGE_LOOP('',(#10388));
#10388 = ORIENTED_EDGE('',*,*,#10389,.T.);
#10389 = EDGE_CURVE('',#10390,#10390,#10392,.T.);
#10390 = VERTEX_POINT('',#10391);
#10391 = CARTESIAN_POINT('',(103.1,-113.9,0.));
#10392 = CIRCLE('',#10393,0.4);
#10393 = AXIS2_PLACEMENT_3D('',#10394,#10395,#10396);
#10394 = CARTESIAN_POINT('',(103.1,-113.5,0.));
#10395 = DIRECTION('',(-0.,0.,-1.));
#10396 = DIRECTION('',(-0.,-1.,0.));
#10397 = FACE_BOUND('',#10398,.F.);
#10398 = EDGE_LOOP('',(#10399));
#10399 = ORIENTED_EDGE('',*,*,#10400,.T.);
#10400 = EDGE_CURVE('',#10401,#10401,#10403,.T.);
#10401 = VERTEX_POINT('',#10402);
#10402 = CARTESIAN_POINT('',(128.49632,-131.67728,0.));
#10403 = CIRCLE('',#10404,0.4);
#10404 = AXIS2_PLACEMENT_3D('',#10405,#10406,#10407);
#10405 = CARTESIAN_POINT('',(128.49632,-131.27728,0.));
#10406 = DIRECTION('',(-0.,0.,-1.));
#10407 = DIRECTION('',(-0.,-1.,0.));
#10408 = FACE_BOUND('',#10409,.F.);
#10409 = EDGE_LOOP('',(#10410));
#10410 = ORIENTED_EDGE('',*,*,#10411,.T.);
#10411 = EDGE_CURVE('',#10412,#10412,#10414,.T.);
#10412 = VERTEX_POINT('',#10413);
#10413 = CARTESIAN_POINT('',(128.49632,-129.13728,0.));
#10414 = CIRCLE('',#10415,0.4);
#10415 = AXIS2_PLACEMENT_3D('',#10416,#10417,#10418);
#10416 = CARTESIAN_POINT('',(128.49632,-128.73728,0.));
#10417 = DIRECTION('',(-0.,0.,-1.));
#10418 = DIRECTION('',(-0.,-1.,0.));
#10419 = FACE_BOUND('',#10420,.F.);
#10420 = EDGE_LOOP('',(#10421));
#10421 = ORIENTED_EDGE('',*,*,#10422,.T.);
#10422 = EDGE_CURVE('',#10423,#10423,#10425,.T.);
#10423 = VERTEX_POINT('',#10424);
#10424 = CARTESIAN_POINT('',(128.5,-126.6,0.));
#10425 = CIRCLE('',#10426,0.4);
#10426 = AXIS2_PLACEMENT_3D('',#10427,#10428,#10429);
#10427 = CARTESIAN_POINT('',(128.5,-126.2,0.));
#10428 = DIRECTION('',(-0.,0.,-1.));
#10429 = DIRECTION('',(-0.,-1.,0.));
#10430 = FACE_BOUND('',#10431,.F.);
#10431 = EDGE_LOOP('',(#10432));
#10432 = ORIENTED_EDGE('',*,*,#10433,.T.);
#10433 = EDGE_CURVE('',#10434,#10434,#10436,.T.);
#10434 = VERTEX_POINT('',#10435);
#10435 = CARTESIAN_POINT('',(136.025,-138.69,0.));
#10436 = CIRCLE('',#10437,0.4);
#10437 = AXIS2_PLACEMENT_3D('',#10438,#10439,#10440);
#10438 = CARTESIAN_POINT('',(136.025,-138.29,0.));
#10439 = DIRECTION('',(-0.,0.,-1.));
#10440 = DIRECTION('',(-0.,-1.,0.));
#10441 = FACE_BOUND('',#10442,.F.);
#10442 = EDGE_LOOP('',(#10443));
#10443 = ORIENTED_EDGE('',*,*,#10444,.T.);
#10444 = EDGE_CURVE('',#10445,#10445,#10447,.T.);
#10445 = VERTEX_POINT('',#10446);
#10446 = CARTESIAN_POINT('',(136.025,-136.15,0.));
#10447 = CIRCLE('',#10448,0.4);
#10448 = AXIS2_PLACEMENT_3D('',#10449,#10450,#10451);
#10449 = CARTESIAN_POINT('',(136.025,-135.75,0.));
#10450 = DIRECTION('',(-0.,0.,-1.));
#10451 = DIRECTION('',(-0.,-1.,0.));
#10452 = FACE_BOUND('',#10453,.F.);
#10453 = EDGE_LOOP('',(#10454));
#10454 = ORIENTED_EDGE('',*,*,#10455,.T.);
#10455 = EDGE_CURVE('',#10456,#10456,#10458,.T.);
#10456 = VERTEX_POINT('',#10457);
#10457 = CARTESIAN_POINT('',(128.5,-124.06,0.));
#10458 = CIRCLE('',#10459,0.4);
#10459 = AXIS2_PLACEMENT_3D('',#10460,#10461,#10462);
#10460 = CARTESIAN_POINT('',(128.5,-123.66,0.));
#10461 = DIRECTION('',(-0.,0.,-1.));
#10462 = DIRECTION('',(-0.,-1.,0.));
#10463 = FACE_BOUND('',#10464,.F.);
#10464 = EDGE_LOOP('',(#10465));
#10465 = ORIENTED_EDGE('',*,*,#10466,.T.);
#10466 = EDGE_CURVE('',#10467,#10467,#10469,.T.);
#10467 = VERTEX_POINT('',#10468);
#10468 = CARTESIAN_POINT('',(128.5,-121.52,0.));
#10469 = CIRCLE('',#10470,0.4);
#10470 = AXIS2_PLACEMENT_3D('',#10471,#10472,#10473);
#10471 = CARTESIAN_POINT('',(128.5,-121.12,0.));
#10472 = DIRECTION('',(-0.,0.,-1.));
#10473 = DIRECTION('',(-0.,-1.,0.));
#10474 = FACE_BOUND('',#10475,.F.);
#10475 = EDGE_LOOP('',(#10476));
#10476 = ORIENTED_EDGE('',*,*,#10477,.T.);
#10477 = EDGE_CURVE('',#10478,#10478,#10480,.T.);
#10478 = VERTEX_POINT('',#10479);
#10479 = CARTESIAN_POINT('',(128.5,-118.98,0.));
#10480 = CIRCLE('',#10481,0.4);
#10481 = AXIS2_PLACEMENT_3D('',#10482,#10483,#10484);
#10482 = CARTESIAN_POINT('',(128.5,-118.58,0.));
#10483 = DIRECTION('',(-0.,0.,-1.));
#10484 = DIRECTION('',(-0.,-1.,0.));
#10485 = FACE_BOUND('',#10486,.F.);
#10486 = EDGE_LOOP('',(#10487));
#10487 = ORIENTED_EDGE('',*,*,#10488,.T.);
#10488 = EDGE_CURVE('',#10489,#10489,#10491,.T.);
#10489 = VERTEX_POINT('',#10490);
#10490 = CARTESIAN_POINT('',(128.5,-116.44,0.));
#10491 = CIRCLE('',#10492,0.4);
#10492 = AXIS2_PLACEMENT_3D('',#10493,#10494,#10495);
#10493 = CARTESIAN_POINT('',(128.5,-116.04,0.));
#10494 = DIRECTION('',(-0.,0.,-1.));
#10495 = DIRECTION('',(-0.,-1.,0.));
#10496 = FACE_BOUND('',#10497,.F.);
#10497 = EDGE_LOOP('',(#10498));
#10498 = ORIENTED_EDGE('',*,*,#10499,.T.);
#10499 = EDGE_CURVE('',#10500,#10500,#10502,.T.);
#10500 = VERTEX_POINT('',#10501);
#10501 = CARTESIAN_POINT('',(128.5,-113.9,0.));
#10502 = CIRCLE('',#10503,0.4);
#10503 = AXIS2_PLACEMENT_3D('',#10504,#10505,#10506);
#10504 = CARTESIAN_POINT('',(128.5,-113.5,0.));
#10505 = DIRECTION('',(-0.,0.,-1.));
#10506 = DIRECTION('',(-0.,-1.,0.));
#10507 = FACE_BOUND('',#10508,.F.);
#10508 = EDGE_LOOP('',(#10509));
#10509 = ORIENTED_EDGE('',*,*,#10510,.T.);
#10510 = EDGE_CURVE('',#10511,#10511,#10513,.T.);
#10511 = VERTEX_POINT('',#10512);
#10512 = CARTESIAN_POINT('',(96.,-109.02,0.));
#10513 = CIRCLE('',#10514,0.4);
#10514 = AXIS2_PLACEMENT_3D('',#10515,#10516,#10517);
#10515 = CARTESIAN_POINT('',(96.,-108.62,0.));
#10516 = DIRECTION('',(-0.,0.,-1.));
#10517 = DIRECTION('',(-0.,-1.,0.));
#10518 = FACE_BOUND('',#10519,.F.);
#10519 = EDGE_LOOP('',(#10520));
#10520 = ORIENTED_EDGE('',*,*,#10521,.T.);
#10521 = EDGE_CURVE('',#10522,#10522,#10524,.T.);
#10522 = VERTEX_POINT('',#10523);
#10523 = CARTESIAN_POINT('',(96.,-106.48,0.));
#10524 = CIRCLE('',#10525,0.4);
#10525 = AXIS2_PLACEMENT_3D('',#10526,#10527,#10528);
#10526 = CARTESIAN_POINT('',(96.,-106.08,0.));
#10527 = DIRECTION('',(-0.,0.,-1.));
#10528 = DIRECTION('',(-0.,-1.,0.));
#10529 = FACE_BOUND('',#10530,.F.);
#10530 = EDGE_LOOP('',(#10531));
#10531 = ORIENTED_EDGE('',*,*,#10532,.T.);
#10532 = EDGE_CURVE('',#10533,#10533,#10535,.T.);
#10533 = VERTEX_POINT('',#10534);
#10534 = CARTESIAN_POINT('',(103.1,-111.36,0.));
#10535 = CIRCLE('',#10536,0.4);
#10536 = AXIS2_PLACEMENT_3D('',#10537,#10538,#10539);
#10537 = CARTESIAN_POINT('',(103.1,-110.96,0.));
#10538 = DIRECTION('',(-0.,0.,-1.));
#10539 = DIRECTION('',(-0.,-1.,0.));
#10540 = FACE_BOUND('',#10541,.F.);
#10541 = EDGE_LOOP('',(#10542));
#10542 = ORIENTED_EDGE('',*,*,#10543,.T.);
#10543 = EDGE_CURVE('',#10544,#10544,#10546,.T.);
#10544 = VERTEX_POINT('',#10545);
#10545 = CARTESIAN_POINT('',(103.1,-108.82,0.));
#10546 = CIRCLE('',#10547,0.4);
#10547 = AXIS2_PLACEMENT_3D('',#10548,#10549,#10550);
#10548 = CARTESIAN_POINT('',(103.1,-108.42,0.));
#10549 = DIRECTION('',(-0.,0.,-1.));
#10550 = DIRECTION('',(-0.,-1.,0.));
#10551 = FACE_BOUND('',#10552,.F.);
#10552 = EDGE_LOOP('',(#10553));
#10553 = ORIENTED_EDGE('',*,*,#10554,.T.);
#10554 = EDGE_CURVE('',#10555,#10555,#10557,.T.);
#10555 = VERTEX_POINT('',#10556);
#10556 = CARTESIAN_POINT('',(103.1,-106.28,0.));
#10557 = CIRCLE('',#10558,0.4);
#10558 = AXIS2_PLACEMENT_3D('',#10559,#10560,#10561);
#10559 = CARTESIAN_POINT('',(103.1,-105.88,0.));
#10560 = DIRECTION('',(-0.,0.,-1.));
#10561 = DIRECTION('',(-0.,-1.,0.));
#10562 = FACE_BOUND('',#10563,.F.);
#10563 = EDGE_LOOP('',(#10564));
#10564 = ORIENTED_EDGE('',*,*,#10565,.T.);
#10565 = EDGE_CURVE('',#10566,#10566,#10568,.T.);
#10566 = VERTEX_POINT('',#10567);
#10567 = CARTESIAN_POINT('',(96.,-103.94,0.));
#10568 = CIRCLE('',#10569,0.4);
#10569 = AXIS2_PLACEMENT_3D('',#10570,#10571,#10572);
#10570 = CARTESIAN_POINT('',(96.,-103.54,0.));
#10571 = DIRECTION('',(-0.,0.,-1.));
#10572 = DIRECTION('',(-0.,-1.,0.));
#10573 = FACE_BOUND('',#10574,.F.);
#10574 = EDGE_LOOP('',(#10575));
#10575 = ORIENTED_EDGE('',*,*,#10576,.T.);
#10576 = EDGE_CURVE('',#10577,#10577,#10579,.T.);
#10577 = VERTEX_POINT('',#10578);
#10578 = CARTESIAN_POINT('',(96.,-101.4,0.));
#10579 = CIRCLE('',#10580,0.4);
#10580 = AXIS2_PLACEMENT_3D('',#10581,#10582,#10583);
#10581 = CARTESIAN_POINT('',(96.,-101.,0.));
#10582 = DIRECTION('',(-0.,0.,-1.));
#10583 = DIRECTION('',(-0.,-1.,0.));
#10584 = FACE_BOUND('',#10585,.F.);
#10585 = EDGE_LOOP('',(#10586));
#10586 = ORIENTED_EDGE('',*,*,#10587,.T.);
#10587 = EDGE_CURVE('',#10588,#10588,#10590,.T.);
#10588 = VERTEX_POINT('',#10589);
#10589 = CARTESIAN_POINT('',(103.1,-103.74,0.));
#10590 = CIRCLE('',#10591,0.4);
#10591 = AXIS2_PLACEMENT_3D('',#10592,#10593,#10594);
#10592 = CARTESIAN_POINT('',(103.1,-103.34,0.));
#10593 = DIRECTION('',(-0.,0.,-1.));
#10594 = DIRECTION('',(-0.,-1.,0.));
#10595 = FACE_BOUND('',#10596,.F.);
#10596 = EDGE_LOOP('',(#10597));
#10597 = ORIENTED_EDGE('',*,*,#10598,.T.);
#10598 = EDGE_CURVE('',#10599,#10599,#10601,.T.);
#10599 = VERTEX_POINT('',#10600);
#10600 = CARTESIAN_POINT('',(103.1,-101.2,0.));
#10601 = CIRCLE('',#10602,0.4);
#10602 = AXIS2_PLACEMENT_3D('',#10603,#10604,#10605);
#10603 = CARTESIAN_POINT('',(103.1,-100.8,0.));
#10604 = DIRECTION('',(-0.,0.,-1.));
#10605 = DIRECTION('',(-0.,-1.,0.));
#10606 = FACE_BOUND('',#10607,.F.);
#10607 = EDGE_LOOP('',(#10608));
#10608 = ORIENTED_EDGE('',*,*,#10609,.T.);
#10609 = EDGE_CURVE('',#10610,#10610,#10612,.T.);
#10610 = VERTEX_POINT('',#10611);
#10611 = CARTESIAN_POINT('',(96.,-98.86,0.));
#10612 = CIRCLE('',#10613,0.4);
#10613 = AXIS2_PLACEMENT_3D('',#10614,#10615,#10616);
#10614 = CARTESIAN_POINT('',(96.,-98.46,0.));
#10615 = DIRECTION('',(-0.,0.,-1.));
#10616 = DIRECTION('',(-0.,-1.,0.));
#10617 = FACE_BOUND('',#10618,.F.);
#10618 = EDGE_LOOP('',(#10619));
#10619 = ORIENTED_EDGE('',*,*,#10620,.T.);
#10620 = EDGE_CURVE('',#10621,#10621,#10623,.T.);
#10621 = VERTEX_POINT('',#10622);
#10622 = CARTESIAN_POINT('',(96.,-96.32,0.));
#10623 = CIRCLE('',#10624,0.4);
#10624 = AXIS2_PLACEMENT_3D('',#10625,#10626,#10627);
#10625 = CARTESIAN_POINT('',(96.,-95.92,0.));
#10626 = DIRECTION('',(-0.,0.,-1.));
#10627 = DIRECTION('',(-0.,-1.,0.));
#10628 = FACE_BOUND('',#10629,.F.);
#10629 = EDGE_LOOP('',(#10630));
#10630 = ORIENTED_EDGE('',*,*,#10631,.T.);
#10631 = EDGE_CURVE('',#10632,#10632,#10634,.T.);
#10632 = VERTEX_POINT('',#10633);
#10633 = CARTESIAN_POINT('',(103.1,-98.66,0.));
#10634 = CIRCLE('',#10635,0.4);
#10635 = AXIS2_PLACEMENT_3D('',#10636,#10637,#10638);
#10636 = CARTESIAN_POINT('',(103.1,-98.26,0.));
#10637 = DIRECTION('',(-0.,0.,-1.));
#10638 = DIRECTION('',(-0.,-1.,0.));
#10639 = FACE_BOUND('',#10640,.F.);
#10640 = EDGE_LOOP('',(#10641));
#10641 = ORIENTED_EDGE('',*,*,#10642,.T.);
#10642 = EDGE_CURVE('',#10643,#10643,#10645,.T.);
#10643 = VERTEX_POINT('',#10644);
#10644 = CARTESIAN_POINT('',(103.1,-96.12,0.));
#10645 = CIRCLE('',#10646,0.4);
#10646 = AXIS2_PLACEMENT_3D('',#10647,#10648,#10649);
#10647 = CARTESIAN_POINT('',(103.1,-95.72,0.));
#10648 = DIRECTION('',(-0.,0.,-1.));
#10649 = DIRECTION('',(-0.,-1.,0.));
#10650 = FACE_BOUND('',#10651,.F.);
#10651 = EDGE_LOOP('',(#10652));
#10652 = ORIENTED_EDGE('',*,*,#10653,.T.);
#10653 = EDGE_CURVE('',#10654,#10654,#10656,.T.);
#10654 = VERTEX_POINT('',#10655);
#10655 = CARTESIAN_POINT('',(103.1,-93.58,0.));
#10656 = CIRCLE('',#10657,0.4);
#10657 = AXIS2_PLACEMENT_3D('',#10658,#10659,#10660);
#10658 = CARTESIAN_POINT('',(103.1,-93.18,0.));
#10659 = DIRECTION('',(-0.,0.,-1.));
#10660 = DIRECTION('',(-0.,-1.,0.));
#10661 = FACE_BOUND('',#10662,.F.);
#10662 = EDGE_LOOP('',(#10663));
#10663 = ORIENTED_EDGE('',*,*,#10664,.T.);
#10664 = EDGE_CURVE('',#10665,#10665,#10667,.T.);
#10665 = VERTEX_POINT('',#10666);
#10666 = CARTESIAN_POINT('',(103.1,-91.04,0.));
#10667 = CIRCLE('',#10668,0.4);
#10668 = AXIS2_PLACEMENT_3D('',#10669,#10670,#10671);
#10669 = CARTESIAN_POINT('',(103.1,-90.64,0.));
#10670 = DIRECTION('',(-0.,0.,-1.));
#10671 = DIRECTION('',(-0.,-1.,0.));
#10672 = FACE_BOUND('',#10673,.F.);
#10673 = EDGE_LOOP('',(#10674));
#10674 = ORIENTED_EDGE('',*,*,#10675,.T.);
#10675 = EDGE_CURVE('',#10676,#10676,#10678,.T.);
#10676 = VERTEX_POINT('',#10677);
#10677 = CARTESIAN_POINT('',(103.1,-88.5,0.));
#10678 = CIRCLE('',#10679,0.4);
#10679 = AXIS2_PLACEMENT_3D('',#10680,#10681,#10682);
#10680 = CARTESIAN_POINT('',(103.1,-88.1,0.));
#10681 = DIRECTION('',(-0.,0.,-1.));
#10682 = DIRECTION('',(-0.,-1.,0.));
#10683 = FACE_BOUND('',#10684,.F.);
#10684 = EDGE_LOOP('',(#10685));
#10685 = ORIENTED_EDGE('',*,*,#10686,.T.);
#10686 = EDGE_CURVE('',#10687,#10687,#10689,.T.);
#10687 = VERTEX_POINT('',#10688);
#10688 = CARTESIAN_POINT('',(103.1,-85.96,0.));
#10689 = CIRCLE('',#10690,0.4);
#10690 = AXIS2_PLACEMENT_3D('',#10691,#10692,#10693);
#10691 = CARTESIAN_POINT('',(103.1,-85.56,0.));
#10692 = DIRECTION('',(-0.,0.,-1.));
#10693 = DIRECTION('',(-0.,-1.,0.));
#10694 = FACE_BOUND('',#10695,.F.);
#10695 = EDGE_LOOP('',(#10696));
#10696 = ORIENTED_EDGE('',*,*,#10697,.T.);
#10697 = EDGE_CURVE('',#10698,#10698,#10700,.T.);
#10698 = VERTEX_POINT('',#10699);
#10699 = CARTESIAN_POINT('',(128.5,-111.36,0.));
#10700 = CIRCLE('',#10701,0.4);
#10701 = AXIS2_PLACEMENT_3D('',#10702,#10703,#10704);
#10702 = CARTESIAN_POINT('',(128.5,-110.96,0.));
#10703 = DIRECTION('',(-0.,0.,-1.));
#10704 = DIRECTION('',(-0.,-1.,0.));
#10705 = FACE_BOUND('',#10706,.F.);
#10706 = EDGE_LOOP('',(#10707));
#10707 = ORIENTED_EDGE('',*,*,#10708,.T.);
#10708 = EDGE_CURVE('',#10709,#10709,#10711,.T.);
#10709 = VERTEX_POINT('',#10710);
#10710 = CARTESIAN_POINT('',(128.5,-108.82,0.));
#10711 = CIRCLE('',#10712,0.4);
#10712 = AXIS2_PLACEMENT_3D('',#10713,#10714,#10715);
#10713 = CARTESIAN_POINT('',(128.5,-108.42,0.));
#10714 = DIRECTION('',(-0.,0.,-1.));
#10715 = DIRECTION('',(-0.,-1.,0.));
#10716 = FACE_BOUND('',#10717,.F.);
#10717 = EDGE_LOOP('',(#10718));
#10718 = ORIENTED_EDGE('',*,*,#10719,.T.);
#10719 = EDGE_CURVE('',#10720,#10720,#10722,.T.);
#10720 = VERTEX_POINT('',#10721);
#10721 = CARTESIAN_POINT('',(128.5,-106.28,0.));
#10722 = CIRCLE('',#10723,0.4);
#10723 = AXIS2_PLACEMENT_3D('',#10724,#10725,#10726);
#10724 = CARTESIAN_POINT('',(128.5,-105.88,0.));
#10725 = DIRECTION('',(-0.,0.,-1.));
#10726 = DIRECTION('',(-0.,-1.,0.));
#10727 = FACE_BOUND('',#10728,.F.);
#10728 = EDGE_LOOP('',(#10729));
#10729 = ORIENTED_EDGE('',*,*,#10730,.T.);
#10730 = EDGE_CURVE('',#10731,#10731,#10733,.T.);
#10731 = VERTEX_POINT('',#10732);
#10732 = CARTESIAN_POINT('',(128.5,-103.74,0.));
#10733 = CIRCLE('',#10734,0.4);
#10734 = AXIS2_PLACEMENT_3D('',#10735,#10736,#10737);
#10735 = CARTESIAN_POINT('',(128.5,-103.34,0.));
#10736 = DIRECTION('',(-0.,0.,-1.));
#10737 = DIRECTION('',(-0.,-1.,0.));
#10738 = FACE_BOUND('',#10739,.F.);
#10739 = EDGE_LOOP('',(#10740));
#10740 = ORIENTED_EDGE('',*,*,#10741,.T.);
#10741 = EDGE_CURVE('',#10742,#10742,#10744,.T.);
#10742 = VERTEX_POINT('',#10743);
#10743 = CARTESIAN_POINT('',(128.5,-101.2,0.));
#10744 = CIRCLE('',#10745,0.4);
#10745 = AXIS2_PLACEMENT_3D('',#10746,#10747,#10748);
#10746 = CARTESIAN_POINT('',(128.5,-100.8,0.));
#10747 = DIRECTION('',(-0.,0.,-1.));
#10748 = DIRECTION('',(-0.,-1.,0.));
#10749 = FACE_BOUND('',#10750,.F.);
#10750 = EDGE_LOOP('',(#10751));
#10751 = ORIENTED_EDGE('',*,*,#10752,.T.);
#10752 = EDGE_CURVE('',#10753,#10753,#10755,.T.);
#10753 = VERTEX_POINT('',#10754);
#10754 = CARTESIAN_POINT('',(139.5,-109.02,0.));
#10755 = CIRCLE('',#10756,0.4);
#10756 = AXIS2_PLACEMENT_3D('',#10757,#10758,#10759);
#10757 = CARTESIAN_POINT('',(139.5,-108.62,0.));
#10758 = DIRECTION('',(-0.,0.,-1.));
#10759 = DIRECTION('',(-0.,-1.,0.));
#10760 = FACE_BOUND('',#10761,.F.);
#10761 = EDGE_LOOP('',(#10762));
#10762 = ORIENTED_EDGE('',*,*,#10763,.T.);
#10763 = EDGE_CURVE('',#10764,#10764,#10766,.T.);
#10764 = VERTEX_POINT('',#10765);
#10765 = CARTESIAN_POINT('',(139.5,-106.48,0.));
#10766 = CIRCLE('',#10767,0.4);
#10767 = AXIS2_PLACEMENT_3D('',#10768,#10769,#10770);
#10768 = CARTESIAN_POINT('',(139.5,-106.08,0.));
#10769 = DIRECTION('',(-0.,0.,-1.));
#10770 = DIRECTION('',(-0.,-1.,0.));
#10771 = FACE_BOUND('',#10772,.F.);
#10772 = EDGE_LOOP('',(#10773));
#10773 = ORIENTED_EDGE('',*,*,#10774,.T.);
#10774 = EDGE_CURVE('',#10775,#10775,#10777,.T.);
#10775 = VERTEX_POINT('',#10776);
#10776 = CARTESIAN_POINT('',(139.5,-103.94,0.));
#10777 = CIRCLE('',#10778,0.4);
#10778 = AXIS2_PLACEMENT_3D('',#10779,#10780,#10781);
#10779 = CARTESIAN_POINT('',(139.5,-103.54,0.));
#10780 = DIRECTION('',(-0.,0.,-1.));
#10781 = DIRECTION('',(-0.,-1.,0.));
#10782 = FACE_BOUND('',#10783,.F.);
#10783 = EDGE_LOOP('',(#10784));
#10784 = ORIENTED_EDGE('',*,*,#10785,.T.);
#10785 = EDGE_CURVE('',#10786,#10786,#10788,.T.);
#10786 = VERTEX_POINT('',#10787);
#10787 = CARTESIAN_POINT('',(139.5,-101.4,0.));
#10788 = CIRCLE('',#10789,0.4);
#10789 = AXIS2_PLACEMENT_3D('',#10790,#10791,#10792);
#10790 = CARTESIAN_POINT('',(139.5,-101.,0.));
#10791 = DIRECTION('',(-0.,0.,-1.));
#10792 = DIRECTION('',(-0.,-1.,0.));
#10793 = FACE_BOUND('',#10794,.F.);
#10794 = EDGE_LOOP('',(#10795));
#10795 = ORIENTED_EDGE('',*,*,#10796,.T.);
#10796 = EDGE_CURVE('',#10797,#10797,#10799,.T.);
#10797 = VERTEX_POINT('',#10798);
#10798 = CARTESIAN_POINT('',(128.5,-98.66,0.));
#10799 = CIRCLE('',#10800,0.4);
#10800 = AXIS2_PLACEMENT_3D('',#10801,#10802,#10803);
#10801 = CARTESIAN_POINT('',(128.5,-98.26,0.));
#10802 = DIRECTION('',(-0.,0.,-1.));
#10803 = DIRECTION('',(-0.,-1.,0.));
#10804 = FACE_BOUND('',#10805,.F.);
#10805 = EDGE_LOOP('',(#10806));
#10806 = ORIENTED_EDGE('',*,*,#10807,.T.);
#10807 = EDGE_CURVE('',#10808,#10808,#10810,.T.);
#10808 = VERTEX_POINT('',#10809);
#10809 = CARTESIAN_POINT('',(128.5,-96.12,0.));
#10810 = CIRCLE('',#10811,0.4);
#10811 = AXIS2_PLACEMENT_3D('',#10812,#10813,#10814);
#10812 = CARTESIAN_POINT('',(128.5,-95.72,0.));
#10813 = DIRECTION('',(-0.,0.,-1.));
#10814 = DIRECTION('',(-0.,-1.,0.));
#10815 = FACE_BOUND('',#10816,.F.);
#10816 = EDGE_LOOP('',(#10817));
#10817 = ORIENTED_EDGE('',*,*,#10818,.T.);
#10818 = EDGE_CURVE('',#10819,#10819,#10821,.T.);
#10819 = VERTEX_POINT('',#10820);
#10820 = CARTESIAN_POINT('',(128.5,-93.58,0.));
#10821 = CIRCLE('',#10822,0.4);
#10822 = AXIS2_PLACEMENT_3D('',#10823,#10824,#10825);
#10823 = CARTESIAN_POINT('',(128.5,-93.18,0.));
#10824 = DIRECTION('',(-0.,0.,-1.));
#10825 = DIRECTION('',(-0.,-1.,0.));
#10826 = FACE_BOUND('',#10827,.F.);
#10827 = EDGE_LOOP('',(#10828));
#10828 = ORIENTED_EDGE('',*,*,#10829,.T.);
#10829 = EDGE_CURVE('',#10830,#10830,#10832,.T.);
#10830 = VERTEX_POINT('',#10831);
#10831 = CARTESIAN_POINT('',(128.5,-91.04,0.));
#10832 = CIRCLE('',#10833,0.4);
#10833 = AXIS2_PLACEMENT_3D('',#10834,#10835,#10836);
#10834 = CARTESIAN_POINT('',(128.5,-90.64,0.));
#10835 = DIRECTION('',(-0.,0.,-1.));
#10836 = DIRECTION('',(-0.,-1.,0.));
#10837 = FACE_BOUND('',#10838,.F.);
#10838 = EDGE_LOOP('',(#10839));
#10839 = ORIENTED_EDGE('',*,*,#10840,.T.);
#10840 = EDGE_CURVE('',#10841,#10841,#10843,.T.);
#10841 = VERTEX_POINT('',#10842);
#10842 = CARTESIAN_POINT('',(128.5,-88.5,0.));
#10843 = CIRCLE('',#10844,0.4);
#10844 = AXIS2_PLACEMENT_3D('',#10845,#10846,#10847);
#10845 = CARTESIAN_POINT('',(128.5,-88.1,0.));
#10846 = DIRECTION('',(-0.,0.,-1.));
#10847 = DIRECTION('',(-0.,-1.,0.));
#10848 = FACE_BOUND('',#10849,.F.);
#10849 = EDGE_LOOP('',(#10850));
#10850 = ORIENTED_EDGE('',*,*,#10851,.T.);
#10851 = EDGE_CURVE('',#10852,#10852,#10854,.T.);
#10852 = VERTEX_POINT('',#10853);
#10853 = CARTESIAN_POINT('',(128.5,-85.96,0.));
#10854 = CIRCLE('',#10855,0.4);
#10855 = AXIS2_PLACEMENT_3D('',#10856,#10857,#10858);
#10856 = CARTESIAN_POINT('',(128.5,-85.56,0.));
#10857 = DIRECTION('',(-0.,0.,-1.));
#10858 = DIRECTION('',(-0.,-1.,0.));
#10859 = FACE_BOUND('',#10860,.F.);
#10860 = EDGE_LOOP('',(#10861));
#10861 = ORIENTED_EDGE('',*,*,#10862,.T.);
#10862 = EDGE_CURVE('',#10863,#10863,#10865,.T.);
#10863 = VERTEX_POINT('',#10864);
#10864 = CARTESIAN_POINT('',(139.5,-98.86,0.));
#10865 = CIRCLE('',#10866,0.4);
#10866 = AXIS2_PLACEMENT_3D('',#10867,#10868,#10869);
#10867 = CARTESIAN_POINT('',(139.5,-98.46,0.));
#10868 = DIRECTION('',(-0.,0.,-1.));
#10869 = DIRECTION('',(-0.,-1.,0.));
#10870 = FACE_BOUND('',#10871,.F.);
#10871 = EDGE_LOOP('',(#10872));
#10872 = ORIENTED_EDGE('',*,*,#10873,.T.);
#10873 = EDGE_CURVE('',#10874,#10874,#10876,.T.);
#10874 = VERTEX_POINT('',#10875);
#10875 = CARTESIAN_POINT('',(139.5,-96.32,0.));
#10876 = CIRCLE('',#10877,0.4);
#10877 = AXIS2_PLACEMENT_3D('',#10878,#10879,#10880);
#10878 = CARTESIAN_POINT('',(139.5,-95.92,0.));
#10879 = DIRECTION('',(-0.,0.,-1.));
#10880 = DIRECTION('',(-0.,-1.,0.));
#10881 = PLANE('',#10882);
#10882 = AXIS2_PLACEMENT_3D('',#10883,#10884,#10885);
#10883 = CARTESIAN_POINT('',(0.,0.,0.));
#10884 = DIRECTION('',(0.,0.,1.));
#10885 = DIRECTION('',(1.,0.,-0.));
#10886 = ADVANCED_FACE('',(#10887,#10898,#10909,#10920,#10931,#10942,
    #10953,#10964,#10975,#10986,#10997,#11008,#11019,#11030,#11041,
    #11052,#11063,#11074,#11085,#11096,#11107,#11118,#11129,#11140,
    #11151,#11162,#11173,#11184,#11195,#11206,#11217,#11228,#11239,
    #11250,#11261,#11272,#11283,#11294,#11305,#11316,#11327,#11338,
    #11349,#11360,#11371,#11382,#11393,#11404,#11415,#11426,#11437,
    #11448,#11459,#11470,#11481,#11492,#11503,#11514),#11525,.T.);
#10887 = FACE_BOUND('',#10888,.T.);
#10888 = EDGE_LOOP('',(#10889,#10890,#10891,#10897));
#10889 = ORIENTED_EDGE('',*,*,#10154,.F.);
#10890 = ORIENTED_EDGE('',*,*,#10194,.F.);
#10891 = ORIENTED_EDGE('',*,*,#10892,.F.);
#10892 = EDGE_CURVE('',#10217,#10187,#10893,.T.);
#10893 = LINE('',#10894,#10895);
#10894 = CARTESIAN_POINT('',(88.,-76.,1.51));
#10895 = VECTOR('',#10896,1.);
#10896 = DIRECTION('',(1.,0.,0.));
#10897 = ORIENTED_EDGE('',*,*,#10216,.F.);
#10898 = FACE_BOUND('',#10899,.T.);
#10899 = EDGE_LOOP('',(#10900));
#10900 = ORIENTED_EDGE('',*,*,#10901,.T.);
#10901 = EDGE_CURVE('',#10902,#10902,#10904,.T.);
#10902 = VERTEX_POINT('',#10903);
#10903 = CARTESIAN_POINT('',(103.1,-131.68,1.51));
#10904 = CIRCLE('',#10905,0.4);
#10905 = AXIS2_PLACEMENT_3D('',#10906,#10907,#10908);
#10906 = CARTESIAN_POINT('',(103.1,-131.28,1.51));
#10907 = DIRECTION('',(-0.,0.,-1.));
#10908 = DIRECTION('',(-0.,-1.,0.));
#10909 = FACE_BOUND('',#10910,.T.);
#10910 = EDGE_LOOP('',(#10911));
#10911 = ORIENTED_EDGE('',*,*,#10912,.T.);
#10912 = EDGE_CURVE('',#10913,#10913,#10915,.T.);
#10913 = VERTEX_POINT('',#10914);
#10914 = CARTESIAN_POINT('',(103.1,-129.14,1.51));
#10915 = CIRCLE('',#10916,0.4);
#10916 = AXIS2_PLACEMENT_3D('',#10917,#10918,#10919);
#10917 = CARTESIAN_POINT('',(103.1,-128.74,1.51));
#10918 = DIRECTION('',(-0.,0.,-1.));
#10919 = DIRECTION('',(-0.,-1.,0.));
#10920 = FACE_BOUND('',#10921,.T.);
#10921 = EDGE_LOOP('',(#10922));
#10922 = ORIENTED_EDGE('',*,*,#10923,.T.);
#10923 = EDGE_CURVE('',#10924,#10924,#10926,.T.);
#10924 = VERTEX_POINT('',#10925);
#10925 = CARTESIAN_POINT('',(103.1,-126.6,1.51));
#10926 = CIRCLE('',#10927,0.4);
#10927 = AXIS2_PLACEMENT_3D('',#10928,#10929,#10930);
#10928 = CARTESIAN_POINT('',(103.1,-126.2,1.51));
#10929 = DIRECTION('',(-0.,0.,-1.));
#10930 = DIRECTION('',(-0.,-1.,0.));
#10931 = FACE_BOUND('',#10932,.T.);
#10932 = EDGE_LOOP('',(#10933));
#10933 = ORIENTED_EDGE('',*,*,#10934,.T.);
#10934 = EDGE_CURVE('',#10935,#10935,#10937,.T.);
#10935 = VERTEX_POINT('',#10936);
#10936 = CARTESIAN_POINT('',(109.,-138.675,1.51));
#10937 = CIRCLE('',#10938,0.4);
#10938 = AXIS2_PLACEMENT_3D('',#10939,#10940,#10941);
#10939 = CARTESIAN_POINT('',(109.,-138.275,1.51));
#10940 = DIRECTION('',(-0.,0.,-1.));
#10941 = DIRECTION('',(-0.,-1.,0.));
#10942 = FACE_BOUND('',#10943,.T.);
#10943 = EDGE_LOOP('',(#10944));
#10944 = ORIENTED_EDGE('',*,*,#10945,.T.);
#10945 = EDGE_CURVE('',#10946,#10946,#10948,.T.);
#10946 = VERTEX_POINT('',#10947);
#10947 = CARTESIAN_POINT('',(109.,-136.135,1.51));
#10948 = CIRCLE('',#10949,0.4);
#10949 = AXIS2_PLACEMENT_3D('',#10950,#10951,#10952);
#10950 = CARTESIAN_POINT('',(109.,-135.735,1.51));
#10951 = DIRECTION('',(-0.,0.,-1.));
#10952 = DIRECTION('',(-0.,-1.,0.));
#10953 = FACE_BOUND('',#10954,.T.);
#10954 = EDGE_LOOP('',(#10955));
#10955 = ORIENTED_EDGE('',*,*,#10956,.T.);
#10956 = EDGE_CURVE('',#10957,#10957,#10959,.T.);
#10957 = VERTEX_POINT('',#10958);
#10958 = CARTESIAN_POINT('',(94.975,-122.425,1.51));
#10959 = CIRCLE('',#10960,0.4);
#10960 = AXIS2_PLACEMENT_3D('',#10961,#10962,#10963);
#10961 = CARTESIAN_POINT('',(94.975,-122.025,1.51));
#10962 = DIRECTION('',(-0.,0.,-1.));
#10963 = DIRECTION('',(-0.,-1.,0.));
#10964 = FACE_BOUND('',#10965,.T.);
#10965 = EDGE_LOOP('',(#10966));
#10966 = ORIENTED_EDGE('',*,*,#10967,.T.);
#10967 = EDGE_CURVE('',#10968,#10968,#10970,.T.);
#10968 = VERTEX_POINT('',#10969);
#10969 = CARTESIAN_POINT('',(94.975,-119.885,1.51));
#10970 = CIRCLE('',#10971,0.4);
#10971 = AXIS2_PLACEMENT_3D('',#10972,#10973,#10974);
#10972 = CARTESIAN_POINT('',(94.975,-119.485,1.51));
#10973 = DIRECTION('',(-0.,0.,-1.));
#10974 = DIRECTION('',(-0.,-1.,0.));
#10975 = FACE_BOUND('',#10976,.T.);
#10976 = EDGE_LOOP('',(#10977));
#10977 = ORIENTED_EDGE('',*,*,#10978,.T.);
#10978 = EDGE_CURVE('',#10979,#10979,#10981,.T.);
#10979 = VERTEX_POINT('',#10980);
#10980 = CARTESIAN_POINT('',(103.1,-124.06,1.51));
#10981 = CIRCLE('',#10982,0.4);
#10982 = AXIS2_PLACEMENT_3D('',#10983,#10984,#10985);
#10983 = CARTESIAN_POINT('',(103.1,-123.66,1.51));
#10984 = DIRECTION('',(-0.,0.,-1.));
#10985 = DIRECTION('',(-0.,-1.,0.));
#10986 = FACE_BOUND('',#10987,.T.);
#10987 = EDGE_LOOP('',(#10988));
#10988 = ORIENTED_EDGE('',*,*,#10989,.T.);
#10989 = EDGE_CURVE('',#10990,#10990,#10992,.T.);
#10990 = VERTEX_POINT('',#10991);
#10991 = CARTESIAN_POINT('',(103.1,-121.52,1.51));
#10992 = CIRCLE('',#10993,0.4);
#10993 = AXIS2_PLACEMENT_3D('',#10994,#10995,#10996);
#10994 = CARTESIAN_POINT('',(103.1,-121.12,1.51));
#10995 = DIRECTION('',(-0.,0.,-1.));
#10996 = DIRECTION('',(-0.,-1.,0.));
#10997 = FACE_BOUND('',#10998,.T.);
#10998 = EDGE_LOOP('',(#10999));
#10999 = ORIENTED_EDGE('',*,*,#11000,.T.);
#11000 = EDGE_CURVE('',#11001,#11001,#11003,.T.);
#11001 = VERTEX_POINT('',#11002);
#11002 = CARTESIAN_POINT('',(94.975,-117.345,1.51));
#11003 = CIRCLE('',#11004,0.4);
#11004 = AXIS2_PLACEMENT_3D('',#11005,#11006,#11007);
#11005 = CARTESIAN_POINT('',(94.975,-116.945,1.51));
#11006 = DIRECTION('',(-0.,0.,-1.));
#11007 = DIRECTION('',(-0.,-1.,0.));
#11008 = FACE_BOUND('',#11009,.T.);
#11009 = EDGE_LOOP('',(#11010));
#11010 = ORIENTED_EDGE('',*,*,#11011,.T.);
#11011 = EDGE_CURVE('',#11012,#11012,#11014,.T.);
#11012 = VERTEX_POINT('',#11013);
#11013 = CARTESIAN_POINT('',(103.1,-118.98,1.51));
#11014 = CIRCLE('',#11015,0.4);
#11015 = AXIS2_PLACEMENT_3D('',#11016,#11017,#11018);
#11016 = CARTESIAN_POINT('',(103.1,-118.58,1.51));
#11017 = DIRECTION('',(-0.,0.,-1.));
#11018 = DIRECTION('',(-0.,-1.,0.));
#11019 = FACE_BOUND('',#11020,.T.);
#11020 = EDGE_LOOP('',(#11021));
#11021 = ORIENTED_EDGE('',*,*,#11022,.T.);
#11022 = EDGE_CURVE('',#11023,#11023,#11025,.T.);
#11023 = VERTEX_POINT('',#11024);
#11024 = CARTESIAN_POINT('',(103.1,-116.44,1.51));
#11025 = CIRCLE('',#11026,0.4);
#11026 = AXIS2_PLACEMENT_3D('',#11027,#11028,#11029);
#11027 = CARTESIAN_POINT('',(103.1,-116.04,1.51));
#11028 = DIRECTION('',(-0.,0.,-1.));
#11029 = DIRECTION('',(-0.,-1.,0.));
#11030 = FACE_BOUND('',#11031,.T.);
#11031 = EDGE_LOOP('',(#11032));
#11032 = ORIENTED_EDGE('',*,*,#11033,.T.);
#11033 = EDGE_CURVE('',#11034,#11034,#11036,.T.);
#11034 = VERTEX_POINT('',#11035);
#11035 = CARTESIAN_POINT('',(103.1,-113.9,1.51));
#11036 = CIRCLE('',#11037,0.4);
#11037 = AXIS2_PLACEMENT_3D('',#11038,#11039,#11040);
#11038 = CARTESIAN_POINT('',(103.1,-113.5,1.51));
#11039 = DIRECTION('',(-0.,0.,-1.));
#11040 = DIRECTION('',(-0.,-1.,0.));
#11041 = FACE_BOUND('',#11042,.T.);
#11042 = EDGE_LOOP('',(#11043));
#11043 = ORIENTED_EDGE('',*,*,#11044,.T.);
#11044 = EDGE_CURVE('',#11045,#11045,#11047,.T.);
#11045 = VERTEX_POINT('',#11046);
#11046 = CARTESIAN_POINT('',(128.49632,-131.67728,1.51));
#11047 = CIRCLE('',#11048,0.4);
#11048 = AXIS2_PLACEMENT_3D('',#11049,#11050,#11051);
#11049 = CARTESIAN_POINT('',(128.49632,-131.27728,1.51));
#11050 = DIRECTION('',(-0.,0.,-1.));
#11051 = DIRECTION('',(-0.,-1.,0.));
#11052 = FACE_BOUND('',#11053,.T.);
#11053 = EDGE_LOOP('',(#11054));
#11054 = ORIENTED_EDGE('',*,*,#11055,.T.);
#11055 = EDGE_CURVE('',#11056,#11056,#11058,.T.);
#11056 = VERTEX_POINT('',#11057);
#11057 = CARTESIAN_POINT('',(128.49632,-129.13728,1.51));
#11058 = CIRCLE('',#11059,0.4);
#11059 = AXIS2_PLACEMENT_3D('',#11060,#11061,#11062);
#11060 = CARTESIAN_POINT('',(128.49632,-128.73728,1.51));
#11061 = DIRECTION('',(-0.,0.,-1.));
#11062 = DIRECTION('',(-0.,-1.,0.));
#11063 = FACE_BOUND('',#11064,.T.);
#11064 = EDGE_LOOP('',(#11065));
#11065 = ORIENTED_EDGE('',*,*,#11066,.T.);
#11066 = EDGE_CURVE('',#11067,#11067,#11069,.T.);
#11067 = VERTEX_POINT('',#11068);
#11068 = CARTESIAN_POINT('',(128.5,-126.6,1.51));
#11069 = CIRCLE('',#11070,0.4);
#11070 = AXIS2_PLACEMENT_3D('',#11071,#11072,#11073);
#11071 = CARTESIAN_POINT('',(128.5,-126.2,1.51));
#11072 = DIRECTION('',(-0.,0.,-1.));
#11073 = DIRECTION('',(-0.,-1.,0.));
#11074 = FACE_BOUND('',#11075,.T.);
#11075 = EDGE_LOOP('',(#11076));
#11076 = ORIENTED_EDGE('',*,*,#11077,.T.);
#11077 = EDGE_CURVE('',#11078,#11078,#11080,.T.);
#11078 = VERTEX_POINT('',#11079);
#11079 = CARTESIAN_POINT('',(136.025,-138.69,1.51));
#11080 = CIRCLE('',#11081,0.4);
#11081 = AXIS2_PLACEMENT_3D('',#11082,#11083,#11084);
#11082 = CARTESIAN_POINT('',(136.025,-138.29,1.51));
#11083 = DIRECTION('',(-0.,0.,-1.));
#11084 = DIRECTION('',(-0.,-1.,0.));
#11085 = FACE_BOUND('',#11086,.T.);
#11086 = EDGE_LOOP('',(#11087));
#11087 = ORIENTED_EDGE('',*,*,#11088,.T.);
#11088 = EDGE_CURVE('',#11089,#11089,#11091,.T.);
#11089 = VERTEX_POINT('',#11090);
#11090 = CARTESIAN_POINT('',(136.025,-136.15,1.51));
#11091 = CIRCLE('',#11092,0.4);
#11092 = AXIS2_PLACEMENT_3D('',#11093,#11094,#11095);
#11093 = CARTESIAN_POINT('',(136.025,-135.75,1.51));
#11094 = DIRECTION('',(-0.,0.,-1.));
#11095 = DIRECTION('',(-0.,-1.,0.));
#11096 = FACE_BOUND('',#11097,.T.);
#11097 = EDGE_LOOP('',(#11098));
#11098 = ORIENTED_EDGE('',*,*,#11099,.T.);
#11099 = EDGE_CURVE('',#11100,#11100,#11102,.T.);
#11100 = VERTEX_POINT('',#11101);
#11101 = CARTESIAN_POINT('',(128.5,-124.06,1.51));
#11102 = CIRCLE('',#11103,0.4);
#11103 = AXIS2_PLACEMENT_3D('',#11104,#11105,#11106);
#11104 = CARTESIAN_POINT('',(128.5,-123.66,1.51));
#11105 = DIRECTION('',(-0.,0.,-1.));
#11106 = DIRECTION('',(-0.,-1.,0.));
#11107 = FACE_BOUND('',#11108,.T.);
#11108 = EDGE_LOOP('',(#11109));
#11109 = ORIENTED_EDGE('',*,*,#11110,.T.);
#11110 = EDGE_CURVE('',#11111,#11111,#11113,.T.);
#11111 = VERTEX_POINT('',#11112);
#11112 = CARTESIAN_POINT('',(128.5,-121.52,1.51));
#11113 = CIRCLE('',#11114,0.4);
#11114 = AXIS2_PLACEMENT_3D('',#11115,#11116,#11117);
#11115 = CARTESIAN_POINT('',(128.5,-121.12,1.51));
#11116 = DIRECTION('',(-0.,0.,-1.));
#11117 = DIRECTION('',(-0.,-1.,0.));
#11118 = FACE_BOUND('',#11119,.T.);
#11119 = EDGE_LOOP('',(#11120));
#11120 = ORIENTED_EDGE('',*,*,#11121,.T.);
#11121 = EDGE_CURVE('',#11122,#11122,#11124,.T.);
#11122 = VERTEX_POINT('',#11123);
#11123 = CARTESIAN_POINT('',(128.5,-118.98,1.51));
#11124 = CIRCLE('',#11125,0.4);
#11125 = AXIS2_PLACEMENT_3D('',#11126,#11127,#11128);
#11126 = CARTESIAN_POINT('',(128.5,-118.58,1.51));
#11127 = DIRECTION('',(-0.,0.,-1.));
#11128 = DIRECTION('',(-0.,-1.,0.));
#11129 = FACE_BOUND('',#11130,.T.);
#11130 = EDGE_LOOP('',(#11131));
#11131 = ORIENTED_EDGE('',*,*,#11132,.T.);
#11132 = EDGE_CURVE('',#11133,#11133,#11135,.T.);
#11133 = VERTEX_POINT('',#11134);
#11134 = CARTESIAN_POINT('',(128.5,-116.44,1.51));
#11135 = CIRCLE('',#11136,0.4);
#11136 = AXIS2_PLACEMENT_3D('',#11137,#11138,#11139);
#11137 = CARTESIAN_POINT('',(128.5,-116.04,1.51));
#11138 = DIRECTION('',(-0.,0.,-1.));
#11139 = DIRECTION('',(-0.,-1.,0.));
#11140 = FACE_BOUND('',#11141,.T.);
#11141 = EDGE_LOOP('',(#11142));
#11142 = ORIENTED_EDGE('',*,*,#11143,.T.);
#11143 = EDGE_CURVE('',#11144,#11144,#11146,.T.);
#11144 = VERTEX_POINT('',#11145);
#11145 = CARTESIAN_POINT('',(128.5,-113.9,1.51));
#11146 = CIRCLE('',#11147,0.4);
#11147 = AXIS2_PLACEMENT_3D('',#11148,#11149,#11150);
#11148 = CARTESIAN_POINT('',(128.5,-113.5,1.51));
#11149 = DIRECTION('',(-0.,0.,-1.));
#11150 = DIRECTION('',(-0.,-1.,0.));
#11151 = FACE_BOUND('',#11152,.T.);
#11152 = EDGE_LOOP('',(#11153));
#11153 = ORIENTED_EDGE('',*,*,#11154,.T.);
#11154 = EDGE_CURVE('',#11155,#11155,#11157,.T.);
#11155 = VERTEX_POINT('',#11156);
#11156 = CARTESIAN_POINT('',(96.,-109.02,1.51));
#11157 = CIRCLE('',#11158,0.4);
#11158 = AXIS2_PLACEMENT_3D('',#11159,#11160,#11161);
#11159 = CARTESIAN_POINT('',(96.,-108.62,1.51));
#11160 = DIRECTION('',(-0.,0.,-1.));
#11161 = DIRECTION('',(-0.,-1.,0.));
#11162 = FACE_BOUND('',#11163,.T.);
#11163 = EDGE_LOOP('',(#11164));
#11164 = ORIENTED_EDGE('',*,*,#11165,.T.);
#11165 = EDGE_CURVE('',#11166,#11166,#11168,.T.);
#11166 = VERTEX_POINT('',#11167);
#11167 = CARTESIAN_POINT('',(96.,-106.48,1.51));
#11168 = CIRCLE('',#11169,0.4);
#11169 = AXIS2_PLACEMENT_3D('',#11170,#11171,#11172);
#11170 = CARTESIAN_POINT('',(96.,-106.08,1.51));
#11171 = DIRECTION('',(-0.,0.,-1.));
#11172 = DIRECTION('',(-0.,-1.,0.));
#11173 = FACE_BOUND('',#11174,.T.);
#11174 = EDGE_LOOP('',(#11175));
#11175 = ORIENTED_EDGE('',*,*,#11176,.T.);
#11176 = EDGE_CURVE('',#11177,#11177,#11179,.T.);
#11177 = VERTEX_POINT('',#11178);
#11178 = CARTESIAN_POINT('',(103.1,-111.36,1.51));
#11179 = CIRCLE('',#11180,0.4);
#11180 = AXIS2_PLACEMENT_3D('',#11181,#11182,#11183);
#11181 = CARTESIAN_POINT('',(103.1,-110.96,1.51));
#11182 = DIRECTION('',(-0.,0.,-1.));
#11183 = DIRECTION('',(-0.,-1.,0.));
#11184 = FACE_BOUND('',#11185,.T.);
#11185 = EDGE_LOOP('',(#11186));
#11186 = ORIENTED_EDGE('',*,*,#11187,.T.);
#11187 = EDGE_CURVE('',#11188,#11188,#11190,.T.);
#11188 = VERTEX_POINT('',#11189);
#11189 = CARTESIAN_POINT('',(103.1,-108.82,1.51));
#11190 = CIRCLE('',#11191,0.4);
#11191 = AXIS2_PLACEMENT_3D('',#11192,#11193,#11194);
#11192 = CARTESIAN_POINT('',(103.1,-108.42,1.51));
#11193 = DIRECTION('',(-0.,0.,-1.));
#11194 = DIRECTION('',(-0.,-1.,0.));
#11195 = FACE_BOUND('',#11196,.T.);
#11196 = EDGE_LOOP('',(#11197));
#11197 = ORIENTED_EDGE('',*,*,#11198,.T.);
#11198 = EDGE_CURVE('',#11199,#11199,#11201,.T.);
#11199 = VERTEX_POINT('',#11200);
#11200 = CARTESIAN_POINT('',(103.1,-106.28,1.51));
#11201 = CIRCLE('',#11202,0.4);
#11202 = AXIS2_PLACEMENT_3D('',#11203,#11204,#11205);
#11203 = CARTESIAN_POINT('',(103.1,-105.88,1.51));
#11204 = DIRECTION('',(-0.,0.,-1.));
#11205 = DIRECTION('',(-0.,-1.,0.));
#11206 = FACE_BOUND('',#11207,.T.);
#11207 = EDGE_LOOP('',(#11208));
#11208 = ORIENTED_EDGE('',*,*,#11209,.T.);
#11209 = EDGE_CURVE('',#11210,#11210,#11212,.T.);
#11210 = VERTEX_POINT('',#11211);
#11211 = CARTESIAN_POINT('',(96.,-103.94,1.51));
#11212 = CIRCLE('',#11213,0.4);
#11213 = AXIS2_PLACEMENT_3D('',#11214,#11215,#11216);
#11214 = CARTESIAN_POINT('',(96.,-103.54,1.51));
#11215 = DIRECTION('',(-0.,0.,-1.));
#11216 = DIRECTION('',(-0.,-1.,0.));
#11217 = FACE_BOUND('',#11218,.T.);
#11218 = EDGE_LOOP('',(#11219));
#11219 = ORIENTED_EDGE('',*,*,#11220,.T.);
#11220 = EDGE_CURVE('',#11221,#11221,#11223,.T.);
#11221 = VERTEX_POINT('',#11222);
#11222 = CARTESIAN_POINT('',(96.,-101.4,1.51));
#11223 = CIRCLE('',#11224,0.4);
#11224 = AXIS2_PLACEMENT_3D('',#11225,#11226,#11227);
#11225 = CARTESIAN_POINT('',(96.,-101.,1.51));
#11226 = DIRECTION('',(-0.,0.,-1.));
#11227 = DIRECTION('',(-0.,-1.,0.));
#11228 = FACE_BOUND('',#11229,.T.);
#11229 = EDGE_LOOP('',(#11230));
#11230 = ORIENTED_EDGE('',*,*,#11231,.T.);
#11231 = EDGE_CURVE('',#11232,#11232,#11234,.T.);
#11232 = VERTEX_POINT('',#11233);
#11233 = CARTESIAN_POINT('',(103.1,-103.74,1.51));
#11234 = CIRCLE('',#11235,0.4);
#11235 = AXIS2_PLACEMENT_3D('',#11236,#11237,#11238);
#11236 = CARTESIAN_POINT('',(103.1,-103.34,1.51));
#11237 = DIRECTION('',(-0.,0.,-1.));
#11238 = DIRECTION('',(-0.,-1.,0.));
#11239 = FACE_BOUND('',#11240,.T.);
#11240 = EDGE_LOOP('',(#11241));
#11241 = ORIENTED_EDGE('',*,*,#11242,.T.);
#11242 = EDGE_CURVE('',#11243,#11243,#11245,.T.);
#11243 = VERTEX_POINT('',#11244);
#11244 = CARTESIAN_POINT('',(103.1,-101.2,1.51));
#11245 = CIRCLE('',#11246,0.4);
#11246 = AXIS2_PLACEMENT_3D('',#11247,#11248,#11249);
#11247 = CARTESIAN_POINT('',(103.1,-100.8,1.51));
#11248 = DIRECTION('',(-0.,0.,-1.));
#11249 = DIRECTION('',(-0.,-1.,0.));
#11250 = FACE_BOUND('',#11251,.T.);
#11251 = EDGE_LOOP('',(#11252));
#11252 = ORIENTED_EDGE('',*,*,#11253,.T.);
#11253 = EDGE_CURVE('',#11254,#11254,#11256,.T.);
#11254 = VERTEX_POINT('',#11255);
#11255 = CARTESIAN_POINT('',(96.,-98.86,1.51));
#11256 = CIRCLE('',#11257,0.4);
#11257 = AXIS2_PLACEMENT_3D('',#11258,#11259,#11260);
#11258 = CARTESIAN_POINT('',(96.,-98.46,1.51));
#11259 = DIRECTION('',(-0.,0.,-1.));
#11260 = DIRECTION('',(-0.,-1.,0.));
#11261 = FACE_BOUND('',#11262,.T.);
#11262 = EDGE_LOOP('',(#11263));
#11263 = ORIENTED_EDGE('',*,*,#11264,.T.);
#11264 = EDGE_CURVE('',#11265,#11265,#11267,.T.);
#11265 = VERTEX_POINT('',#11266);
#11266 = CARTESIAN_POINT('',(96.,-96.32,1.51));
#11267 = CIRCLE('',#11268,0.4);
#11268 = AXIS2_PLACEMENT_3D('',#11269,#11270,#11271);
#11269 = CARTESIAN_POINT('',(96.,-95.92,1.51));
#11270 = DIRECTION('',(-0.,0.,-1.));
#11271 = DIRECTION('',(-0.,-1.,0.));
#11272 = FACE_BOUND('',#11273,.T.);
#11273 = EDGE_LOOP('',(#11274));
#11274 = ORIENTED_EDGE('',*,*,#11275,.T.);
#11275 = EDGE_CURVE('',#11276,#11276,#11278,.T.);
#11276 = VERTEX_POINT('',#11277);
#11277 = CARTESIAN_POINT('',(103.1,-98.66,1.51));
#11278 = CIRCLE('',#11279,0.4);
#11279 = AXIS2_PLACEMENT_3D('',#11280,#11281,#11282);
#11280 = CARTESIAN_POINT('',(103.1,-98.26,1.51));
#11281 = DIRECTION('',(-0.,0.,-1.));
#11282 = DIRECTION('',(-0.,-1.,0.));
#11283 = FACE_BOUND('',#11284,.T.);
#11284 = EDGE_LOOP('',(#11285));
#11285 = ORIENTED_EDGE('',*,*,#11286,.T.);
#11286 = EDGE_CURVE('',#11287,#11287,#11289,.T.);
#11287 = VERTEX_POINT('',#11288);
#11288 = CARTESIAN_POINT('',(103.1,-96.12,1.51));
#11289 = CIRCLE('',#11290,0.4);
#11290 = AXIS2_PLACEMENT_3D('',#11291,#11292,#11293);
#11291 = CARTESIAN_POINT('',(103.1,-95.72,1.51));
#11292 = DIRECTION('',(-0.,0.,-1.));
#11293 = DIRECTION('',(-0.,-1.,0.));
#11294 = FACE_BOUND('',#11295,.T.);
#11295 = EDGE_LOOP('',(#11296));
#11296 = ORIENTED_EDGE('',*,*,#11297,.T.);
#11297 = EDGE_CURVE('',#11298,#11298,#11300,.T.);
#11298 = VERTEX_POINT('',#11299);
#11299 = CARTESIAN_POINT('',(103.1,-93.58,1.51));
#11300 = CIRCLE('',#11301,0.4);
#11301 = AXIS2_PLACEMENT_3D('',#11302,#11303,#11304);
#11302 = CARTESIAN_POINT('',(103.1,-93.18,1.51));
#11303 = DIRECTION('',(-0.,0.,-1.));
#11304 = DIRECTION('',(-0.,-1.,0.));
#11305 = FACE_BOUND('',#11306,.T.);
#11306 = EDGE_LOOP('',(#11307));
#11307 = ORIENTED_EDGE('',*,*,#11308,.T.);
#11308 = EDGE_CURVE('',#11309,#11309,#11311,.T.);
#11309 = VERTEX_POINT('',#11310);
#11310 = CARTESIAN_POINT('',(103.1,-91.04,1.51));
#11311 = CIRCLE('',#11312,0.4);
#11312 = AXIS2_PLACEMENT_3D('',#11313,#11314,#11315);
#11313 = CARTESIAN_POINT('',(103.1,-90.64,1.51));
#11314 = DIRECTION('',(-0.,0.,-1.));
#11315 = DIRECTION('',(-0.,-1.,0.));
#11316 = FACE_BOUND('',#11317,.T.);
#11317 = EDGE_LOOP('',(#11318));
#11318 = ORIENTED_EDGE('',*,*,#11319,.T.);
#11319 = EDGE_CURVE('',#11320,#11320,#11322,.T.);
#11320 = VERTEX_POINT('',#11321);
#11321 = CARTESIAN_POINT('',(103.1,-88.5,1.51));
#11322 = CIRCLE('',#11323,0.4);
#11323 = AXIS2_PLACEMENT_3D('',#11324,#11325,#11326);
#11324 = CARTESIAN_POINT('',(103.1,-88.1,1.51));
#11325 = DIRECTION('',(-0.,0.,-1.));
#11326 = DIRECTION('',(-0.,-1.,0.));
#11327 = FACE_BOUND('',#11328,.T.);
#11328 = EDGE_LOOP('',(#11329));
#11329 = ORIENTED_EDGE('',*,*,#11330,.T.);
#11330 = EDGE_CURVE('',#11331,#11331,#11333,.T.);
#11331 = VERTEX_POINT('',#11332);
#11332 = CARTESIAN_POINT('',(103.1,-85.96,1.51));
#11333 = CIRCLE('',#11334,0.4);
#11334 = AXIS2_PLACEMENT_3D('',#11335,#11336,#11337);
#11335 = CARTESIAN_POINT('',(103.1,-85.56,1.51));
#11336 = DIRECTION('',(-0.,0.,-1.));
#11337 = DIRECTION('',(-0.,-1.,0.));
#11338 = FACE_BOUND('',#11339,.T.);
#11339 = EDGE_LOOP('',(#11340));
#11340 = ORIENTED_EDGE('',*,*,#11341,.T.);
#11341 = EDGE_CURVE('',#11342,#11342,#11344,.T.);
#11342 = VERTEX_POINT('',#11343);
#11343 = CARTESIAN_POINT('',(128.5,-111.36,1.51));
#11344 = CIRCLE('',#11345,0.4);
#11345 = AXIS2_PLACEMENT_3D('',#11346,#11347,#11348);
#11346 = CARTESIAN_POINT('',(128.5,-110.96,1.51));
#11347 = DIRECTION('',(-0.,0.,-1.));
#11348 = DIRECTION('',(-0.,-1.,0.));
#11349 = FACE_BOUND('',#11350,.T.);
#11350 = EDGE_LOOP('',(#11351));
#11351 = ORIENTED_EDGE('',*,*,#11352,.T.);
#11352 = EDGE_CURVE('',#11353,#11353,#11355,.T.);
#11353 = VERTEX_POINT('',#11354);
#11354 = CARTESIAN_POINT('',(128.5,-108.82,1.51));
#11355 = CIRCLE('',#11356,0.4);
#11356 = AXIS2_PLACEMENT_3D('',#11357,#11358,#11359);
#11357 = CARTESIAN_POINT('',(128.5,-108.42,1.51));
#11358 = DIRECTION('',(-0.,0.,-1.));
#11359 = DIRECTION('',(-0.,-1.,0.));
#11360 = FACE_BOUND('',#11361,.T.);
#11361 = EDGE_LOOP('',(#11362));
#11362 = ORIENTED_EDGE('',*,*,#11363,.T.);
#11363 = EDGE_CURVE('',#11364,#11364,#11366,.T.);
#11364 = VERTEX_POINT('',#11365);
#11365 = CARTESIAN_POINT('',(128.5,-106.28,1.51));
#11366 = CIRCLE('',#11367,0.4);
#11367 = AXIS2_PLACEMENT_3D('',#11368,#11369,#11370);
#11368 = CARTESIAN_POINT('',(128.5,-105.88,1.51));
#11369 = DIRECTION('',(-0.,0.,-1.));
#11370 = DIRECTION('',(-0.,-1.,0.));
#11371 = FACE_BOUND('',#11372,.T.);
#11372 = EDGE_LOOP('',(#11373));
#11373 = ORIENTED_EDGE('',*,*,#11374,.T.);
#11374 = EDGE_CURVE('',#11375,#11375,#11377,.T.);
#11375 = VERTEX_POINT('',#11376);
#11376 = CARTESIAN_POINT('',(128.5,-103.74,1.51));
#11377 = CIRCLE('',#11378,0.4);
#11378 = AXIS2_PLACEMENT_3D('',#11379,#11380,#11381);
#11379 = CARTESIAN_POINT('',(128.5,-103.34,1.51));
#11380 = DIRECTION('',(-0.,0.,-1.));
#11381 = DIRECTION('',(-0.,-1.,0.));
#11382 = FACE_BOUND('',#11383,.T.);
#11383 = EDGE_LOOP('',(#11384));
#11384 = ORIENTED_EDGE('',*,*,#11385,.T.);
#11385 = EDGE_CURVE('',#11386,#11386,#11388,.T.);
#11386 = VERTEX_POINT('',#11387);
#11387 = CARTESIAN_POINT('',(128.5,-101.2,1.51));
#11388 = CIRCLE('',#11389,0.4);
#11389 = AXIS2_PLACEMENT_3D('',#11390,#11391,#11392);
#11390 = CARTESIAN_POINT('',(128.5,-100.8,1.51));
#11391 = DIRECTION('',(-0.,0.,-1.));
#11392 = DIRECTION('',(-0.,-1.,0.));
#11393 = FACE_BOUND('',#11394,.T.);
#11394 = EDGE_LOOP('',(#11395));
#11395 = ORIENTED_EDGE('',*,*,#11396,.T.);
#11396 = EDGE_CURVE('',#11397,#11397,#11399,.T.);
#11397 = VERTEX_POINT('',#11398);
#11398 = CARTESIAN_POINT('',(139.5,-109.02,1.51));
#11399 = CIRCLE('',#11400,0.4);
#11400 = AXIS2_PLACEMENT_3D('',#11401,#11402,#11403);
#11401 = CARTESIAN_POINT('',(139.5,-108.62,1.51));
#11402 = DIRECTION('',(-0.,0.,-1.));
#11403 = DIRECTION('',(-0.,-1.,0.));
#11404 = FACE_BOUND('',#11405,.T.);
#11405 = EDGE_LOOP('',(#11406));
#11406 = ORIENTED_EDGE('',*,*,#11407,.T.);
#11407 = EDGE_CURVE('',#11408,#11408,#11410,.T.);
#11408 = VERTEX_POINT('',#11409);
#11409 = CARTESIAN_POINT('',(139.5,-106.48,1.51));
#11410 = CIRCLE('',#11411,0.4);
#11411 = AXIS2_PLACEMENT_3D('',#11412,#11413,#11414);
#11412 = CARTESIAN_POINT('',(139.5,-106.08,1.51));
#11413 = DIRECTION('',(-0.,0.,-1.));
#11414 = DIRECTION('',(-0.,-1.,0.));
#11415 = FACE_BOUND('',#11416,.T.);
#11416 = EDGE_LOOP('',(#11417));
#11417 = ORIENTED_EDGE('',*,*,#11418,.T.);
#11418 = EDGE_CURVE('',#11419,#11419,#11421,.T.);
#11419 = VERTEX_POINT('',#11420);
#11420 = CARTESIAN_POINT('',(139.5,-103.94,1.51));
#11421 = CIRCLE('',#11422,0.4);
#11422 = AXIS2_PLACEMENT_3D('',#11423,#11424,#11425);
#11423 = CARTESIAN_POINT('',(139.5,-103.54,1.51));
#11424 = DIRECTION('',(-0.,0.,-1.));
#11425 = DIRECTION('',(-0.,-1.,0.));
#11426 = FACE_BOUND('',#11427,.T.);
#11427 = EDGE_LOOP('',(#11428));
#11428 = ORIENTED_EDGE('',*,*,#11429,.T.);
#11429 = EDGE_CURVE('',#11430,#11430,#11432,.T.);
#11430 = VERTEX_POINT('',#11431);
#11431 = CARTESIAN_POINT('',(139.5,-101.4,1.51));
#11432 = CIRCLE('',#11433,0.4);
#11433 = AXIS2_PLACEMENT_3D('',#11434,#11435,#11436);
#11434 = CARTESIAN_POINT('',(139.5,-101.,1.51));
#11435 = DIRECTION('',(-0.,0.,-1.));
#11436 = DIRECTION('',(-0.,-1.,0.));
#11437 = FACE_BOUND('',#11438,.T.);
#11438 = EDGE_LOOP('',(#11439));
#11439 = ORIENTED_EDGE('',*,*,#11440,.T.);
#11440 = EDGE_CURVE('',#11441,#11441,#11443,.T.);
#11441 = VERTEX_POINT('',#11442);
#11442 = CARTESIAN_POINT('',(128.5,-98.66,1.51));
#11443 = CIRCLE('',#11444,0.4);
#11444 = AXIS2_PLACEMENT_3D('',#11445,#11446,#11447);
#11445 = CARTESIAN_POINT('',(128.5,-98.26,1.51));
#11446 = DIRECTION('',(-0.,0.,-1.));
#11447 = DIRECTION('',(-0.,-1.,0.));
#11448 = FACE_BOUND('',#11449,.T.);
#11449 = EDGE_LOOP('',(#11450));
#11450 = ORIENTED_EDGE('',*,*,#11451,.T.);
#11451 = EDGE_CURVE('',#11452,#11452,#11454,.T.);
#11452 = VERTEX_POINT('',#11453);
#11453 = CARTESIAN_POINT('',(128.5,-96.12,1.51));
#11454 = CIRCLE('',#11455,0.4);
#11455 = AXIS2_PLACEMENT_3D('',#11456,#11457,#11458);
#11456 = CARTESIAN_POINT('',(128.5,-95.72,1.51));
#11457 = DIRECTION('',(-0.,0.,-1.));
#11458 = DIRECTION('',(-0.,-1.,0.));
#11459 = FACE_BOUND('',#11460,.T.);
#11460 = EDGE_LOOP('',(#11461));
#11461 = ORIENTED_EDGE('',*,*,#11462,.T.);
#11462 = EDGE_CURVE('',#11463,#11463,#11465,.T.);
#11463 = VERTEX_POINT('',#11464);
#11464 = CARTESIAN_POINT('',(128.5,-93.58,1.51));
#11465 = CIRCLE('',#11466,0.4);
#11466 = AXIS2_PLACEMENT_3D('',#11467,#11468,#11469);
#11467 = CARTESIAN_POINT('',(128.5,-93.18,1.51));
#11468 = DIRECTION('',(-0.,0.,-1.));
#11469 = DIRECTION('',(-0.,-1.,0.));
#11470 = FACE_BOUND('',#11471,.T.);
#11471 = EDGE_LOOP('',(#11472));
#11472 = ORIENTED_EDGE('',*,*,#11473,.T.);
#11473 = EDGE_CURVE('',#11474,#11474,#11476,.T.);
#11474 = VERTEX_POINT('',#11475);
#11475 = CARTESIAN_POINT('',(128.5,-91.04,1.51));
#11476 = CIRCLE('',#11477,0.4);
#11477 = AXIS2_PLACEMENT_3D('',#11478,#11479,#11480);
#11478 = CARTESIAN_POINT('',(128.5,-90.64,1.51));
#11479 = DIRECTION('',(-0.,0.,-1.));
#11480 = DIRECTION('',(-0.,-1.,0.));
#11481 = FACE_BOUND('',#11482,.T.);
#11482 = EDGE_LOOP('',(#11483));
#11483 = ORIENTED_EDGE('',*,*,#11484,.T.);
#11484 = EDGE_CURVE('',#11485,#11485,#11487,.T.);
#11485 = VERTEX_POINT('',#11486);
#11486 = CARTESIAN_POINT('',(128.5,-88.5,1.51));
#11487 = CIRCLE('',#11488,0.4);
#11488 = AXIS2_PLACEMENT_3D('',#11489,#11490,#11491);
#11489 = CARTESIAN_POINT('',(128.5,-88.1,1.51));
#11490 = DIRECTION('',(-0.,0.,-1.));
#11491 = DIRECTION('',(-0.,-1.,0.));
#11492 = FACE_BOUND('',#11493,.T.);
#11493 = EDGE_LOOP('',(#11494));
#11494 = ORIENTED_EDGE('',*,*,#11495,.T.);
#11495 = EDGE_CURVE('',#11496,#11496,#11498,.T.);
#11496 = VERTEX_POINT('',#11497);
#11497 = CARTESIAN_POINT('',(128.5,-85.96,1.51));
#11498 = CIRCLE('',#11499,0.4);
#11499 = AXIS2_PLACEMENT_3D('',#11500,#11501,#11502);
#11500 = CARTESIAN_POINT('',(128.5,-85.56,1.51));
#11501 = DIRECTION('',(-0.,0.,-1.));
#11502 = DIRECTION('',(-0.,-1.,0.));
#11503 = FACE_BOUND('',#11504,.T.);
#11504 = EDGE_LOOP('',(#11505));
#11505 = ORIENTED_EDGE('',*,*,#11506,.T.);
#11506 = EDGE_CURVE('',#11507,#11507,#11509,.T.);
#11507 = VERTEX_POINT('',#11508);
#11508 = CARTESIAN_POINT('',(139.5,-98.86,1.51));
#11509 = CIRCLE('',#11510,0.4);
#11510 = AXIS2_PLACEMENT_3D('',#11511,#11512,#11513);
#11511 = CARTESIAN_POINT('',(139.5,-98.46,1.51));
#11512 = DIRECTION('',(-0.,0.,-1.));
#11513 = DIRECTION('',(-0.,-1.,0.));
#11514 = FACE_BOUND('',#11515,.T.);
#11515 = EDGE_LOOP('',(#11516));
#11516 = ORIENTED_EDGE('',*,*,#11517,.T.);
#11517 = EDGE_CURVE('',#11518,#11518,#11520,.T.);
#11518 = VERTEX_POINT('',#11519);
#11519 = CARTESIAN_POINT('',(139.5,-96.32,1.51));
#11520 = CIRCLE('',#11521,0.4);
#11521 = AXIS2_PLACEMENT_3D('',#11522,#11523,#11524);
#11522 = CARTESIAN_POINT('',(139.5,-95.92,1.51));
#11523 = DIRECTION('',(-0.,0.,-1.));
#11524 = DIRECTION('',(-0.,-1.,0.));
#11525 = PLANE('',#11526);
#11526 = AXIS2_PLACEMENT_3D('',#11527,#11528,#11529);
#11527 = CARTESIAN_POINT('',(0.,0.,1.51));
#11528 = DIRECTION('',(0.,0.,1.));
#11529 = DIRECTION('',(1.,0.,-0.));
#11530 = ADVANCED_FACE('',(#11531),#11537,.T.);
#11531 = FACE_BOUND('',#11532,.T.);
#11532 = EDGE_LOOP('',(#11533,#11534,#11535,#11536));
#11533 = ORIENTED_EDGE('',*,*,#10224,.T.);
#11534 = ORIENTED_EDGE('',*,*,#10892,.T.);
#11535 = ORIENTED_EDGE('',*,*,#10184,.F.);
#11536 = ORIENTED_EDGE('',*,*,#10248,.F.);
#11537 = PLANE('',#11538);
#11538 = AXIS2_PLACEMENT_3D('',#11539,#11540,#11541);
#11539 = CARTESIAN_POINT('',(88.,-76.,0.));
#11540 = DIRECTION('',(0.,1.,0.));
#11541 = DIRECTION('',(1.,0.,0.));
#11542 = ADVANCED_FACE('',(#11543),#11554,.F.);
#11543 = FACE_BOUND('',#11544,.T.);
#11544 = EDGE_LOOP('',(#11545,#11546,#11552,#11553));
#11545 = ORIENTED_EDGE('',*,*,#10257,.T.);
#11546 = ORIENTED_EDGE('',*,*,#11547,.T.);
#11547 = EDGE_CURVE('',#10258,#10902,#11548,.T.);
#11548 = LINE('',#11549,#11550);
#11549 = CARTESIAN_POINT('',(103.1,-131.68,-4.6E-02));
#11550 = VECTOR('',#11551,1.);
#11551 = DIRECTION('',(0.,0.,1.));
#11552 = ORIENTED_EDGE('',*,*,#10901,.F.);
#11553 = ORIENTED_EDGE('',*,*,#11547,.F.);
#11554 = CYLINDRICAL_SURFACE('',#11555,0.4);
#11555 = AXIS2_PLACEMENT_3D('',#11556,#11557,#11558);
#11556 = CARTESIAN_POINT('',(103.1,-131.28,-4.6E-02));
#11557 = DIRECTION('',(-0.,-0.,-1.));
#11558 = DIRECTION('',(-0.,-1.,0.));
#11559 = ADVANCED_FACE('',(#11560),#11571,.F.);
#11560 = FACE_BOUND('',#11561,.T.);
#11561 = EDGE_LOOP('',(#11562,#11563,#11569,#11570));
#11562 = ORIENTED_EDGE('',*,*,#10268,.T.);
#11563 = ORIENTED_EDGE('',*,*,#11564,.T.);
#11564 = EDGE_CURVE('',#10269,#10913,#11565,.T.);
#11565 = LINE('',#11566,#11567);
#11566 = CARTESIAN_POINT('',(103.1,-129.14,-4.6E-02));
#11567 = VECTOR('',#11568,1.);
#11568 = DIRECTION('',(0.,0.,1.));
#11569 = ORIENTED_EDGE('',*,*,#10912,.F.);
#11570 = ORIENTED_EDGE('',*,*,#11564,.F.);
#11571 = CYLINDRICAL_SURFACE('',#11572,0.4);
#11572 = AXIS2_PLACEMENT_3D('',#11573,#11574,#11575);
#11573 = CARTESIAN_POINT('',(103.1,-128.74,-4.6E-02));
#11574 = DIRECTION('',(-0.,-0.,-1.));
#11575 = DIRECTION('',(-0.,-1.,0.));
#11576 = ADVANCED_FACE('',(#11577),#11588,.F.);
#11577 = FACE_BOUND('',#11578,.T.);
#11578 = EDGE_LOOP('',(#11579,#11580,#11586,#11587));
#11579 = ORIENTED_EDGE('',*,*,#10279,.T.);
#11580 = ORIENTED_EDGE('',*,*,#11581,.T.);
#11581 = EDGE_CURVE('',#10280,#10924,#11582,.T.);
#11582 = LINE('',#11583,#11584);
#11583 = CARTESIAN_POINT('',(103.1,-126.6,-4.6E-02));
#11584 = VECTOR('',#11585,1.);
#11585 = DIRECTION('',(0.,0.,1.));
#11586 = ORIENTED_EDGE('',*,*,#10923,.F.);
#11587 = ORIENTED_EDGE('',*,*,#11581,.F.);
#11588 = CYLINDRICAL_SURFACE('',#11589,0.4);
#11589 = AXIS2_PLACEMENT_3D('',#11590,#11591,#11592);
#11590 = CARTESIAN_POINT('',(103.1,-126.2,-4.6E-02));
#11591 = DIRECTION('',(-0.,-0.,-1.));
#11592 = DIRECTION('',(-0.,-1.,0.));
#11593 = ADVANCED_FACE('',(#11594),#11605,.F.);
#11594 = FACE_BOUND('',#11595,.T.);
#11595 = EDGE_LOOP('',(#11596,#11597,#11603,#11604));
#11596 = ORIENTED_EDGE('',*,*,#10290,.T.);
#11597 = ORIENTED_EDGE('',*,*,#11598,.T.);
#11598 = EDGE_CURVE('',#10291,#10935,#11599,.T.);
#11599 = LINE('',#11600,#11601);
#11600 = CARTESIAN_POINT('',(109.,-138.675,-4.6E-02));
#11601 = VECTOR('',#11602,1.);
#11602 = DIRECTION('',(0.,0.,1.));
#11603 = ORIENTED_EDGE('',*,*,#10934,.F.);
#11604 = ORIENTED_EDGE('',*,*,#11598,.F.);
#11605 = CYLINDRICAL_SURFACE('',#11606,0.4);
#11606 = AXIS2_PLACEMENT_3D('',#11607,#11608,#11609);
#11607 = CARTESIAN_POINT('',(109.,-138.275,-4.6E-02));
#11608 = DIRECTION('',(-0.,-0.,-1.));
#11609 = DIRECTION('',(-0.,-1.,0.));
#11610 = ADVANCED_FACE('',(#11611),#11622,.F.);
#11611 = FACE_BOUND('',#11612,.T.);
#11612 = EDGE_LOOP('',(#11613,#11614,#11620,#11621));
#11613 = ORIENTED_EDGE('',*,*,#10301,.T.);
#11614 = ORIENTED_EDGE('',*,*,#11615,.T.);
#11615 = EDGE_CURVE('',#10302,#10946,#11616,.T.);
#11616 = LINE('',#11617,#11618);
#11617 = CARTESIAN_POINT('',(109.,-136.135,-4.6E-02));
#11618 = VECTOR('',#11619,1.);
#11619 = DIRECTION('',(0.,0.,1.));
#11620 = ORIENTED_EDGE('',*,*,#10945,.F.);
#11621 = ORIENTED_EDGE('',*,*,#11615,.F.);
#11622 = CYLINDRICAL_SURFACE('',#11623,0.4);
#11623 = AXIS2_PLACEMENT_3D('',#11624,#11625,#11626);
#11624 = CARTESIAN_POINT('',(109.,-135.735,-4.6E-02));
#11625 = DIRECTION('',(-0.,-0.,-1.));
#11626 = DIRECTION('',(-0.,-1.,0.));
#11627 = ADVANCED_FACE('',(#11628),#11639,.F.);
#11628 = FACE_BOUND('',#11629,.T.);
#11629 = EDGE_LOOP('',(#11630,#11631,#11637,#11638));
#11630 = ORIENTED_EDGE('',*,*,#10312,.T.);
#11631 = ORIENTED_EDGE('',*,*,#11632,.T.);
#11632 = EDGE_CURVE('',#10313,#10957,#11633,.T.);
#11633 = LINE('',#11634,#11635);
#11634 = CARTESIAN_POINT('',(94.975,-122.425,-4.6E-02));
#11635 = VECTOR('',#11636,1.);
#11636 = DIRECTION('',(0.,0.,1.));
#11637 = ORIENTED_EDGE('',*,*,#10956,.F.);
#11638 = ORIENTED_EDGE('',*,*,#11632,.F.);
#11639 = CYLINDRICAL_SURFACE('',#11640,0.4);
#11640 = AXIS2_PLACEMENT_3D('',#11641,#11642,#11643);
#11641 = CARTESIAN_POINT('',(94.975,-122.025,-4.6E-02));
#11642 = DIRECTION('',(-0.,-0.,-1.));
#11643 = DIRECTION('',(-0.,-1.,0.));
#11644 = ADVANCED_FACE('',(#11645),#11656,.F.);
#11645 = FACE_BOUND('',#11646,.T.);
#11646 = EDGE_LOOP('',(#11647,#11648,#11654,#11655));
#11647 = ORIENTED_EDGE('',*,*,#10323,.T.);
#11648 = ORIENTED_EDGE('',*,*,#11649,.T.);
#11649 = EDGE_CURVE('',#10324,#10968,#11650,.T.);
#11650 = LINE('',#11651,#11652);
#11651 = CARTESIAN_POINT('',(94.975,-119.885,-4.6E-02));
#11652 = VECTOR('',#11653,1.);
#11653 = DIRECTION('',(0.,0.,1.));
#11654 = ORIENTED_EDGE('',*,*,#10967,.F.);
#11655 = ORIENTED_EDGE('',*,*,#11649,.F.);
#11656 = CYLINDRICAL_SURFACE('',#11657,0.4);
#11657 = AXIS2_PLACEMENT_3D('',#11658,#11659,#11660);
#11658 = CARTESIAN_POINT('',(94.975,-119.485,-4.6E-02));
#11659 = DIRECTION('',(-0.,-0.,-1.));
#11660 = DIRECTION('',(-0.,-1.,0.));
#11661 = ADVANCED_FACE('',(#11662),#11673,.F.);
#11662 = FACE_BOUND('',#11663,.T.);
#11663 = EDGE_LOOP('',(#11664,#11665,#11671,#11672));
#11664 = ORIENTED_EDGE('',*,*,#10334,.T.);
#11665 = ORIENTED_EDGE('',*,*,#11666,.T.);
#11666 = EDGE_CURVE('',#10335,#10979,#11667,.T.);
#11667 = LINE('',#11668,#11669);
#11668 = CARTESIAN_POINT('',(103.1,-124.06,-4.6E-02));
#11669 = VECTOR('',#11670,1.);
#11670 = DIRECTION('',(0.,0.,1.));
#11671 = ORIENTED_EDGE('',*,*,#10978,.F.);
#11672 = ORIENTED_EDGE('',*,*,#11666,.F.);
#11673 = CYLINDRICAL_SURFACE('',#11674,0.4);
#11674 = AXIS2_PLACEMENT_3D('',#11675,#11676,#11677);
#11675 = CARTESIAN_POINT('',(103.1,-123.66,-4.6E-02));
#11676 = DIRECTION('',(-0.,-0.,-1.));
#11677 = DIRECTION('',(-0.,-1.,0.));
#11678 = ADVANCED_FACE('',(#11679),#11690,.F.);
#11679 = FACE_BOUND('',#11680,.T.);
#11680 = EDGE_LOOP('',(#11681,#11682,#11688,#11689));
#11681 = ORIENTED_EDGE('',*,*,#10345,.T.);
#11682 = ORIENTED_EDGE('',*,*,#11683,.T.);
#11683 = EDGE_CURVE('',#10346,#10990,#11684,.T.);
#11684 = LINE('',#11685,#11686);
#11685 = CARTESIAN_POINT('',(103.1,-121.52,-4.6E-02));
#11686 = VECTOR('',#11687,1.);
#11687 = DIRECTION('',(0.,0.,1.));
#11688 = ORIENTED_EDGE('',*,*,#10989,.F.);
#11689 = ORIENTED_EDGE('',*,*,#11683,.F.);
#11690 = CYLINDRICAL_SURFACE('',#11691,0.4);
#11691 = AXIS2_PLACEMENT_3D('',#11692,#11693,#11694);
#11692 = CARTESIAN_POINT('',(103.1,-121.12,-4.6E-02));
#11693 = DIRECTION('',(-0.,-0.,-1.));
#11694 = DIRECTION('',(-0.,-1.,0.));
#11695 = ADVANCED_FACE('',(#11696),#11707,.F.);
#11696 = FACE_BOUND('',#11697,.T.);
#11697 = EDGE_LOOP('',(#11698,#11699,#11705,#11706));
#11698 = ORIENTED_EDGE('',*,*,#10356,.T.);
#11699 = ORIENTED_EDGE('',*,*,#11700,.T.);
#11700 = EDGE_CURVE('',#10357,#11001,#11701,.T.);
#11701 = LINE('',#11702,#11703);
#11702 = CARTESIAN_POINT('',(94.975,-117.345,-4.6E-02));
#11703 = VECTOR('',#11704,1.);
#11704 = DIRECTION('',(0.,0.,1.));
#11705 = ORIENTED_EDGE('',*,*,#11000,.F.);
#11706 = ORIENTED_EDGE('',*,*,#11700,.F.);
#11707 = CYLINDRICAL_SURFACE('',#11708,0.4);
#11708 = AXIS2_PLACEMENT_3D('',#11709,#11710,#11711);
#11709 = CARTESIAN_POINT('',(94.975,-116.945,-4.6E-02));
#11710 = DIRECTION('',(-0.,-0.,-1.));
#11711 = DIRECTION('',(-0.,-1.,0.));
#11712 = ADVANCED_FACE('',(#11713),#11724,.F.);
#11713 = FACE_BOUND('',#11714,.T.);
#11714 = EDGE_LOOP('',(#11715,#11716,#11722,#11723));
#11715 = ORIENTED_EDGE('',*,*,#10367,.T.);
#11716 = ORIENTED_EDGE('',*,*,#11717,.T.);
#11717 = EDGE_CURVE('',#10368,#11012,#11718,.T.);
#11718 = LINE('',#11719,#11720);
#11719 = CARTESIAN_POINT('',(103.1,-118.98,-4.6E-02));
#11720 = VECTOR('',#11721,1.);
#11721 = DIRECTION('',(0.,0.,1.));
#11722 = ORIENTED_EDGE('',*,*,#11011,.F.);
#11723 = ORIENTED_EDGE('',*,*,#11717,.F.);
#11724 = CYLINDRICAL_SURFACE('',#11725,0.4);
#11725 = AXIS2_PLACEMENT_3D('',#11726,#11727,#11728);
#11726 = CARTESIAN_POINT('',(103.1,-118.58,-4.6E-02));
#11727 = DIRECTION('',(-0.,-0.,-1.));
#11728 = DIRECTION('',(-0.,-1.,0.));
#11729 = ADVANCED_FACE('',(#11730),#11741,.F.);
#11730 = FACE_BOUND('',#11731,.T.);
#11731 = EDGE_LOOP('',(#11732,#11733,#11739,#11740));
#11732 = ORIENTED_EDGE('',*,*,#10378,.T.);
#11733 = ORIENTED_EDGE('',*,*,#11734,.T.);
#11734 = EDGE_CURVE('',#10379,#11023,#11735,.T.);
#11735 = LINE('',#11736,#11737);
#11736 = CARTESIAN_POINT('',(103.1,-116.44,-4.6E-02));
#11737 = VECTOR('',#11738,1.);
#11738 = DIRECTION('',(0.,0.,1.));
#11739 = ORIENTED_EDGE('',*,*,#11022,.F.);
#11740 = ORIENTED_EDGE('',*,*,#11734,.F.);
#11741 = CYLINDRICAL_SURFACE('',#11742,0.4);
#11742 = AXIS2_PLACEMENT_3D('',#11743,#11744,#11745);
#11743 = CARTESIAN_POINT('',(103.1,-116.04,-4.6E-02));
#11744 = DIRECTION('',(-0.,-0.,-1.));
#11745 = DIRECTION('',(-0.,-1.,0.));
#11746 = ADVANCED_FACE('',(#11747),#11758,.F.);
#11747 = FACE_BOUND('',#11748,.T.);
#11748 = EDGE_LOOP('',(#11749,#11750,#11756,#11757));
#11749 = ORIENTED_EDGE('',*,*,#10389,.T.);
#11750 = ORIENTED_EDGE('',*,*,#11751,.T.);
#11751 = EDGE_CURVE('',#10390,#11034,#11752,.T.);
#11752 = LINE('',#11753,#11754);
#11753 = CARTESIAN_POINT('',(103.1,-113.9,-4.6E-02));
#11754 = VECTOR('',#11755,1.);
#11755 = DIRECTION('',(0.,0.,1.));
#11756 = ORIENTED_EDGE('',*,*,#11033,.F.);
#11757 = ORIENTED_EDGE('',*,*,#11751,.F.);
#11758 = CYLINDRICAL_SURFACE('',#11759,0.4);
#11759 = AXIS2_PLACEMENT_3D('',#11760,#11761,#11762);
#11760 = CARTESIAN_POINT('',(103.1,-113.5,-4.6E-02));
#11761 = DIRECTION('',(-0.,-0.,-1.));
#11762 = DIRECTION('',(-0.,-1.,0.));
#11763 = ADVANCED_FACE('',(#11764),#11775,.F.);
#11764 = FACE_BOUND('',#11765,.T.);
#11765 = EDGE_LOOP('',(#11766,#11767,#11773,#11774));
#11766 = ORIENTED_EDGE('',*,*,#10400,.T.);
#11767 = ORIENTED_EDGE('',*,*,#11768,.T.);
#11768 = EDGE_CURVE('',#10401,#11045,#11769,.T.);
#11769 = LINE('',#11770,#11771);
#11770 = CARTESIAN_POINT('',(128.49632,-131.67728,-4.6E-02));
#11771 = VECTOR('',#11772,1.);
#11772 = DIRECTION('',(0.,0.,1.));
#11773 = ORIENTED_EDGE('',*,*,#11044,.F.);
#11774 = ORIENTED_EDGE('',*,*,#11768,.F.);
#11775 = CYLINDRICAL_SURFACE('',#11776,0.4);
#11776 = AXIS2_PLACEMENT_3D('',#11777,#11778,#11779);
#11777 = CARTESIAN_POINT('',(128.49632,-131.27728,-4.6E-02));
#11778 = DIRECTION('',(-0.,-0.,-1.));
#11779 = DIRECTION('',(-0.,-1.,0.));
#11780 = ADVANCED_FACE('',(#11781),#11792,.F.);
#11781 = FACE_BOUND('',#11782,.T.);
#11782 = EDGE_LOOP('',(#11783,#11784,#11790,#11791));
#11783 = ORIENTED_EDGE('',*,*,#10411,.T.);
#11784 = ORIENTED_EDGE('',*,*,#11785,.T.);
#11785 = EDGE_CURVE('',#10412,#11056,#11786,.T.);
#11786 = LINE('',#11787,#11788);
#11787 = CARTESIAN_POINT('',(128.49632,-129.13728,-4.6E-02));
#11788 = VECTOR('',#11789,1.);
#11789 = DIRECTION('',(0.,0.,1.));
#11790 = ORIENTED_EDGE('',*,*,#11055,.F.);
#11791 = ORIENTED_EDGE('',*,*,#11785,.F.);
#11792 = CYLINDRICAL_SURFACE('',#11793,0.4);
#11793 = AXIS2_PLACEMENT_3D('',#11794,#11795,#11796);
#11794 = CARTESIAN_POINT('',(128.49632,-128.73728,-4.6E-02));
#11795 = DIRECTION('',(-0.,-0.,-1.));
#11796 = DIRECTION('',(-0.,-1.,0.));
#11797 = ADVANCED_FACE('',(#11798),#11809,.F.);
#11798 = FACE_BOUND('',#11799,.T.);
#11799 = EDGE_LOOP('',(#11800,#11801,#11807,#11808));
#11800 = ORIENTED_EDGE('',*,*,#10422,.T.);
#11801 = ORIENTED_EDGE('',*,*,#11802,.T.);
#11802 = EDGE_CURVE('',#10423,#11067,#11803,.T.);
#11803 = LINE('',#11804,#11805);
#11804 = CARTESIAN_POINT('',(128.5,-126.6,-4.6E-02));
#11805 = VECTOR('',#11806,1.);
#11806 = DIRECTION('',(0.,0.,1.));
#11807 = ORIENTED_EDGE('',*,*,#11066,.F.);
#11808 = ORIENTED_EDGE('',*,*,#11802,.F.);
#11809 = CYLINDRICAL_SURFACE('',#11810,0.4);
#11810 = AXIS2_PLACEMENT_3D('',#11811,#11812,#11813);
#11811 = CARTESIAN_POINT('',(128.5,-126.2,-4.6E-02));
#11812 = DIRECTION('',(-0.,-0.,-1.));
#11813 = DIRECTION('',(-0.,-1.,0.));
#11814 = ADVANCED_FACE('',(#11815),#11826,.F.);
#11815 = FACE_BOUND('',#11816,.T.);
#11816 = EDGE_LOOP('',(#11817,#11818,#11824,#11825));
#11817 = ORIENTED_EDGE('',*,*,#10433,.T.);
#11818 = ORIENTED_EDGE('',*,*,#11819,.T.);
#11819 = EDGE_CURVE('',#10434,#11078,#11820,.T.);
#11820 = LINE('',#11821,#11822);
#11821 = CARTESIAN_POINT('',(136.025,-138.69,-4.6E-02));
#11822 = VECTOR('',#11823,1.);
#11823 = DIRECTION('',(0.,0.,1.));
#11824 = ORIENTED_EDGE('',*,*,#11077,.F.);
#11825 = ORIENTED_EDGE('',*,*,#11819,.F.);
#11826 = CYLINDRICAL_SURFACE('',#11827,0.4);
#11827 = AXIS2_PLACEMENT_3D('',#11828,#11829,#11830);
#11828 = CARTESIAN_POINT('',(136.025,-138.29,-4.6E-02));
#11829 = DIRECTION('',(-0.,-0.,-1.));
#11830 = DIRECTION('',(-0.,-1.,0.));
#11831 = ADVANCED_FACE('',(#11832),#11843,.F.);
#11832 = FACE_BOUND('',#11833,.T.);
#11833 = EDGE_LOOP('',(#11834,#11835,#11841,#11842));
#11834 = ORIENTED_EDGE('',*,*,#10444,.T.);
#11835 = ORIENTED_EDGE('',*,*,#11836,.T.);
#11836 = EDGE_CURVE('',#10445,#11089,#11837,.T.);
#11837 = LINE('',#11838,#11839);
#11838 = CARTESIAN_POINT('',(136.025,-136.15,-4.6E-02));
#11839 = VECTOR('',#11840,1.);
#11840 = DIRECTION('',(0.,0.,1.));
#11841 = ORIENTED_EDGE('',*,*,#11088,.F.);
#11842 = ORIENTED_EDGE('',*,*,#11836,.F.);
#11843 = CYLINDRICAL_SURFACE('',#11844,0.4);
#11844 = AXIS2_PLACEMENT_3D('',#11845,#11846,#11847);
#11845 = CARTESIAN_POINT('',(136.025,-135.75,-4.6E-02));
#11846 = DIRECTION('',(-0.,-0.,-1.));
#11847 = DIRECTION('',(-0.,-1.,0.));
#11848 = ADVANCED_FACE('',(#11849),#11860,.F.);
#11849 = FACE_BOUND('',#11850,.T.);
#11850 = EDGE_LOOP('',(#11851,#11852,#11858,#11859));
#11851 = ORIENTED_EDGE('',*,*,#10455,.T.);
#11852 = ORIENTED_EDGE('',*,*,#11853,.T.);
#11853 = EDGE_CURVE('',#10456,#11100,#11854,.T.);
#11854 = LINE('',#11855,#11856);
#11855 = CARTESIAN_POINT('',(128.5,-124.06,-4.6E-02));
#11856 = VECTOR('',#11857,1.);
#11857 = DIRECTION('',(0.,0.,1.));
#11858 = ORIENTED_EDGE('',*,*,#11099,.F.);
#11859 = ORIENTED_EDGE('',*,*,#11853,.F.);
#11860 = CYLINDRICAL_SURFACE('',#11861,0.4);
#11861 = AXIS2_PLACEMENT_3D('',#11862,#11863,#11864);
#11862 = CARTESIAN_POINT('',(128.5,-123.66,-4.6E-02));
#11863 = DIRECTION('',(-0.,-0.,-1.));
#11864 = DIRECTION('',(-0.,-1.,0.));
#11865 = ADVANCED_FACE('',(#11866),#11877,.F.);
#11866 = FACE_BOUND('',#11867,.T.);
#11867 = EDGE_LOOP('',(#11868,#11869,#11875,#11876));
#11868 = ORIENTED_EDGE('',*,*,#10466,.T.);
#11869 = ORIENTED_EDGE('',*,*,#11870,.T.);
#11870 = EDGE_CURVE('',#10467,#11111,#11871,.T.);
#11871 = LINE('',#11872,#11873);
#11872 = CARTESIAN_POINT('',(128.5,-121.52,-4.6E-02));
#11873 = VECTOR('',#11874,1.);
#11874 = DIRECTION('',(0.,0.,1.));
#11875 = ORIENTED_EDGE('',*,*,#11110,.F.);
#11876 = ORIENTED_EDGE('',*,*,#11870,.F.);
#11877 = CYLINDRICAL_SURFACE('',#11878,0.4);
#11878 = AXIS2_PLACEMENT_3D('',#11879,#11880,#11881);
#11879 = CARTESIAN_POINT('',(128.5,-121.12,-4.6E-02));
#11880 = DIRECTION('',(-0.,-0.,-1.));
#11881 = DIRECTION('',(-0.,-1.,0.));
#11882 = ADVANCED_FACE('',(#11883),#11894,.F.);
#11883 = FACE_BOUND('',#11884,.T.);
#11884 = EDGE_LOOP('',(#11885,#11886,#11892,#11893));
#11885 = ORIENTED_EDGE('',*,*,#10477,.T.);
#11886 = ORIENTED_EDGE('',*,*,#11887,.T.);
#11887 = EDGE_CURVE('',#10478,#11122,#11888,.T.);
#11888 = LINE('',#11889,#11890);
#11889 = CARTESIAN_POINT('',(128.5,-118.98,-4.6E-02));
#11890 = VECTOR('',#11891,1.);
#11891 = DIRECTION('',(0.,0.,1.));
#11892 = ORIENTED_EDGE('',*,*,#11121,.F.);
#11893 = ORIENTED_EDGE('',*,*,#11887,.F.);
#11894 = CYLINDRICAL_SURFACE('',#11895,0.4);
#11895 = AXIS2_PLACEMENT_3D('',#11896,#11897,#11898);
#11896 = CARTESIAN_POINT('',(128.5,-118.58,-4.6E-02));
#11897 = DIRECTION('',(-0.,-0.,-1.));
#11898 = DIRECTION('',(-0.,-1.,0.));
#11899 = ADVANCED_FACE('',(#11900),#11911,.F.);
#11900 = FACE_BOUND('',#11901,.T.);
#11901 = EDGE_LOOP('',(#11902,#11903,#11909,#11910));
#11902 = ORIENTED_EDGE('',*,*,#10488,.T.);
#11903 = ORIENTED_EDGE('',*,*,#11904,.T.);
#11904 = EDGE_CURVE('',#10489,#11133,#11905,.T.);
#11905 = LINE('',#11906,#11907);
#11906 = CARTESIAN_POINT('',(128.5,-116.44,-4.6E-02));
#11907 = VECTOR('',#11908,1.);
#11908 = DIRECTION('',(0.,0.,1.));
#11909 = ORIENTED_EDGE('',*,*,#11132,.F.);
#11910 = ORIENTED_EDGE('',*,*,#11904,.F.);
#11911 = CYLINDRICAL_SURFACE('',#11912,0.4);
#11912 = AXIS2_PLACEMENT_3D('',#11913,#11914,#11915);
#11913 = CARTESIAN_POINT('',(128.5,-116.04,-4.6E-02));
#11914 = DIRECTION('',(-0.,-0.,-1.));
#11915 = DIRECTION('',(-0.,-1.,0.));
#11916 = ADVANCED_FACE('',(#11917),#11928,.F.);
#11917 = FACE_BOUND('',#11918,.T.);
#11918 = EDGE_LOOP('',(#11919,#11920,#11926,#11927));
#11919 = ORIENTED_EDGE('',*,*,#10499,.T.);
#11920 = ORIENTED_EDGE('',*,*,#11921,.T.);
#11921 = EDGE_CURVE('',#10500,#11144,#11922,.T.);
#11922 = LINE('',#11923,#11924);
#11923 = CARTESIAN_POINT('',(128.5,-113.9,-4.6E-02));
#11924 = VECTOR('',#11925,1.);
#11925 = DIRECTION('',(0.,0.,1.));
#11926 = ORIENTED_EDGE('',*,*,#11143,.F.);
#11927 = ORIENTED_EDGE('',*,*,#11921,.F.);
#11928 = CYLINDRICAL_SURFACE('',#11929,0.4);
#11929 = AXIS2_PLACEMENT_3D('',#11930,#11931,#11932);
#11930 = CARTESIAN_POINT('',(128.5,-113.5,-4.6E-02));
#11931 = DIRECTION('',(-0.,-0.,-1.));
#11932 = DIRECTION('',(-0.,-1.,0.));
#11933 = ADVANCED_FACE('',(#11934),#11945,.F.);
#11934 = FACE_BOUND('',#11935,.T.);
#11935 = EDGE_LOOP('',(#11936,#11937,#11943,#11944));
#11936 = ORIENTED_EDGE('',*,*,#10510,.T.);
#11937 = ORIENTED_EDGE('',*,*,#11938,.T.);
#11938 = EDGE_CURVE('',#10511,#11155,#11939,.T.);
#11939 = LINE('',#11940,#11941);
#11940 = CARTESIAN_POINT('',(96.,-109.02,-4.6E-02));
#11941 = VECTOR('',#11942,1.);
#11942 = DIRECTION('',(0.,0.,1.));
#11943 = ORIENTED_EDGE('',*,*,#11154,.F.);
#11944 = ORIENTED_EDGE('',*,*,#11938,.F.);
#11945 = CYLINDRICAL_SURFACE('',#11946,0.4);
#11946 = AXIS2_PLACEMENT_3D('',#11947,#11948,#11949);
#11947 = CARTESIAN_POINT('',(96.,-108.62,-4.6E-02));
#11948 = DIRECTION('',(-0.,-0.,-1.));
#11949 = DIRECTION('',(-0.,-1.,0.));
#11950 = ADVANCED_FACE('',(#11951),#11962,.F.);
#11951 = FACE_BOUND('',#11952,.T.);
#11952 = EDGE_LOOP('',(#11953,#11954,#11960,#11961));
#11953 = ORIENTED_EDGE('',*,*,#10521,.T.);
#11954 = ORIENTED_EDGE('',*,*,#11955,.T.);
#11955 = EDGE_CURVE('',#10522,#11166,#11956,.T.);
#11956 = LINE('',#11957,#11958);
#11957 = CARTESIAN_POINT('',(96.,-106.48,-4.6E-02));
#11958 = VECTOR('',#11959,1.);
#11959 = DIRECTION('',(0.,0.,1.));
#11960 = ORIENTED_EDGE('',*,*,#11165,.F.);
#11961 = ORIENTED_EDGE('',*,*,#11955,.F.);
#11962 = CYLINDRICAL_SURFACE('',#11963,0.4);
#11963 = AXIS2_PLACEMENT_3D('',#11964,#11965,#11966);
#11964 = CARTESIAN_POINT('',(96.,-106.08,-4.6E-02));
#11965 = DIRECTION('',(-0.,-0.,-1.));
#11966 = DIRECTION('',(-0.,-1.,0.));
#11967 = ADVANCED_FACE('',(#11968),#11979,.F.);
#11968 = FACE_BOUND('',#11969,.T.);
#11969 = EDGE_LOOP('',(#11970,#11971,#11977,#11978));
#11970 = ORIENTED_EDGE('',*,*,#10532,.T.);
#11971 = ORIENTED_EDGE('',*,*,#11972,.T.);
#11972 = EDGE_CURVE('',#10533,#11177,#11973,.T.);
#11973 = LINE('',#11974,#11975);
#11974 = CARTESIAN_POINT('',(103.1,-111.36,-4.6E-02));
#11975 = VECTOR('',#11976,1.);
#11976 = DIRECTION('',(0.,0.,1.));
#11977 = ORIENTED_EDGE('',*,*,#11176,.F.);
#11978 = ORIENTED_EDGE('',*,*,#11972,.F.);
#11979 = CYLINDRICAL_SURFACE('',#11980,0.4);
#11980 = AXIS2_PLACEMENT_3D('',#11981,#11982,#11983);
#11981 = CARTESIAN_POINT('',(103.1,-110.96,-4.6E-02));
#11982 = DIRECTION('',(-0.,-0.,-1.));
#11983 = DIRECTION('',(-0.,-1.,0.));
#11984 = ADVANCED_FACE('',(#11985),#11996,.F.);
#11985 = FACE_BOUND('',#11986,.T.);
#11986 = EDGE_LOOP('',(#11987,#11988,#11994,#11995));
#11987 = ORIENTED_EDGE('',*,*,#10543,.T.);
#11988 = ORIENTED_EDGE('',*,*,#11989,.T.);
#11989 = EDGE_CURVE('',#10544,#11188,#11990,.T.);
#11990 = LINE('',#11991,#11992);
#11991 = CARTESIAN_POINT('',(103.1,-108.82,-4.6E-02));
#11992 = VECTOR('',#11993,1.);
#11993 = DIRECTION('',(0.,0.,1.));
#11994 = ORIENTED_EDGE('',*,*,#11187,.F.);
#11995 = ORIENTED_EDGE('',*,*,#11989,.F.);
#11996 = CYLINDRICAL_SURFACE('',#11997,0.4);
#11997 = AXIS2_PLACEMENT_3D('',#11998,#11999,#12000);
#11998 = CARTESIAN_POINT('',(103.1,-108.42,-4.6E-02));
#11999 = DIRECTION('',(-0.,-0.,-1.));
#12000 = DIRECTION('',(-0.,-1.,0.));
#12001 = ADVANCED_FACE('',(#12002),#12013,.F.);
#12002 = FACE_BOUND('',#12003,.T.);
#12003 = EDGE_LOOP('',(#12004,#12005,#12011,#12012));
#12004 = ORIENTED_EDGE('',*,*,#10554,.T.);
#12005 = ORIENTED_EDGE('',*,*,#12006,.T.);
#12006 = EDGE_CURVE('',#10555,#11199,#12007,.T.);
#12007 = LINE('',#12008,#12009);
#12008 = CARTESIAN_POINT('',(103.1,-106.28,-4.6E-02));
#12009 = VECTOR('',#12010,1.);
#12010 = DIRECTION('',(0.,0.,1.));
#12011 = ORIENTED_EDGE('',*,*,#11198,.F.);
#12012 = ORIENTED_EDGE('',*,*,#12006,.F.);
#12013 = CYLINDRICAL_SURFACE('',#12014,0.4);
#12014 = AXIS2_PLACEMENT_3D('',#12015,#12016,#12017);
#12015 = CARTESIAN_POINT('',(103.1,-105.88,-4.6E-02));
#12016 = DIRECTION('',(-0.,-0.,-1.));
#12017 = DIRECTION('',(-0.,-1.,0.));
#12018 = ADVANCED_FACE('',(#12019),#12030,.F.);
#12019 = FACE_BOUND('',#12020,.T.);
#12020 = EDGE_LOOP('',(#12021,#12022,#12028,#12029));
#12021 = ORIENTED_EDGE('',*,*,#10565,.T.);
#12022 = ORIENTED_EDGE('',*,*,#12023,.T.);
#12023 = EDGE_CURVE('',#10566,#11210,#12024,.T.);
#12024 = LINE('',#12025,#12026);
#12025 = CARTESIAN_POINT('',(96.,-103.94,-4.6E-02));
#12026 = VECTOR('',#12027,1.);
#12027 = DIRECTION('',(0.,0.,1.));
#12028 = ORIENTED_EDGE('',*,*,#11209,.F.);
#12029 = ORIENTED_EDGE('',*,*,#12023,.F.);
#12030 = CYLINDRICAL_SURFACE('',#12031,0.4);
#12031 = AXIS2_PLACEMENT_3D('',#12032,#12033,#12034);
#12032 = CARTESIAN_POINT('',(96.,-103.54,-4.6E-02));
#12033 = DIRECTION('',(-0.,-0.,-1.));
#12034 = DIRECTION('',(-0.,-1.,0.));
#12035 = ADVANCED_FACE('',(#12036),#12047,.F.);
#12036 = FACE_BOUND('',#12037,.T.);
#12037 = EDGE_LOOP('',(#12038,#12039,#12045,#12046));
#12038 = ORIENTED_EDGE('',*,*,#10576,.T.);
#12039 = ORIENTED_EDGE('',*,*,#12040,.T.);
#12040 = EDGE_CURVE('',#10577,#11221,#12041,.T.);
#12041 = LINE('',#12042,#12043);
#12042 = CARTESIAN_POINT('',(96.,-101.4,-4.6E-02));
#12043 = VECTOR('',#12044,1.);
#12044 = DIRECTION('',(0.,0.,1.));
#12045 = ORIENTED_EDGE('',*,*,#11220,.F.);
#12046 = ORIENTED_EDGE('',*,*,#12040,.F.);
#12047 = CYLINDRICAL_SURFACE('',#12048,0.4);
#12048 = AXIS2_PLACEMENT_3D('',#12049,#12050,#12051);
#12049 = CARTESIAN_POINT('',(96.,-101.,-4.6E-02));
#12050 = DIRECTION('',(-0.,-0.,-1.));
#12051 = DIRECTION('',(-0.,-1.,0.));
#12052 = ADVANCED_FACE('',(#12053),#12064,.F.);
#12053 = FACE_BOUND('',#12054,.T.);
#12054 = EDGE_LOOP('',(#12055,#12056,#12062,#12063));
#12055 = ORIENTED_EDGE('',*,*,#10587,.T.);
#12056 = ORIENTED_EDGE('',*,*,#12057,.T.);
#12057 = EDGE_CURVE('',#10588,#11232,#12058,.T.);
#12058 = LINE('',#12059,#12060);
#12059 = CARTESIAN_POINT('',(103.1,-103.74,-4.6E-02));
#12060 = VECTOR('',#12061,1.);
#12061 = DIRECTION('',(0.,0.,1.));
#12062 = ORIENTED_EDGE('',*,*,#11231,.F.);
#12063 = ORIENTED_EDGE('',*,*,#12057,.F.);
#12064 = CYLINDRICAL_SURFACE('',#12065,0.4);
#12065 = AXIS2_PLACEMENT_3D('',#12066,#12067,#12068);
#12066 = CARTESIAN_POINT('',(103.1,-103.34,-4.6E-02));
#12067 = DIRECTION('',(-0.,-0.,-1.));
#12068 = DIRECTION('',(-0.,-1.,0.));
#12069 = ADVANCED_FACE('',(#12070),#12081,.F.);
#12070 = FACE_BOUND('',#12071,.T.);
#12071 = EDGE_LOOP('',(#12072,#12073,#12079,#12080));
#12072 = ORIENTED_EDGE('',*,*,#10598,.T.);
#12073 = ORIENTED_EDGE('',*,*,#12074,.T.);
#12074 = EDGE_CURVE('',#10599,#11243,#12075,.T.);
#12075 = LINE('',#12076,#12077);
#12076 = CARTESIAN_POINT('',(103.1,-101.2,-4.6E-02));
#12077 = VECTOR('',#12078,1.);
#12078 = DIRECTION('',(0.,0.,1.));
#12079 = ORIENTED_EDGE('',*,*,#11242,.F.);
#12080 = ORIENTED_EDGE('',*,*,#12074,.F.);
#12081 = CYLINDRICAL_SURFACE('',#12082,0.4);
#12082 = AXIS2_PLACEMENT_3D('',#12083,#12084,#12085);
#12083 = CARTESIAN_POINT('',(103.1,-100.8,-4.6E-02));
#12084 = DIRECTION('',(-0.,-0.,-1.));
#12085 = DIRECTION('',(-0.,-1.,0.));
#12086 = ADVANCED_FACE('',(#12087),#12098,.F.);
#12087 = FACE_BOUND('',#12088,.T.);
#12088 = EDGE_LOOP('',(#12089,#12090,#12096,#12097));
#12089 = ORIENTED_EDGE('',*,*,#10609,.T.);
#12090 = ORIENTED_EDGE('',*,*,#12091,.T.);
#12091 = EDGE_CURVE('',#10610,#11254,#12092,.T.);
#12092 = LINE('',#12093,#12094);
#12093 = CARTESIAN_POINT('',(96.,-98.86,-4.6E-02));
#12094 = VECTOR('',#12095,1.);
#12095 = DIRECTION('',(0.,0.,1.));
#12096 = ORIENTED_EDGE('',*,*,#11253,.F.);
#12097 = ORIENTED_EDGE('',*,*,#12091,.F.);
#12098 = CYLINDRICAL_SURFACE('',#12099,0.4);
#12099 = AXIS2_PLACEMENT_3D('',#12100,#12101,#12102);
#12100 = CARTESIAN_POINT('',(96.,-98.46,-4.6E-02));
#12101 = DIRECTION('',(-0.,-0.,-1.));
#12102 = DIRECTION('',(-0.,-1.,0.));
#12103 = ADVANCED_FACE('',(#12104),#12115,.F.);
#12104 = FACE_BOUND('',#12105,.T.);
#12105 = EDGE_LOOP('',(#12106,#12107,#12113,#12114));
#12106 = ORIENTED_EDGE('',*,*,#10620,.T.);
#12107 = ORIENTED_EDGE('',*,*,#12108,.T.);
#12108 = EDGE_CURVE('',#10621,#11265,#12109,.T.);
#12109 = LINE('',#12110,#12111);
#12110 = CARTESIAN_POINT('',(96.,-96.32,-4.6E-02));
#12111 = VECTOR('',#12112,1.);
#12112 = DIRECTION('',(0.,0.,1.));
#12113 = ORIENTED_EDGE('',*,*,#11264,.F.);
#12114 = ORIENTED_EDGE('',*,*,#12108,.F.);
#12115 = CYLINDRICAL_SURFACE('',#12116,0.4);
#12116 = AXIS2_PLACEMENT_3D('',#12117,#12118,#12119);
#12117 = CARTESIAN_POINT('',(96.,-95.92,-4.6E-02));
#12118 = DIRECTION('',(-0.,-0.,-1.));
#12119 = DIRECTION('',(-0.,-1.,0.));
#12120 = ADVANCED_FACE('',(#12121),#12132,.F.);
#12121 = FACE_BOUND('',#12122,.T.);
#12122 = EDGE_LOOP('',(#12123,#12124,#12130,#12131));
#12123 = ORIENTED_EDGE('',*,*,#10631,.T.);
#12124 = ORIENTED_EDGE('',*,*,#12125,.T.);
#12125 = EDGE_CURVE('',#10632,#11276,#12126,.T.);
#12126 = LINE('',#12127,#12128);
#12127 = CARTESIAN_POINT('',(103.1,-98.66,-4.6E-02));
#12128 = VECTOR('',#12129,1.);
#12129 = DIRECTION('',(0.,0.,1.));
#12130 = ORIENTED_EDGE('',*,*,#11275,.F.);
#12131 = ORIENTED_EDGE('',*,*,#12125,.F.);
#12132 = CYLINDRICAL_SURFACE('',#12133,0.4);
#12133 = AXIS2_PLACEMENT_3D('',#12134,#12135,#12136);
#12134 = CARTESIAN_POINT('',(103.1,-98.26,-4.6E-02));
#12135 = DIRECTION('',(-0.,-0.,-1.));
#12136 = DIRECTION('',(-0.,-1.,0.));
#12137 = ADVANCED_FACE('',(#12138),#12149,.F.);
#12138 = FACE_BOUND('',#12139,.T.);
#12139 = EDGE_LOOP('',(#12140,#12141,#12147,#12148));
#12140 = ORIENTED_EDGE('',*,*,#10642,.T.);
#12141 = ORIENTED_EDGE('',*,*,#12142,.T.);
#12142 = EDGE_CURVE('',#10643,#11287,#12143,.T.);
#12143 = LINE('',#12144,#12145);
#12144 = CARTESIAN_POINT('',(103.1,-96.12,-4.6E-02));
#12145 = VECTOR('',#12146,1.);
#12146 = DIRECTION('',(0.,0.,1.));
#12147 = ORIENTED_EDGE('',*,*,#11286,.F.);
#12148 = ORIENTED_EDGE('',*,*,#12142,.F.);
#12149 = CYLINDRICAL_SURFACE('',#12150,0.4);
#12150 = AXIS2_PLACEMENT_3D('',#12151,#12152,#12153);
#12151 = CARTESIAN_POINT('',(103.1,-95.72,-4.6E-02));
#12152 = DIRECTION('',(-0.,-0.,-1.));
#12153 = DIRECTION('',(-0.,-1.,0.));
#12154 = ADVANCED_FACE('',(#12155),#12166,.F.);
#12155 = FACE_BOUND('',#12156,.T.);
#12156 = EDGE_LOOP('',(#12157,#12158,#12164,#12165));
#12157 = ORIENTED_EDGE('',*,*,#10653,.T.);
#12158 = ORIENTED_EDGE('',*,*,#12159,.T.);
#12159 = EDGE_CURVE('',#10654,#11298,#12160,.T.);
#12160 = LINE('',#12161,#12162);
#12161 = CARTESIAN_POINT('',(103.1,-93.58,-4.6E-02));
#12162 = VECTOR('',#12163,1.);
#12163 = DIRECTION('',(0.,0.,1.));
#12164 = ORIENTED_EDGE('',*,*,#11297,.F.);
#12165 = ORIENTED_EDGE('',*,*,#12159,.F.);
#12166 = CYLINDRICAL_SURFACE('',#12167,0.4);
#12167 = AXIS2_PLACEMENT_3D('',#12168,#12169,#12170);
#12168 = CARTESIAN_POINT('',(103.1,-93.18,-4.6E-02));
#12169 = DIRECTION('',(-0.,-0.,-1.));
#12170 = DIRECTION('',(-0.,-1.,0.));
#12171 = ADVANCED_FACE('',(#12172),#12183,.F.);
#12172 = FACE_BOUND('',#12173,.T.);
#12173 = EDGE_LOOP('',(#12174,#12175,#12181,#12182));
#12174 = ORIENTED_EDGE('',*,*,#10664,.T.);
#12175 = ORIENTED_EDGE('',*,*,#12176,.T.);
#12176 = EDGE_CURVE('',#10665,#11309,#12177,.T.);
#12177 = LINE('',#12178,#12179);
#12178 = CARTESIAN_POINT('',(103.1,-91.04,-4.6E-02));
#12179 = VECTOR('',#12180,1.);
#12180 = DIRECTION('',(0.,0.,1.));
#12181 = ORIENTED_EDGE('',*,*,#11308,.F.);
#12182 = ORIENTED_EDGE('',*,*,#12176,.F.);
#12183 = CYLINDRICAL_SURFACE('',#12184,0.4);
#12184 = AXIS2_PLACEMENT_3D('',#12185,#12186,#12187);
#12185 = CARTESIAN_POINT('',(103.1,-90.64,-4.6E-02));
#12186 = DIRECTION('',(-0.,-0.,-1.));
#12187 = DIRECTION('',(-0.,-1.,0.));
#12188 = ADVANCED_FACE('',(#12189),#12200,.F.);
#12189 = FACE_BOUND('',#12190,.T.);
#12190 = EDGE_LOOP('',(#12191,#12192,#12198,#12199));
#12191 = ORIENTED_EDGE('',*,*,#10675,.T.);
#12192 = ORIENTED_EDGE('',*,*,#12193,.T.);
#12193 = EDGE_CURVE('',#10676,#11320,#12194,.T.);
#12194 = LINE('',#12195,#12196);
#12195 = CARTESIAN_POINT('',(103.1,-88.5,-4.6E-02));
#12196 = VECTOR('',#12197,1.);
#12197 = DIRECTION('',(0.,0.,1.));
#12198 = ORIENTED_EDGE('',*,*,#11319,.F.);
#12199 = ORIENTED_EDGE('',*,*,#12193,.F.);
#12200 = CYLINDRICAL_SURFACE('',#12201,0.4);
#12201 = AXIS2_PLACEMENT_3D('',#12202,#12203,#12204);
#12202 = CARTESIAN_POINT('',(103.1,-88.1,-4.6E-02));
#12203 = DIRECTION('',(-0.,-0.,-1.));
#12204 = DIRECTION('',(-0.,-1.,0.));
#12205 = ADVANCED_FACE('',(#12206),#12217,.F.);
#12206 = FACE_BOUND('',#12207,.T.);
#12207 = EDGE_LOOP('',(#12208,#12209,#12215,#12216));
#12208 = ORIENTED_EDGE('',*,*,#10686,.T.);
#12209 = ORIENTED_EDGE('',*,*,#12210,.T.);
#12210 = EDGE_CURVE('',#10687,#11331,#12211,.T.);
#12211 = LINE('',#12212,#12213);
#12212 = CARTESIAN_POINT('',(103.1,-85.96,-4.6E-02));
#12213 = VECTOR('',#12214,1.);
#12214 = DIRECTION('',(0.,0.,1.));
#12215 = ORIENTED_EDGE('',*,*,#11330,.F.);
#12216 = ORIENTED_EDGE('',*,*,#12210,.F.);
#12217 = CYLINDRICAL_SURFACE('',#12218,0.4);
#12218 = AXIS2_PLACEMENT_3D('',#12219,#12220,#12221);
#12219 = CARTESIAN_POINT('',(103.1,-85.56,-4.6E-02));
#12220 = DIRECTION('',(-0.,-0.,-1.));
#12221 = DIRECTION('',(-0.,-1.,0.));
#12222 = ADVANCED_FACE('',(#12223),#12234,.F.);
#12223 = FACE_BOUND('',#12224,.T.);
#12224 = EDGE_LOOP('',(#12225,#12226,#12232,#12233));
#12225 = ORIENTED_EDGE('',*,*,#10697,.T.);
#12226 = ORIENTED_EDGE('',*,*,#12227,.T.);
#12227 = EDGE_CURVE('',#10698,#11342,#12228,.T.);
#12228 = LINE('',#12229,#12230);
#12229 = CARTESIAN_POINT('',(128.5,-111.36,-4.6E-02));
#12230 = VECTOR('',#12231,1.);
#12231 = DIRECTION('',(0.,0.,1.));
#12232 = ORIENTED_EDGE('',*,*,#11341,.F.);
#12233 = ORIENTED_EDGE('',*,*,#12227,.F.);
#12234 = CYLINDRICAL_SURFACE('',#12235,0.4);
#12235 = AXIS2_PLACEMENT_3D('',#12236,#12237,#12238);
#12236 = CARTESIAN_POINT('',(128.5,-110.96,-4.6E-02));
#12237 = DIRECTION('',(-0.,-0.,-1.));
#12238 = DIRECTION('',(-0.,-1.,0.));
#12239 = ADVANCED_FACE('',(#12240),#12251,.F.);
#12240 = FACE_BOUND('',#12241,.T.);
#12241 = EDGE_LOOP('',(#12242,#12243,#12249,#12250));
#12242 = ORIENTED_EDGE('',*,*,#10708,.T.);
#12243 = ORIENTED_EDGE('',*,*,#12244,.T.);
#12244 = EDGE_CURVE('',#10709,#11353,#12245,.T.);
#12245 = LINE('',#12246,#12247);
#12246 = CARTESIAN_POINT('',(128.5,-108.82,-4.6E-02));
#12247 = VECTOR('',#12248,1.);
#12248 = DIRECTION('',(0.,0.,1.));
#12249 = ORIENTED_EDGE('',*,*,#11352,.F.);
#12250 = ORIENTED_EDGE('',*,*,#12244,.F.);
#12251 = CYLINDRICAL_SURFACE('',#12252,0.4);
#12252 = AXIS2_PLACEMENT_3D('',#12253,#12254,#12255);
#12253 = CARTESIAN_POINT('',(128.5,-108.42,-4.6E-02));
#12254 = DIRECTION('',(-0.,-0.,-1.));
#12255 = DIRECTION('',(-0.,-1.,0.));
#12256 = ADVANCED_FACE('',(#12257),#12268,.F.);
#12257 = FACE_BOUND('',#12258,.T.);
#12258 = EDGE_LOOP('',(#12259,#12260,#12266,#12267));
#12259 = ORIENTED_EDGE('',*,*,#10719,.T.);
#12260 = ORIENTED_EDGE('',*,*,#12261,.T.);
#12261 = EDGE_CURVE('',#10720,#11364,#12262,.T.);
#12262 = LINE('',#12263,#12264);
#12263 = CARTESIAN_POINT('',(128.5,-106.28,-4.6E-02));
#12264 = VECTOR('',#12265,1.);
#12265 = DIRECTION('',(0.,0.,1.));
#12266 = ORIENTED_EDGE('',*,*,#11363,.F.);
#12267 = ORIENTED_EDGE('',*,*,#12261,.F.);
#12268 = CYLINDRICAL_SURFACE('',#12269,0.4);
#12269 = AXIS2_PLACEMENT_3D('',#12270,#12271,#12272);
#12270 = CARTESIAN_POINT('',(128.5,-105.88,-4.6E-02));
#12271 = DIRECTION('',(-0.,-0.,-1.));
#12272 = DIRECTION('',(-0.,-1.,0.));
#12273 = ADVANCED_FACE('',(#12274),#12285,.F.);
#12274 = FACE_BOUND('',#12275,.T.);
#12275 = EDGE_LOOP('',(#12276,#12277,#12283,#12284));
#12276 = ORIENTED_EDGE('',*,*,#10730,.T.);
#12277 = ORIENTED_EDGE('',*,*,#12278,.T.);
#12278 = EDGE_CURVE('',#10731,#11375,#12279,.T.);
#12279 = LINE('',#12280,#12281);
#12280 = CARTESIAN_POINT('',(128.5,-103.74,-4.6E-02));
#12281 = VECTOR('',#12282,1.);
#12282 = DIRECTION('',(0.,0.,1.));
#12283 = ORIENTED_EDGE('',*,*,#11374,.F.);
#12284 = ORIENTED_EDGE('',*,*,#12278,.F.);
#12285 = CYLINDRICAL_SURFACE('',#12286,0.4);
#12286 = AXIS2_PLACEMENT_3D('',#12287,#12288,#12289);
#12287 = CARTESIAN_POINT('',(128.5,-103.34,-4.6E-02));
#12288 = DIRECTION('',(-0.,-0.,-1.));
#12289 = DIRECTION('',(-0.,-1.,0.));
#12290 = ADVANCED_FACE('',(#12291),#12302,.F.);
#12291 = FACE_BOUND('',#12292,.T.);
#12292 = EDGE_LOOP('',(#12293,#12294,#12300,#12301));
#12293 = ORIENTED_EDGE('',*,*,#10741,.T.);
#12294 = ORIENTED_EDGE('',*,*,#12295,.T.);
#12295 = EDGE_CURVE('',#10742,#11386,#12296,.T.);
#12296 = LINE('',#12297,#12298);
#12297 = CARTESIAN_POINT('',(128.5,-101.2,-4.6E-02));
#12298 = VECTOR('',#12299,1.);
#12299 = DIRECTION('',(0.,0.,1.));
#12300 = ORIENTED_EDGE('',*,*,#11385,.F.);
#12301 = ORIENTED_EDGE('',*,*,#12295,.F.);
#12302 = CYLINDRICAL_SURFACE('',#12303,0.4);
#12303 = AXIS2_PLACEMENT_3D('',#12304,#12305,#12306);
#12304 = CARTESIAN_POINT('',(128.5,-100.8,-4.6E-02));
#12305 = DIRECTION('',(-0.,-0.,-1.));
#12306 = DIRECTION('',(-0.,-1.,0.));
#12307 = ADVANCED_FACE('',(#12308),#12319,.F.);
#12308 = FACE_BOUND('',#12309,.T.);
#12309 = EDGE_LOOP('',(#12310,#12311,#12317,#12318));
#12310 = ORIENTED_EDGE('',*,*,#10752,.T.);
#12311 = ORIENTED_EDGE('',*,*,#12312,.T.);
#12312 = EDGE_CURVE('',#10753,#11397,#12313,.T.);
#12313 = LINE('',#12314,#12315);
#12314 = CARTESIAN_POINT('',(139.5,-109.02,-4.6E-02));
#12315 = VECTOR('',#12316,1.);
#12316 = DIRECTION('',(0.,0.,1.));
#12317 = ORIENTED_EDGE('',*,*,#11396,.F.);
#12318 = ORIENTED_EDGE('',*,*,#12312,.F.);
#12319 = CYLINDRICAL_SURFACE('',#12320,0.4);
#12320 = AXIS2_PLACEMENT_3D('',#12321,#12322,#12323);
#12321 = CARTESIAN_POINT('',(139.5,-108.62,-4.6E-02));
#12322 = DIRECTION('',(-0.,-0.,-1.));
#12323 = DIRECTION('',(-0.,-1.,0.));
#12324 = ADVANCED_FACE('',(#12325),#12336,.F.);
#12325 = FACE_BOUND('',#12326,.T.);
#12326 = EDGE_LOOP('',(#12327,#12328,#12334,#12335));
#12327 = ORIENTED_EDGE('',*,*,#10763,.T.);
#12328 = ORIENTED_EDGE('',*,*,#12329,.T.);
#12329 = EDGE_CURVE('',#10764,#11408,#12330,.T.);
#12330 = LINE('',#12331,#12332);
#12331 = CARTESIAN_POINT('',(139.5,-106.48,-4.6E-02));
#12332 = VECTOR('',#12333,1.);
#12333 = DIRECTION('',(0.,0.,1.));
#12334 = ORIENTED_EDGE('',*,*,#11407,.F.);
#12335 = ORIENTED_EDGE('',*,*,#12329,.F.);
#12336 = CYLINDRICAL_SURFACE('',#12337,0.4);
#12337 = AXIS2_PLACEMENT_3D('',#12338,#12339,#12340);
#12338 = CARTESIAN_POINT('',(139.5,-106.08,-4.6E-02));
#12339 = DIRECTION('',(-0.,-0.,-1.));
#12340 = DIRECTION('',(-0.,-1.,0.));
#12341 = ADVANCED_FACE('',(#12342),#12353,.F.);
#12342 = FACE_BOUND('',#12343,.T.);
#12343 = EDGE_LOOP('',(#12344,#12345,#12351,#12352));
#12344 = ORIENTED_EDGE('',*,*,#10774,.T.);
#12345 = ORIENTED_EDGE('',*,*,#12346,.T.);
#12346 = EDGE_CURVE('',#10775,#11419,#12347,.T.);
#12347 = LINE('',#12348,#12349);
#12348 = CARTESIAN_POINT('',(139.5,-103.94,-4.6E-02));
#12349 = VECTOR('',#12350,1.);
#12350 = DIRECTION('',(0.,0.,1.));
#12351 = ORIENTED_EDGE('',*,*,#11418,.F.);
#12352 = ORIENTED_EDGE('',*,*,#12346,.F.);
#12353 = CYLINDRICAL_SURFACE('',#12354,0.4);
#12354 = AXIS2_PLACEMENT_3D('',#12355,#12356,#12357);
#12355 = CARTESIAN_POINT('',(139.5,-103.54,-4.6E-02));
#12356 = DIRECTION('',(-0.,-0.,-1.));
#12357 = DIRECTION('',(-0.,-1.,0.));
#12358 = ADVANCED_FACE('',(#12359),#12370,.F.);
#12359 = FACE_BOUND('',#12360,.T.);
#12360 = EDGE_LOOP('',(#12361,#12362,#12368,#12369));
#12361 = ORIENTED_EDGE('',*,*,#10785,.T.);
#12362 = ORIENTED_EDGE('',*,*,#12363,.T.);
#12363 = EDGE_CURVE('',#10786,#11430,#12364,.T.);
#12364 = LINE('',#12365,#12366);
#12365 = CARTESIAN_POINT('',(139.5,-101.4,-4.6E-02));
#12366 = VECTOR('',#12367,1.);
#12367 = DIRECTION('',(0.,0.,1.));
#12368 = ORIENTED_EDGE('',*,*,#11429,.F.);
#12369 = ORIENTED_EDGE('',*,*,#12363,.F.);
#12370 = CYLINDRICAL_SURFACE('',#12371,0.4);
#12371 = AXIS2_PLACEMENT_3D('',#12372,#12373,#12374);
#12372 = CARTESIAN_POINT('',(139.5,-101.,-4.6E-02));
#12373 = DIRECTION('',(-0.,-0.,-1.));
#12374 = DIRECTION('',(-0.,-1.,0.));
#12375 = ADVANCED_FACE('',(#12376),#12387,.F.);
#12376 = FACE_BOUND('',#12377,.T.);
#12377 = EDGE_LOOP('',(#12378,#12379,#12385,#12386));
#12378 = ORIENTED_EDGE('',*,*,#10796,.T.);
#12379 = ORIENTED_EDGE('',*,*,#12380,.T.);
#12380 = EDGE_CURVE('',#10797,#11441,#12381,.T.);
#12381 = LINE('',#12382,#12383);
#12382 = CARTESIAN_POINT('',(128.5,-98.66,-4.6E-02));
#12383 = VECTOR('',#12384,1.);
#12384 = DIRECTION('',(0.,0.,1.));
#12385 = ORIENTED_EDGE('',*,*,#11440,.F.);
#12386 = ORIENTED_EDGE('',*,*,#12380,.F.);
#12387 = CYLINDRICAL_SURFACE('',#12388,0.4);
#12388 = AXIS2_PLACEMENT_3D('',#12389,#12390,#12391);
#12389 = CARTESIAN_POINT('',(128.5,-98.26,-4.6E-02));
#12390 = DIRECTION('',(-0.,-0.,-1.));
#12391 = DIRECTION('',(-0.,-1.,0.));
#12392 = ADVANCED_FACE('',(#12393),#12404,.F.);
#12393 = FACE_BOUND('',#12394,.T.);
#12394 = EDGE_LOOP('',(#12395,#12396,#12402,#12403));
#12395 = ORIENTED_EDGE('',*,*,#10807,.T.);
#12396 = ORIENTED_EDGE('',*,*,#12397,.T.);
#12397 = EDGE_CURVE('',#10808,#11452,#12398,.T.);
#12398 = LINE('',#12399,#12400);
#12399 = CARTESIAN_POINT('',(128.5,-96.12,-4.6E-02));
#12400 = VECTOR('',#12401,1.);
#12401 = DIRECTION('',(0.,0.,1.));
#12402 = ORIENTED_EDGE('',*,*,#11451,.F.);
#12403 = ORIENTED_EDGE('',*,*,#12397,.F.);
#12404 = CYLINDRICAL_SURFACE('',#12405,0.4);
#12405 = AXIS2_PLACEMENT_3D('',#12406,#12407,#12408);
#12406 = CARTESIAN_POINT('',(128.5,-95.72,-4.6E-02));
#12407 = DIRECTION('',(-0.,-0.,-1.));
#12408 = DIRECTION('',(-0.,-1.,0.));
#12409 = ADVANCED_FACE('',(#12410),#12421,.F.);
#12410 = FACE_BOUND('',#12411,.T.);
#12411 = EDGE_LOOP('',(#12412,#12413,#12419,#12420));
#12412 = ORIENTED_EDGE('',*,*,#10818,.T.);
#12413 = ORIENTED_EDGE('',*,*,#12414,.T.);
#12414 = EDGE_CURVE('',#10819,#11463,#12415,.T.);
#12415 = LINE('',#12416,#12417);
#12416 = CARTESIAN_POINT('',(128.5,-93.58,-4.6E-02));
#12417 = VECTOR('',#12418,1.);
#12418 = DIRECTION('',(0.,0.,1.));
#12419 = ORIENTED_EDGE('',*,*,#11462,.F.);
#12420 = ORIENTED_EDGE('',*,*,#12414,.F.);
#12421 = CYLINDRICAL_SURFACE('',#12422,0.4);
#12422 = AXIS2_PLACEMENT_3D('',#12423,#12424,#12425);
#12423 = CARTESIAN_POINT('',(128.5,-93.18,-4.6E-02));
#12424 = DIRECTION('',(-0.,-0.,-1.));
#12425 = DIRECTION('',(-0.,-1.,0.));
#12426 = ADVANCED_FACE('',(#12427),#12438,.F.);
#12427 = FACE_BOUND('',#12428,.T.);
#12428 = EDGE_LOOP('',(#12429,#12430,#12436,#12437));
#12429 = ORIENTED_EDGE('',*,*,#10829,.T.);
#12430 = ORIENTED_EDGE('',*,*,#12431,.T.);
#12431 = EDGE_CURVE('',#10830,#11474,#12432,.T.);
#12432 = LINE('',#12433,#12434);
#12433 = CARTESIAN_POINT('',(128.5,-91.04,-4.6E-02));
#12434 = VECTOR('',#12435,1.);
#12435 = DIRECTION('',(0.,0.,1.));
#12436 = ORIENTED_EDGE('',*,*,#11473,.F.);
#12437 = ORIENTED_EDGE('',*,*,#12431,.F.);
#12438 = CYLINDRICAL_SURFACE('',#12439,0.4);
#12439 = AXIS2_PLACEMENT_3D('',#12440,#12441,#12442);
#12440 = CARTESIAN_POINT('',(128.5,-90.64,-4.6E-02));
#12441 = DIRECTION('',(-0.,-0.,-1.));
#12442 = DIRECTION('',(-0.,-1.,0.));
#12443 = ADVANCED_FACE('',(#12444),#12455,.F.);
#12444 = FACE_BOUND('',#12445,.T.);
#12445 = EDGE_LOOP('',(#12446,#12447,#12453,#12454));
#12446 = ORIENTED_EDGE('',*,*,#10840,.T.);
#12447 = ORIENTED_EDGE('',*,*,#12448,.T.);
#12448 = EDGE_CURVE('',#10841,#11485,#12449,.T.);
#12449 = LINE('',#12450,#12451);
#12450 = CARTESIAN_POINT('',(128.5,-88.5,-4.6E-02));
#12451 = VECTOR('',#12452,1.);
#12452 = DIRECTION('',(0.,0.,1.));
#12453 = ORIENTED_EDGE('',*,*,#11484,.F.);
#12454 = ORIENTED_EDGE('',*,*,#12448,.F.);
#12455 = CYLINDRICAL_SURFACE('',#12456,0.4);
#12456 = AXIS2_PLACEMENT_3D('',#12457,#12458,#12459);
#12457 = CARTESIAN_POINT('',(128.5,-88.1,-4.6E-02));
#12458 = DIRECTION('',(-0.,-0.,-1.));
#12459 = DIRECTION('',(-0.,-1.,0.));
#12460 = ADVANCED_FACE('',(#12461),#12472,.F.);
#12461 = FACE_BOUND('',#12462,.T.);
#12462 = EDGE_LOOP('',(#12463,#12464,#12470,#12471));
#12463 = ORIENTED_EDGE('',*,*,#10851,.T.);
#12464 = ORIENTED_EDGE('',*,*,#12465,.T.);
#12465 = EDGE_CURVE('',#10852,#11496,#12466,.T.);
#12466 = LINE('',#12467,#12468);
#12467 = CARTESIAN_POINT('',(128.5,-85.96,-4.6E-02));
#12468 = VECTOR('',#12469,1.);
#12469 = DIRECTION('',(0.,0.,1.));
#12470 = ORIENTED_EDGE('',*,*,#11495,.F.);
#12471 = ORIENTED_EDGE('',*,*,#12465,.F.);
#12472 = CYLINDRICAL_SURFACE('',#12473,0.4);
#12473 = AXIS2_PLACEMENT_3D('',#12474,#12475,#12476);
#12474 = CARTESIAN_POINT('',(128.5,-85.56,-4.6E-02));
#12475 = DIRECTION('',(-0.,-0.,-1.));
#12476 = DIRECTION('',(-0.,-1.,0.));
#12477 = ADVANCED_FACE('',(#12478),#12489,.F.);
#12478 = FACE_BOUND('',#12479,.T.);
#12479 = EDGE_LOOP('',(#12480,#12481,#12487,#12488));
#12480 = ORIENTED_EDGE('',*,*,#10862,.T.);
#12481 = ORIENTED_EDGE('',*,*,#12482,.T.);
#12482 = EDGE_CURVE('',#10863,#11507,#12483,.T.);
#12483 = LINE('',#12484,#12485);
#12484 = CARTESIAN_POINT('',(139.5,-98.86,-4.6E-02));
#12485 = VECTOR('',#12486,1.);
#12486 = DIRECTION('',(0.,0.,1.));
#12487 = ORIENTED_EDGE('',*,*,#11506,.F.);
#12488 = ORIENTED_EDGE('',*,*,#12482,.F.);
#12489 = CYLINDRICAL_SURFACE('',#12490,0.4);
#12490 = AXIS2_PLACEMENT_3D('',#12491,#12492,#12493);
#12491 = CARTESIAN_POINT('',(139.5,-98.46,-4.6E-02));
#12492 = DIRECTION('',(-0.,-0.,-1.));
#12493 = DIRECTION('',(-0.,-1.,0.));
#12494 = ADVANCED_FACE('',(#12495),#12506,.F.);
#12495 = FACE_BOUND('',#12496,.T.);
#12496 = EDGE_LOOP('',(#12497,#12498,#12504,#12505));
#12497 = ORIENTED_EDGE('',*,*,#10873,.T.);
#12498 = ORIENTED_EDGE('',*,*,#12499,.T.);
#12499 = EDGE_CURVE('',#10874,#11518,#12500,.T.);
#12500 = LINE('',#12501,#12502);
#12501 = CARTESIAN_POINT('',(139.5,-96.32,-4.6E-02));
#12502 = VECTOR('',#12503,1.);
#12503 = DIRECTION('',(0.,0.,1.));
#12504 = ORIENTED_EDGE('',*,*,#11517,.F.);
#12505 = ORIENTED_EDGE('',*,*,#12499,.F.);
#12506 = CYLINDRICAL_SURFACE('',#12507,0.4);
#12507 = AXIS2_PLACEMENT_3D('',#12508,#12509,#12510);
#12508 = CARTESIAN_POINT('',(139.5,-95.92,-4.6E-02));
#12509 = DIRECTION('',(-0.,-0.,-1.));
#12510 = DIRECTION('',(-0.,-1.,0.));
#12511 = ( GEOMETRIC_REPRESENTATION_CONTEXT(3) 
GLOBAL_UNCERTAINTY_ASSIGNED_CONTEXT((#12515)) 
GLOBAL_UNIT_ASSIGNED_CONTEXT((#12512,#12513,#12514)) 
REPRESENTATION_CONTEXT('Context #1',
  '3D Context with UNIT and UNCERTAINTY') );
#12512 = ( LENGTH_UNIT() NAMED_UNIT(*) SI_UNIT(.MILLI.,.METRE.) );
#12513 = ( NAMED_UNIT(*) PLANE_ANGLE_UNIT() SI_UNIT($,.RADIAN.) );
#12514 = ( NAMED_UNIT(*) SI_UNIT($,.STERADIAN.) SOLID_ANGLE_UNIT() );
#12515 = UNCERTAINTY_MEASURE_WITH_UNIT(LENGTH_MEASURE(1.E-07),#12512,
  'distance_accuracy_value','confusion accuracy');
#12516 = CONTEXT_DEPENDENT_SHAPE_REPRESENTATION(#12517,#12519);
#12517 = ( REPRESENTATION_RELATIONSHIP('','',#10137,#10) 
REPRESENTATION_RELATIONSHIP_WITH_TRANSFORMATION(#12518) 
SHAPE_REPRESENTATION_RELATIONSHIP() );
#12518 = ITEM_DEFINED_TRANSFORMATION('','',#11,#35);
#12519 = PRODUCT_DEFINITION_SHAPE('Placement','Placement of an item',
  #12520);
#12520 = NEXT_ASSEMBLY_USAGE_OCCURRENCE('6','=>[0:1:1:6]','',#5,#10132,$
  );
#12521 = PRODUCT_RELATED_PRODUCT_CATEGORY('part',$,(#10134));
#12522 = MECHANICAL_DESIGN_GEOMETRIC_PRESENTATION_REPRESENTATION('',(
    #12523,#12531,#12538,#12545,#12552,#12559,#12566,#12573,#12580,
    #12587,#12594,#12601,#12608,#12615,#12622,#12629,#12636,#12644,
    #12651,#12658,#12665,#12672,#12679,#12686,#12693,#12700,#12707,
    #12714,#12721,#12728,#12735,#12742,#12749,#12756,#12763,#12770,
    #12777,#12784,#12791,#12798,#12805,#12812,#12819,#12826,#12833,
    #12840,#12847,#12854,#12861,#12868,#12875,#12882),#1485);
#12523 = STYLED_ITEM('color',(#12524),#55);
#12524 = PRESENTATION_STYLE_ASSIGNMENT((#12525));
#12525 = SURFACE_STYLE_USAGE(.BOTH.,#12526);
#12526 = SURFACE_SIDE_STYLE('',(#12527));
#12527 = SURFACE_STYLE_FILL_AREA(#12528);
#12528 = FILL_AREA_STYLE('',(#12529));
#12529 = FILL_AREA_STYLE_COLOUR('',#12530);
#12530 = COLOUR_RGB('',0.147999998088,0.144999993226,0.144999993226);
#12531 = STYLED_ITEM('color',(#12532),#95);
#12532 = PRESENTATION_STYLE_ASSIGNMENT((#12533));
#12533 = SURFACE_STYLE_USAGE(.BOTH.,#12534);
#12534 = SURFACE_SIDE_STYLE('',(#12535));
#12535 = SURFACE_STYLE_FILL_AREA(#12536);
#12536 = FILL_AREA_STYLE('',(#12537));
#12537 = FILL_AREA_STYLE_COLOUR('',#12530);
#12538 = STYLED_ITEM('color',(#12539),#126);
#12539 = PRESENTATION_STYLE_ASSIGNMENT((#12540));
#12540 = SURFACE_STYLE_USAGE(.BOTH.,#12541);
#12541 = SURFACE_SIDE_STYLE('',(#12542));
#12542 = SURFACE_STYLE_FILL_AREA(#12543);
#12543 = FILL_AREA_STYLE('',(#12544));
#12544 = FILL_AREA_STYLE_COLOUR('',#12530);
#12545 = STYLED_ITEM('color',(#12546),#157);
#12546 = PRESENTATION_STYLE_ASSIGNMENT((#12547));
#12547 = SURFACE_STYLE_USAGE(.BOTH.,#12548);
#12548 = SURFACE_SIDE_STYLE('',(#12549));
#12549 = SURFACE_STYLE_FILL_AREA(#12550);
#12550 = FILL_AREA_STYLE('',(#12551));
#12551 = FILL_AREA_STYLE_COLOUR('',#12530);
#12552 = STYLED_ITEM('color',(#12553),#322);
#12553 = PRESENTATION_STYLE_ASSIGNMENT((#12554));
#12554 = SURFACE_STYLE_USAGE(.BOTH.,#12555);
#12555 = SURFACE_SIDE_STYLE('',(#12556));
#12556 = SURFACE_STYLE_FILL_AREA(#12557);
#12557 = FILL_AREA_STYLE('',(#12558));
#12558 = FILL_AREA_STYLE_COLOUR('',#12530);
#12559 = STYLED_ITEM('color',(#12560),#487);
#12560 = PRESENTATION_STYLE_ASSIGNMENT((#12561));
#12561 = SURFACE_STYLE_USAGE(.BOTH.,#12562);
#12562 = SURFACE_SIDE_STYLE('',(#12563));
#12563 = SURFACE_STYLE_FILL_AREA(#12564);
#12564 = FILL_AREA_STYLE('',(#12565));
#12565 = FILL_AREA_STYLE_COLOUR('',#12530);
#12566 = STYLED_ITEM('color',(#12567),#504);
#12567 = PRESENTATION_STYLE_ASSIGNMENT((#12568));
#12568 = SURFACE_STYLE_USAGE(.BOTH.,#12569);
#12569 = SURFACE_SIDE_STYLE('',(#12570));
#12570 = SURFACE_STYLE_FILL_AREA(#12571);
#12571 = FILL_AREA_STYLE('',(#12572));
#12572 = FILL_AREA_STYLE_COLOUR('',#12530);
#12573 = STYLED_ITEM('color',(#12574),#521);
#12574 = PRESENTATION_STYLE_ASSIGNMENT((#12575));
#12575 = SURFACE_STYLE_USAGE(.BOTH.,#12576);
#12576 = SURFACE_SIDE_STYLE('',(#12577));
#12577 = SURFACE_STYLE_FILL_AREA(#12578);
#12578 = FILL_AREA_STYLE('',(#12579));
#12579 = FILL_AREA_STYLE_COLOUR('',#12530);
#12580 = STYLED_ITEM('color',(#12581),#538);
#12581 = PRESENTATION_STYLE_ASSIGNMENT((#12582));
#12582 = SURFACE_STYLE_USAGE(.BOTH.,#12583);
#12583 = SURFACE_SIDE_STYLE('',(#12584));
#12584 = SURFACE_STYLE_FILL_AREA(#12585);
#12585 = FILL_AREA_STYLE('',(#12586));
#12586 = FILL_AREA_STYLE_COLOUR('',#12530);
#12587 = STYLED_ITEM('color',(#12588),#555);
#12588 = PRESENTATION_STYLE_ASSIGNMENT((#12589));
#12589 = SURFACE_STYLE_USAGE(.BOTH.,#12590);
#12590 = SURFACE_SIDE_STYLE('',(#12591));
#12591 = SURFACE_STYLE_FILL_AREA(#12592);
#12592 = FILL_AREA_STYLE('',(#12593));
#12593 = FILL_AREA_STYLE_COLOUR('',#12530);
#12594 = STYLED_ITEM('color',(#12595),#572);
#12595 = PRESENTATION_STYLE_ASSIGNMENT((#12596));
#12596 = SURFACE_STYLE_USAGE(.BOTH.,#12597);
#12597 = SURFACE_SIDE_STYLE('',(#12598));
#12598 = SURFACE_STYLE_FILL_AREA(#12599);
#12599 = FILL_AREA_STYLE('',(#12600));
#12600 = FILL_AREA_STYLE_COLOUR('',#12530);
#12601 = STYLED_ITEM('color',(#12602),#589);
#12602 = PRESENTATION_STYLE_ASSIGNMENT((#12603));
#12603 = SURFACE_STYLE_USAGE(.BOTH.,#12604);
#12604 = SURFACE_SIDE_STYLE('',(#12605));
#12605 = SURFACE_STYLE_FILL_AREA(#12606);
#12606 = FILL_AREA_STYLE('',(#12607));
#12607 = FILL_AREA_STYLE_COLOUR('',#12530);
#12608 = STYLED_ITEM('color',(#12609),#606);
#12609 = PRESENTATION_STYLE_ASSIGNMENT((#12610));
#12610 = SURFACE_STYLE_USAGE(.BOTH.,#12611);
#12611 = SURFACE_SIDE_STYLE('',(#12612));
#12612 = SURFACE_STYLE_FILL_AREA(#12613);
#12613 = FILL_AREA_STYLE('',(#12614));
#12614 = FILL_AREA_STYLE_COLOUR('',#12530);
#12615 = STYLED_ITEM('color',(#12616),#623);
#12616 = PRESENTATION_STYLE_ASSIGNMENT((#12617));
#12617 = SURFACE_STYLE_USAGE(.BOTH.,#12618);
#12618 = SURFACE_SIDE_STYLE('',(#12619));
#12619 = SURFACE_STYLE_FILL_AREA(#12620);
#12620 = FILL_AREA_STYLE('',(#12621));
#12621 = FILL_AREA_STYLE_COLOUR('',#12530);
#12622 = STYLED_ITEM('color',(#12623),#640);
#12623 = PRESENTATION_STYLE_ASSIGNMENT((#12624));
#12624 = SURFACE_STYLE_USAGE(.BOTH.,#12625);
#12625 = SURFACE_SIDE_STYLE('',(#12626));
#12626 = SURFACE_STYLE_FILL_AREA(#12627);
#12627 = FILL_AREA_STYLE('',(#12628));
#12628 = FILL_AREA_STYLE_COLOUR('',#12530);
#12629 = STYLED_ITEM('color',(#12630),#657);
#12630 = PRESENTATION_STYLE_ASSIGNMENT((#12631));
#12631 = SURFACE_STYLE_USAGE(.BOTH.,#12632);
#12632 = SURFACE_SIDE_STYLE('',(#12633));
#12633 = SURFACE_STYLE_FILL_AREA(#12634);
#12634 = FILL_AREA_STYLE('',(#12635));
#12635 = FILL_AREA_STYLE_COLOUR('',#12530);
#12636 = STYLED_ITEM('color',(#12637),#669);
#12637 = PRESENTATION_STYLE_ASSIGNMENT((#12638));
#12638 = SURFACE_STYLE_USAGE(.BOTH.,#12639);
#12639 = SURFACE_SIDE_STYLE('',(#12640));
#12640 = SURFACE_STYLE_FILL_AREA(#12641);
#12641 = FILL_AREA_STYLE('',(#12642));
#12642 = FILL_AREA_STYLE_COLOUR('',#12643);
#12643 = COLOUR_RGB('',0.859000020776,0.737999965183,0.495999988746);
#12644 = STYLED_ITEM('color',(#12645),#700);
#12645 = PRESENTATION_STYLE_ASSIGNMENT((#12646));
#12646 = SURFACE_STYLE_USAGE(.BOTH.,#12647);
#12647 = SURFACE_SIDE_STYLE('',(#12648));
#12648 = SURFACE_STYLE_FILL_AREA(#12649);
#12649 = FILL_AREA_STYLE('',(#12650));
#12650 = FILL_AREA_STYLE_COLOUR('',#12643);
#12651 = STYLED_ITEM('color',(#12652),#724);
#12652 = PRESENTATION_STYLE_ASSIGNMENT((#12653));
#12653 = SURFACE_STYLE_USAGE(.BOTH.,#12654);
#12654 = SURFACE_SIDE_STYLE('',(#12655));
#12655 = SURFACE_STYLE_FILL_AREA(#12656);
#12656 = FILL_AREA_STYLE('',(#12657));
#12657 = FILL_AREA_STYLE_COLOUR('',#12643);
#12658 = STYLED_ITEM('color',(#12659),#748);
#12659 = PRESENTATION_STYLE_ASSIGNMENT((#12660));
#12660 = SURFACE_STYLE_USAGE(.BOTH.,#12661);
#12661 = SURFACE_SIDE_STYLE('',(#12662));
#12662 = SURFACE_STYLE_FILL_AREA(#12663);
#12663 = FILL_AREA_STYLE('',(#12664));
#12664 = FILL_AREA_STYLE_COLOUR('',#12643);
#12665 = STYLED_ITEM('color',(#12666),#765);
#12666 = PRESENTATION_STYLE_ASSIGNMENT((#12667));
#12667 = SURFACE_STYLE_USAGE(.BOTH.,#12668);
#12668 = SURFACE_SIDE_STYLE('',(#12669));
#12669 = SURFACE_STYLE_FILL_AREA(#12670);
#12670 = FILL_AREA_STYLE('',(#12671));
#12671 = FILL_AREA_STYLE_COLOUR('',#12643);
#12672 = STYLED_ITEM('color',(#12673),#796);
#12673 = PRESENTATION_STYLE_ASSIGNMENT((#12674));
#12674 = SURFACE_STYLE_USAGE(.BOTH.,#12675);
#12675 = SURFACE_SIDE_STYLE('',(#12676));
#12676 = SURFACE_STYLE_FILL_AREA(#12677);
#12677 = FILL_AREA_STYLE('',(#12678));
#12678 = FILL_AREA_STYLE_COLOUR('',#12643);
#12679 = STYLED_ITEM('color',(#12680),#820);
#12680 = PRESENTATION_STYLE_ASSIGNMENT((#12681));
#12681 = SURFACE_STYLE_USAGE(.BOTH.,#12682);
#12682 = SURFACE_SIDE_STYLE('',(#12683));
#12683 = SURFACE_STYLE_FILL_AREA(#12684);
#12684 = FILL_AREA_STYLE('',(#12685));
#12685 = FILL_AREA_STYLE_COLOUR('',#12643);
#12686 = STYLED_ITEM('color',(#12687),#844);
#12687 = PRESENTATION_STYLE_ASSIGNMENT((#12688));
#12688 = SURFACE_STYLE_USAGE(.BOTH.,#12689);
#12689 = SURFACE_SIDE_STYLE('',(#12690));
#12690 = SURFACE_STYLE_FILL_AREA(#12691);
#12691 = FILL_AREA_STYLE('',(#12692));
#12692 = FILL_AREA_STYLE_COLOUR('',#12643);
#12693 = STYLED_ITEM('color',(#12694),#861);
#12694 = PRESENTATION_STYLE_ASSIGNMENT((#12695));
#12695 = SURFACE_STYLE_USAGE(.BOTH.,#12696);
#12696 = SURFACE_SIDE_STYLE('',(#12697));
#12697 = SURFACE_STYLE_FILL_AREA(#12698);
#12698 = FILL_AREA_STYLE('',(#12699));
#12699 = FILL_AREA_STYLE_COLOUR('',#12643);
#12700 = STYLED_ITEM('color',(#12701),#892);
#12701 = PRESENTATION_STYLE_ASSIGNMENT((#12702));
#12702 = SURFACE_STYLE_USAGE(.BOTH.,#12703);
#12703 = SURFACE_SIDE_STYLE('',(#12704));
#12704 = SURFACE_STYLE_FILL_AREA(#12705);
#12705 = FILL_AREA_STYLE('',(#12706));
#12706 = FILL_AREA_STYLE_COLOUR('',#12643);
#12707 = STYLED_ITEM('color',(#12708),#916);
#12708 = PRESENTATION_STYLE_ASSIGNMENT((#12709));
#12709 = SURFACE_STYLE_USAGE(.BOTH.,#12710);
#12710 = SURFACE_SIDE_STYLE('',(#12711));
#12711 = SURFACE_STYLE_FILL_AREA(#12712);
#12712 = FILL_AREA_STYLE('',(#12713));
#12713 = FILL_AREA_STYLE_COLOUR('',#12643);
#12714 = STYLED_ITEM('color',(#12715),#940);
#12715 = PRESENTATION_STYLE_ASSIGNMENT((#12716));
#12716 = SURFACE_STYLE_USAGE(.BOTH.,#12717);
#12717 = SURFACE_SIDE_STYLE('',(#12718));
#12718 = SURFACE_STYLE_FILL_AREA(#12719);
#12719 = FILL_AREA_STYLE('',(#12720));
#12720 = FILL_AREA_STYLE_COLOUR('',#12643);
#12721 = STYLED_ITEM('color',(#12722),#957);
#12722 = PRESENTATION_STYLE_ASSIGNMENT((#12723));
#12723 = SURFACE_STYLE_USAGE(.BOTH.,#12724);
#12724 = SURFACE_SIDE_STYLE('',(#12725));
#12725 = SURFACE_STYLE_FILL_AREA(#12726);
#12726 = FILL_AREA_STYLE('',(#12727));
#12727 = FILL_AREA_STYLE_COLOUR('',#12643);
#12728 = STYLED_ITEM('color',(#12729),#988);
#12729 = PRESENTATION_STYLE_ASSIGNMENT((#12730));
#12730 = SURFACE_STYLE_USAGE(.BOTH.,#12731);
#12731 = SURFACE_SIDE_STYLE('',(#12732));
#12732 = SURFACE_STYLE_FILL_AREA(#12733);
#12733 = FILL_AREA_STYLE('',(#12734));
#12734 = FILL_AREA_STYLE_COLOUR('',#12643);
#12735 = STYLED_ITEM('color',(#12736),#1012);
#12736 = PRESENTATION_STYLE_ASSIGNMENT((#12737));
#12737 = SURFACE_STYLE_USAGE(.BOTH.,#12738);
#12738 = SURFACE_SIDE_STYLE('',(#12739));
#12739 = SURFACE_STYLE_FILL_AREA(#12740);
#12740 = FILL_AREA_STYLE('',(#12741));
#12741 = FILL_AREA_STYLE_COLOUR('',#12643);
#12742 = STYLED_ITEM('color',(#12743),#1036);
#12743 = PRESENTATION_STYLE_ASSIGNMENT((#12744));
#12744 = SURFACE_STYLE_USAGE(.BOTH.,#12745);
#12745 = SURFACE_SIDE_STYLE('',(#12746));
#12746 = SURFACE_STYLE_FILL_AREA(#12747);
#12747 = FILL_AREA_STYLE('',(#12748));
#12748 = FILL_AREA_STYLE_COLOUR('',#12643);
#12749 = STYLED_ITEM('color',(#12750),#1053);
#12750 = PRESENTATION_STYLE_ASSIGNMENT((#12751));
#12751 = SURFACE_STYLE_USAGE(.BOTH.,#12752);
#12752 = SURFACE_SIDE_STYLE('',(#12753));
#12753 = SURFACE_STYLE_FILL_AREA(#12754);
#12754 = FILL_AREA_STYLE('',(#12755));
#12755 = FILL_AREA_STYLE_COLOUR('',#12643);
#12756 = STYLED_ITEM('color',(#12757),#1084);
#12757 = PRESENTATION_STYLE_ASSIGNMENT((#12758));
#12758 = SURFACE_STYLE_USAGE(.BOTH.,#12759);
#12759 = SURFACE_SIDE_STYLE('',(#12760));
#12760 = SURFACE_STYLE_FILL_AREA(#12761);
#12761 = FILL_AREA_STYLE('',(#12762));
#12762 = FILL_AREA_STYLE_COLOUR('',#12643);
#12763 = STYLED_ITEM('color',(#12764),#1108);
#12764 = PRESENTATION_STYLE_ASSIGNMENT((#12765));
#12765 = SURFACE_STYLE_USAGE(.BOTH.,#12766);
#12766 = SURFACE_SIDE_STYLE('',(#12767));
#12767 = SURFACE_STYLE_FILL_AREA(#12768);
#12768 = FILL_AREA_STYLE('',(#12769));
#12769 = FILL_AREA_STYLE_COLOUR('',#12643);
#12770 = STYLED_ITEM('color',(#12771),#1132);
#12771 = PRESENTATION_STYLE_ASSIGNMENT((#12772));
#12772 = SURFACE_STYLE_USAGE(.BOTH.,#12773);
#12773 = SURFACE_SIDE_STYLE('',(#12774));
#12774 = SURFACE_STYLE_FILL_AREA(#12775);
#12775 = FILL_AREA_STYLE('',(#12776));
#12776 = FILL_AREA_STYLE_COLOUR('',#12643);
#12777 = STYLED_ITEM('color',(#12778),#1149);
#12778 = PRESENTATION_STYLE_ASSIGNMENT((#12779));
#12779 = SURFACE_STYLE_USAGE(.BOTH.,#12780);
#12780 = SURFACE_SIDE_STYLE('',(#12781));
#12781 = SURFACE_STYLE_FILL_AREA(#12782);
#12782 = FILL_AREA_STYLE('',(#12783));
#12783 = FILL_AREA_STYLE_COLOUR('',#12643);
#12784 = STYLED_ITEM('color',(#12785),#1180);
#12785 = PRESENTATION_STYLE_ASSIGNMENT((#12786));
#12786 = SURFACE_STYLE_USAGE(.BOTH.,#12787);
#12787 = SURFACE_SIDE_STYLE('',(#12788));
#12788 = SURFACE_STYLE_FILL_AREA(#12789);
#12789 = FILL_AREA_STYLE('',(#12790));
#12790 = FILL_AREA_STYLE_COLOUR('',#12643);
#12791 = STYLED_ITEM('color',(#12792),#1204);
#12792 = PRESENTATION_STYLE_ASSIGNMENT((#12793));
#12793 = SURFACE_STYLE_USAGE(.BOTH.,#12794);
#12794 = SURFACE_SIDE_STYLE('',(#12795));
#12795 = SURFACE_STYLE_FILL_AREA(#12796);
#12796 = FILL_AREA_STYLE('',(#12797));
#12797 = FILL_AREA_STYLE_COLOUR('',#12643);
#12798 = STYLED_ITEM('color',(#12799),#1228);
#12799 = PRESENTATION_STYLE_ASSIGNMENT((#12800));
#12800 = SURFACE_STYLE_USAGE(.BOTH.,#12801);
#12801 = SURFACE_SIDE_STYLE('',(#12802));
#12802 = SURFACE_STYLE_FILL_AREA(#12803);
#12803 = FILL_AREA_STYLE('',(#12804));
#12804 = FILL_AREA_STYLE_COLOUR('',#12643);
#12805 = STYLED_ITEM('color',(#12806),#1245);
#12806 = PRESENTATION_STYLE_ASSIGNMENT((#12807));
#12807 = SURFACE_STYLE_USAGE(.BOTH.,#12808);
#12808 = SURFACE_SIDE_STYLE('',(#12809));
#12809 = SURFACE_STYLE_FILL_AREA(#12810);
#12810 = FILL_AREA_STYLE('',(#12811));
#12811 = FILL_AREA_STYLE_COLOUR('',#12643);
#12812 = STYLED_ITEM('color',(#12813),#1276);
#12813 = PRESENTATION_STYLE_ASSIGNMENT((#12814));
#12814 = SURFACE_STYLE_USAGE(.BOTH.,#12815);
#12815 = SURFACE_SIDE_STYLE('',(#12816));
#12816 = SURFACE_STYLE_FILL_AREA(#12817);
#12817 = FILL_AREA_STYLE('',(#12818));
#12818 = FILL_AREA_STYLE_COLOUR('',#12643);
#12819 = STYLED_ITEM('color',(#12820),#1300);
#12820 = PRESENTATION_STYLE_ASSIGNMENT((#12821));
#12821 = SURFACE_STYLE_USAGE(.BOTH.,#12822);
#12822 = SURFACE_SIDE_STYLE('',(#12823));
#12823 = SURFACE_STYLE_FILL_AREA(#12824);
#12824 = FILL_AREA_STYLE('',(#12825));
#12825 = FILL_AREA_STYLE_COLOUR('',#12643);
#12826 = STYLED_ITEM('color',(#12827),#1324);
#12827 = PRESENTATION_STYLE_ASSIGNMENT((#12828));
#12828 = SURFACE_STYLE_USAGE(.BOTH.,#12829);
#12829 = SURFACE_SIDE_STYLE('',(#12830));
#12830 = SURFACE_STYLE_FILL_AREA(#12831);
#12831 = FILL_AREA_STYLE('',(#12832));
#12832 = FILL_AREA_STYLE_COLOUR('',#12643);
#12833 = STYLED_ITEM('color',(#12834),#1341);
#12834 = PRESENTATION_STYLE_ASSIGNMENT((#12835));
#12835 = SURFACE_STYLE_USAGE(.BOTH.,#12836);
#12836 = SURFACE_SIDE_STYLE('',(#12837));
#12837 = SURFACE_STYLE_FILL_AREA(#12838);
#12838 = FILL_AREA_STYLE('',(#12839));
#12839 = FILL_AREA_STYLE_COLOUR('',#12643);
#12840 = STYLED_ITEM('color',(#12841),#1372);
#12841 = PRESENTATION_STYLE_ASSIGNMENT((#12842));
#12842 = SURFACE_STYLE_USAGE(.BOTH.,#12843);
#12843 = SURFACE_SIDE_STYLE('',(#12844));
#12844 = SURFACE_STYLE_FILL_AREA(#12845);
#12845 = FILL_AREA_STYLE('',(#12846));
#12846 = FILL_AREA_STYLE_COLOUR('',#12643);
#12847 = STYLED_ITEM('color',(#12848),#1396);
#12848 = PRESENTATION_STYLE_ASSIGNMENT((#12849));
#12849 = SURFACE_STYLE_USAGE(.BOTH.,#12850);
#12850 = SURFACE_SIDE_STYLE('',(#12851));
#12851 = SURFACE_STYLE_FILL_AREA(#12852);
#12852 = FILL_AREA_STYLE('',(#12853));
#12853 = FILL_AREA_STYLE_COLOUR('',#12643);
#12854 = STYLED_ITEM('color',(#12855),#1420);
#12855 = PRESENTATION_STYLE_ASSIGNMENT((#12856));
#12856 = SURFACE_STYLE_USAGE(.BOTH.,#12857);
#12857 = SURFACE_SIDE_STYLE('',(#12858));
#12858 = SURFACE_STYLE_FILL_AREA(#12859);
#12859 = FILL_AREA_STYLE('',(#12860));
#12860 = FILL_AREA_STYLE_COLOUR('',#12643);
#12861 = STYLED_ITEM('color',(#12862),#1437);
#12862 = PRESENTATION_STYLE_ASSIGNMENT((#12863));
#12863 = SURFACE_STYLE_USAGE(.BOTH.,#12864);
#12864 = SURFACE_SIDE_STYLE('',(#12865));
#12865 = SURFACE_STYLE_FILL_AREA(#12866);
#12866 = FILL_AREA_STYLE('',(#12867));
#12867 = FILL_AREA_STYLE_COLOUR('',#12643);
#12868 = STYLED_ITEM('color',(#12869),#1449);
#12869 = PRESENTATION_STYLE_ASSIGNMENT((#12870));
#12870 = SURFACE_STYLE_USAGE(.BOTH.,#12871);
#12871 = SURFACE_SIDE_STYLE('',(#12872));
#12872 = SURFACE_STYLE_FILL_AREA(#12873);
#12873 = FILL_AREA_STYLE('',(#12874));
#12874 = FILL_AREA_STYLE_COLOUR('',#12643);
#12875 = STYLED_ITEM('color',(#12876),#1461);
#12876 = PRESENTATION_STYLE_ASSIGNMENT((#12877));
#12877 = SURFACE_STYLE_USAGE(.BOTH.,#12878);
#12878 = SURFACE_SIDE_STYLE('',(#12879));
#12879 = SURFACE_STYLE_FILL_AREA(#12880);
#12880 = FILL_AREA_STYLE('',(#12881));
#12881 = FILL_AREA_STYLE_COLOUR('',#12643);
#12882 = STYLED_ITEM('color',(#12883),#1473);
#12883 = PRESENTATION_STYLE_ASSIGNMENT((#12884));
#12884 = SURFACE_STYLE_USAGE(.BOTH.,#12885);
#12885 = SURFACE_SIDE_STYLE('',(#12886));
#12886 = SURFACE_STYLE_FILL_AREA(#12887);
#12887 = FILL_AREA_STYLE('',(#12888));
#12888 = FILL_AREA_STYLE_COLOUR('',#12643);
#12889 = MECHANICAL_DESIGN_GEOMETRIC_PRESENTATION_REPRESENTATION('',(
    #12890,#12900,#12909,#12918,#12927,#12936,#12945,#12954,#12963,
    #12973,#12982,#12991,#13000,#13009,#13018,#13027,#13036,#13045,
    #13054,#13063,#13072,#13081,#13090,#13099,#13108,#13117,#13126,
    #13135,#13144,#13153,#13162,#13171,#13180,#13189,#13198,#13207,
    #13216,#13225,#13234,#13243,#13252,#13261,#13270,#13279,#13288,
    #13297,#13306,#13315,#13324,#13333,#13342,#13351,#13360,#13369,
    #13378,#13387,#13396,#13405,#13414,#13423,#13432,#13441,#13450,
    #13459,#13468,#13477,#13486,#13495,#13504,#13513,#13522,#13531,
    #13540,#13549,#13558,#13567,#13576,#13585,#13594,#13603,#13612,
    #13621,#13630,#13639,#13648,#13657,#13666,#13675,#13684,#13693,
    #13702,#13711,#13720,#13729,#13738,#13747,#13756,#13765,#13774,
    #13783,#13792,#13801,#13810,#13819,#13828,#13837,#13846,#13855,
    #13864,#13873,#13882,#13891),#4114);
#12890 = STYLED_ITEM('color',(#12891),#1506);
#12891 = PRESENTATION_STYLE_ASSIGNMENT((#12892,#12898));
#12892 = SURFACE_STYLE_USAGE(.BOTH.,#12893);
#12893 = SURFACE_SIDE_STYLE('',(#12894));
#12894 = SURFACE_STYLE_FILL_AREA(#12895);
#12895 = FILL_AREA_STYLE('',(#12896));
#12896 = FILL_AREA_STYLE_COLOUR('',#12897);
#12897 = COLOUR_RGB('',0.147999998088,0.145000001626,0.145000001626);
#12898 = CURVE_STYLE('',#12899,POSITIVE_LENGTH_MEASURE(0.1),#12897);
#12899 = DRAUGHTING_PRE_DEFINED_CURVE_FONT('continuous');
#12900 = STYLED_ITEM('color',(#12901),#1546);
#12901 = PRESENTATION_STYLE_ASSIGNMENT((#12902,#12907));
#12902 = SURFACE_STYLE_USAGE(.BOTH.,#12903);
#12903 = SURFACE_SIDE_STYLE('',(#12904));
#12904 = SURFACE_STYLE_FILL_AREA(#12905);
#12905 = FILL_AREA_STYLE('',(#12906));
#12906 = FILL_AREA_STYLE_COLOUR('',#12897);
#12907 = CURVE_STYLE('',#12908,POSITIVE_LENGTH_MEASURE(0.1),#12897);
#12908 = DRAUGHTING_PRE_DEFINED_CURVE_FONT('continuous');
#12909 = STYLED_ITEM('color',(#12910),#1609);
#12910 = PRESENTATION_STYLE_ASSIGNMENT((#12911,#12916));
#12911 = SURFACE_STYLE_USAGE(.BOTH.,#12912);
#12912 = SURFACE_SIDE_STYLE('',(#12913));
#12913 = SURFACE_STYLE_FILL_AREA(#12914);
#12914 = FILL_AREA_STYLE('',(#12915));
#12915 = FILL_AREA_STYLE_COLOUR('',#12897);
#12916 = CURVE_STYLE('',#12917,POSITIVE_LENGTH_MEASURE(0.1),#12897);
#12917 = DRAUGHTING_PRE_DEFINED_CURVE_FONT('continuous');
#12918 = STYLED_ITEM('color',(#12919),#1672);
#12919 = PRESENTATION_STYLE_ASSIGNMENT((#12920,#12925));
#12920 = SURFACE_STYLE_USAGE(.BOTH.,#12921);
#12921 = SURFACE_SIDE_STYLE('',(#12922));
#12922 = SURFACE_STYLE_FILL_AREA(#12923);
#12923 = FILL_AREA_STYLE('',(#12924));
#12924 = FILL_AREA_STYLE_COLOUR('',#12897);
#12925 = CURVE_STYLE('',#12926,POSITIVE_LENGTH_MEASURE(0.1),#12897);
#12926 = DRAUGHTING_PRE_DEFINED_CURVE_FONT('continuous');
#12927 = STYLED_ITEM('color',(#12928),#1689);
#12928 = PRESENTATION_STYLE_ASSIGNMENT((#12929,#12934));
#12929 = SURFACE_STYLE_USAGE(.BOTH.,#12930);
#12930 = SURFACE_SIDE_STYLE('',(#12931));
#12931 = SURFACE_STYLE_FILL_AREA(#12932);
#12932 = FILL_AREA_STYLE('',(#12933));
#12933 = FILL_AREA_STYLE_COLOUR('',#12897);
#12934 = CURVE_STYLE('',#12935,POSITIVE_LENGTH_MEASURE(0.1),#12897);
#12935 = DRAUGHTING_PRE_DEFINED_CURVE_FONT('continuous');
#12936 = STYLED_ITEM('color',(#12937),#1808);
#12937 = PRESENTATION_STYLE_ASSIGNMENT((#12938,#12943));
#12938 = SURFACE_STYLE_USAGE(.BOTH.,#12939);
#12939 = SURFACE_SIDE_STYLE('',(#12940));
#12940 = SURFACE_STYLE_FILL_AREA(#12941);
#12941 = FILL_AREA_STYLE('',(#12942));
#12942 = FILL_AREA_STYLE_COLOUR('',#12897);
#12943 = CURVE_STYLE('',#12944,POSITIVE_LENGTH_MEASURE(0.1),#12897);
#12944 = DRAUGHTING_PRE_DEFINED_CURVE_FONT('continuous');
#12945 = STYLED_ITEM('color',(#12946),#1830);
#12946 = PRESENTATION_STYLE_ASSIGNMENT((#12947,#12952));
#12947 = SURFACE_STYLE_USAGE(.BOTH.,#12948);
#12948 = SURFACE_SIDE_STYLE('',(#12949));
#12949 = SURFACE_STYLE_FILL_AREA(#12950);
#12950 = FILL_AREA_STYLE('',(#12951));
#12951 = FILL_AREA_STYLE_COLOUR('',#12897);
#12952 = CURVE_STYLE('',#12953,POSITIVE_LENGTH_MEASURE(0.1),#12897);
#12953 = DRAUGHTING_PRE_DEFINED_CURVE_FONT('continuous');
#12954 = STYLED_ITEM('color',(#12955),#1847);
#12955 = PRESENTATION_STYLE_ASSIGNMENT((#12956,#12961));
#12956 = SURFACE_STYLE_USAGE(.BOTH.,#12957);
#12957 = SURFACE_SIDE_STYLE('',(#12958));
#12958 = SURFACE_STYLE_FILL_AREA(#12959);
#12959 = FILL_AREA_STYLE('',(#12960));
#12960 = FILL_AREA_STYLE_COLOUR('',#12897);
#12961 = CURVE_STYLE('',#12962,POSITIVE_LENGTH_MEASURE(0.1),#12897);
#12962 = DRAUGHTING_PRE_DEFINED_CURVE_FONT('continuous');
#12963 = OVER_RIDING_STYLED_ITEM('overriding color',(#12964),#1880,
  #12954);
#12964 = PRESENTATION_STYLE_ASSIGNMENT((#12965,#12971));
#12965 = SURFACE_STYLE_USAGE(.BOTH.,#12966);
#12966 = SURFACE_SIDE_STYLE('',(#12967));
#12967 = SURFACE_STYLE_FILL_AREA(#12968);
#12968 = FILL_AREA_STYLE('',(#12969));
#12969 = FILL_AREA_STYLE_COLOUR('',#12970);
#12970 = COLOUR_RGB('',0.858999988747,0.738000004258,0.496000005009);
#12971 = CURVE_STYLE('',#12972,POSITIVE_LENGTH_MEASURE(0.1),#12970);
#12972 = DRAUGHTING_PRE_DEFINED_CURVE_FONT('continuous');
#12973 = OVER_RIDING_STYLED_ITEM('overriding color',(#12974),#1912,
  #12954);
#12974 = PRESENTATION_STYLE_ASSIGNMENT((#12975,#12980));
#12975 = SURFACE_STYLE_USAGE(.BOTH.,#12976);
#12976 = SURFACE_SIDE_STYLE('',(#12977));
#12977 = SURFACE_STYLE_FILL_AREA(#12978);
#12978 = FILL_AREA_STYLE('',(#12979));
#12979 = FILL_AREA_STYLE_COLOUR('',#12970);
#12980 = CURVE_STYLE('',#12981,POSITIVE_LENGTH_MEASURE(0.1),#12970);
#12981 = DRAUGHTING_PRE_DEFINED_CURVE_FONT('continuous');
#12982 = OVER_RIDING_STYLED_ITEM('overriding color',(#12983),#1946,
  #12954);
#12983 = PRESENTATION_STYLE_ASSIGNMENT((#12984,#12989));
#12984 = SURFACE_STYLE_USAGE(.BOTH.,#12985);
#12985 = SURFACE_SIDE_STYLE('',(#12986));
#12986 = SURFACE_STYLE_FILL_AREA(#12987);
#12987 = FILL_AREA_STYLE('',(#12988));
#12988 = FILL_AREA_STYLE_COLOUR('',#12970);
#12989 = CURVE_STYLE('',#12990,POSITIVE_LENGTH_MEASURE(0.1),#12970);
#12990 = DRAUGHTING_PRE_DEFINED_CURVE_FONT('continuous');
#12991 = OVER_RIDING_STYLED_ITEM('overriding color',(#12992),#1978,
  #12954);
#12992 = PRESENTATION_STYLE_ASSIGNMENT((#12993,#12998));
#12993 = SURFACE_STYLE_USAGE(.BOTH.,#12994);
#12994 = SURFACE_SIDE_STYLE('',(#12995));
#12995 = SURFACE_STYLE_FILL_AREA(#12996);
#12996 = FILL_AREA_STYLE('',(#12997));
#12997 = FILL_AREA_STYLE_COLOUR('',#12970);
#12998 = CURVE_STYLE('',#12999,POSITIVE_LENGTH_MEASURE(0.1),#12970);
#12999 = DRAUGHTING_PRE_DEFINED_CURVE_FONT('continuous');
#13000 = OVER_RIDING_STYLED_ITEM('overriding color',(#13001),#2012,
  #12954);
#13001 = PRESENTATION_STYLE_ASSIGNMENT((#13002,#13007));
#13002 = SURFACE_STYLE_USAGE(.BOTH.,#13003);
#13003 = SURFACE_SIDE_STYLE('',(#13004));
#13004 = SURFACE_STYLE_FILL_AREA(#13005);
#13005 = FILL_AREA_STYLE('',(#13006));
#13006 = FILL_AREA_STYLE_COLOUR('',#12970);
#13007 = CURVE_STYLE('',#13008,POSITIVE_LENGTH_MEASURE(0.1),#12970);
#13008 = DRAUGHTING_PRE_DEFINED_CURVE_FONT('continuous');
#13009 = OVER_RIDING_STYLED_ITEM('overriding color',(#13010),#2044,
  #12954);
#13010 = PRESENTATION_STYLE_ASSIGNMENT((#13011,#13016));
#13011 = SURFACE_STYLE_USAGE(.BOTH.,#13012);
#13012 = SURFACE_SIDE_STYLE('',(#13013));
#13013 = SURFACE_STYLE_FILL_AREA(#13014);
#13014 = FILL_AREA_STYLE('',(#13015));
#13015 = FILL_AREA_STYLE_COLOUR('',#12970);
#13016 = CURVE_STYLE('',#13017,POSITIVE_LENGTH_MEASURE(0.1),#12970);
#13017 = DRAUGHTING_PRE_DEFINED_CURVE_FONT('continuous');
#13018 = STYLED_ITEM('color',(#13019),#2062);
#13019 = PRESENTATION_STYLE_ASSIGNMENT((#13020,#13025));
#13020 = SURFACE_STYLE_USAGE(.BOTH.,#13021);
#13021 = SURFACE_SIDE_STYLE('',(#13022));
#13022 = SURFACE_STYLE_FILL_AREA(#13023);
#13023 = FILL_AREA_STYLE('',(#13024));
#13024 = FILL_AREA_STYLE_COLOUR('',#12897);
#13025 = CURVE_STYLE('',#13026,POSITIVE_LENGTH_MEASURE(0.1),#12897);
#13026 = DRAUGHTING_PRE_DEFINED_CURVE_FONT('continuous');
#13027 = STYLED_ITEM('color',(#13028),#2074);
#13028 = PRESENTATION_STYLE_ASSIGNMENT((#13029,#13034));
#13029 = SURFACE_STYLE_USAGE(.BOTH.,#13030);
#13030 = SURFACE_SIDE_STYLE('',(#13031));
#13031 = SURFACE_STYLE_FILL_AREA(#13032);
#13032 = FILL_AREA_STYLE('',(#13033));
#13033 = FILL_AREA_STYLE_COLOUR('',#12897);
#13034 = CURVE_STYLE('',#13035,POSITIVE_LENGTH_MEASURE(0.1),#12897);
#13035 = DRAUGHTING_PRE_DEFINED_CURVE_FONT('continuous');
#13036 = STYLED_ITEM('color',(#13037),#2086);
#13037 = PRESENTATION_STYLE_ASSIGNMENT((#13038,#13043));
#13038 = SURFACE_STYLE_USAGE(.BOTH.,#13039);
#13039 = SURFACE_SIDE_STYLE('',(#13040));
#13040 = SURFACE_STYLE_FILL_AREA(#13041);
#13041 = FILL_AREA_STYLE('',(#13042));
#13042 = FILL_AREA_STYLE_COLOUR('',#12897);
#13043 = CURVE_STYLE('',#13044,POSITIVE_LENGTH_MEASURE(0.1),#12897);
#13044 = DRAUGHTING_PRE_DEFINED_CURVE_FONT('continuous');
#13045 = STYLED_ITEM('color',(#13046),#2117);
#13046 = PRESENTATION_STYLE_ASSIGNMENT((#13047,#13052));
#13047 = SURFACE_STYLE_USAGE(.BOTH.,#13048);
#13048 = SURFACE_SIDE_STYLE('',(#13049));
#13049 = SURFACE_STYLE_FILL_AREA(#13050);
#13050 = FILL_AREA_STYLE('',(#13051));
#13051 = FILL_AREA_STYLE_COLOUR('',#12897);
#13052 = CURVE_STYLE('',#13053,POSITIVE_LENGTH_MEASURE(0.1),#12897);
#13053 = DRAUGHTING_PRE_DEFINED_CURVE_FONT('continuous');
#13054 = STYLED_ITEM('color',(#13055),#2141);
#13055 = PRESENTATION_STYLE_ASSIGNMENT((#13056,#13061));
#13056 = SURFACE_STYLE_USAGE(.BOTH.,#13057);
#13057 = SURFACE_SIDE_STYLE('',(#13058));
#13058 = SURFACE_STYLE_FILL_AREA(#13059);
#13059 = FILL_AREA_STYLE('',(#13060));
#13060 = FILL_AREA_STYLE_COLOUR('',#12897);
#13061 = CURVE_STYLE('',#13062,POSITIVE_LENGTH_MEASURE(0.1),#12897);
#13062 = DRAUGHTING_PRE_DEFINED_CURVE_FONT('continuous');
#13063 = STYLED_ITEM('color',(#13064),#2165);
#13064 = PRESENTATION_STYLE_ASSIGNMENT((#13065,#13070));
#13065 = SURFACE_STYLE_USAGE(.BOTH.,#13066);
#13066 = SURFACE_SIDE_STYLE('',(#13067));
#13067 = SURFACE_STYLE_FILL_AREA(#13068);
#13068 = FILL_AREA_STYLE('',(#13069));
#13069 = FILL_AREA_STYLE_COLOUR('',#12897);
#13070 = CURVE_STYLE('',#13071,POSITIVE_LENGTH_MEASURE(0.1),#12897);
#13071 = DRAUGHTING_PRE_DEFINED_CURVE_FONT('continuous');
#13072 = STYLED_ITEM('color',(#13073),#2182);
#13073 = PRESENTATION_STYLE_ASSIGNMENT((#13074,#13079));
#13074 = SURFACE_STYLE_USAGE(.BOTH.,#13075);
#13075 = SURFACE_SIDE_STYLE('',(#13076));
#13076 = SURFACE_STYLE_FILL_AREA(#13077);
#13077 = FILL_AREA_STYLE('',(#13078));
#13078 = FILL_AREA_STYLE_COLOUR('',#12897);
#13079 = CURVE_STYLE('',#13080,POSITIVE_LENGTH_MEASURE(0.1),#12897);
#13080 = DRAUGHTING_PRE_DEFINED_CURVE_FONT('continuous');
#13081 = STYLED_ITEM('color',(#13082),#2213);
#13082 = PRESENTATION_STYLE_ASSIGNMENT((#13083,#13088));
#13083 = SURFACE_STYLE_USAGE(.BOTH.,#13084);
#13084 = SURFACE_SIDE_STYLE('',(#13085));
#13085 = SURFACE_STYLE_FILL_AREA(#13086);
#13086 = FILL_AREA_STYLE('',(#13087));
#13087 = FILL_AREA_STYLE_COLOUR('',#12897);
#13088 = CURVE_STYLE('',#13089,POSITIVE_LENGTH_MEASURE(0.1),#12897);
#13089 = DRAUGHTING_PRE_DEFINED_CURVE_FONT('continuous');
#13090 = STYLED_ITEM('color',(#13091),#2237);
#13091 = PRESENTATION_STYLE_ASSIGNMENT((#13092,#13097));
#13092 = SURFACE_STYLE_USAGE(.BOTH.,#13093);
#13093 = SURFACE_SIDE_STYLE('',(#13094));
#13094 = SURFACE_STYLE_FILL_AREA(#13095);
#13095 = FILL_AREA_STYLE('',(#13096));
#13096 = FILL_AREA_STYLE_COLOUR('',#12897);
#13097 = CURVE_STYLE('',#13098,POSITIVE_LENGTH_MEASURE(0.1),#12897);
#13098 = DRAUGHTING_PRE_DEFINED_CURVE_FONT('continuous');
#13099 = STYLED_ITEM('color',(#13100),#2261);
#13100 = PRESENTATION_STYLE_ASSIGNMENT((#13101,#13106));
#13101 = SURFACE_STYLE_USAGE(.BOTH.,#13102);
#13102 = SURFACE_SIDE_STYLE('',(#13103));
#13103 = SURFACE_STYLE_FILL_AREA(#13104);
#13104 = FILL_AREA_STYLE('',(#13105));
#13105 = FILL_AREA_STYLE_COLOUR('',#12897);
#13106 = CURVE_STYLE('',#13107,POSITIVE_LENGTH_MEASURE(0.1),#12897);
#13107 = DRAUGHTING_PRE_DEFINED_CURVE_FONT('continuous');
#13108 = STYLED_ITEM('color',(#13109),#2278);
#13109 = PRESENTATION_STYLE_ASSIGNMENT((#13110,#13115));
#13110 = SURFACE_STYLE_USAGE(.BOTH.,#13111);
#13111 = SURFACE_SIDE_STYLE('',(#13112));
#13112 = SURFACE_STYLE_FILL_AREA(#13113);
#13113 = FILL_AREA_STYLE('',(#13114));
#13114 = FILL_AREA_STYLE_COLOUR('',#12897);
#13115 = CURVE_STYLE('',#13116,POSITIVE_LENGTH_MEASURE(0.1),#12897);
#13116 = DRAUGHTING_PRE_DEFINED_CURVE_FONT('continuous');
#13117 = STYLED_ITEM('color',(#13118),#2309);
#13118 = PRESENTATION_STYLE_ASSIGNMENT((#13119,#13124));
#13119 = SURFACE_STYLE_USAGE(.BOTH.,#13120);
#13120 = SURFACE_SIDE_STYLE('',(#13121));
#13121 = SURFACE_STYLE_FILL_AREA(#13122);
#13122 = FILL_AREA_STYLE('',(#13123));
#13123 = FILL_AREA_STYLE_COLOUR('',#12897);
#13124 = CURVE_STYLE('',#13125,POSITIVE_LENGTH_MEASURE(0.1),#12897);
#13125 = DRAUGHTING_PRE_DEFINED_CURVE_FONT('continuous');
#13126 = STYLED_ITEM('color',(#13127),#2333);
#13127 = PRESENTATION_STYLE_ASSIGNMENT((#13128,#13133));
#13128 = SURFACE_STYLE_USAGE(.BOTH.,#13129);
#13129 = SURFACE_SIDE_STYLE('',(#13130));
#13130 = SURFACE_STYLE_FILL_AREA(#13131);
#13131 = FILL_AREA_STYLE('',(#13132));
#13132 = FILL_AREA_STYLE_COLOUR('',#12897);
#13133 = CURVE_STYLE('',#13134,POSITIVE_LENGTH_MEASURE(0.1),#12897);
#13134 = DRAUGHTING_PRE_DEFINED_CURVE_FONT('continuous');
#13135 = STYLED_ITEM('color',(#13136),#2357);
#13136 = PRESENTATION_STYLE_ASSIGNMENT((#13137,#13142));
#13137 = SURFACE_STYLE_USAGE(.BOTH.,#13138);
#13138 = SURFACE_SIDE_STYLE('',(#13139));
#13139 = SURFACE_STYLE_FILL_AREA(#13140);
#13140 = FILL_AREA_STYLE('',(#13141));
#13141 = FILL_AREA_STYLE_COLOUR('',#12897);
#13142 = CURVE_STYLE('',#13143,POSITIVE_LENGTH_MEASURE(0.1),#12897);
#13143 = DRAUGHTING_PRE_DEFINED_CURVE_FONT('continuous');
#13144 = STYLED_ITEM('color',(#13145),#2374);
#13145 = PRESENTATION_STYLE_ASSIGNMENT((#13146,#13151));
#13146 = SURFACE_STYLE_USAGE(.BOTH.,#13147);
#13147 = SURFACE_SIDE_STYLE('',(#13148));
#13148 = SURFACE_STYLE_FILL_AREA(#13149);
#13149 = FILL_AREA_STYLE('',(#13150));
#13150 = FILL_AREA_STYLE_COLOUR('',#12970);
#13151 = CURVE_STYLE('',#13152,POSITIVE_LENGTH_MEASURE(0.1),#12970);
#13152 = DRAUGHTING_PRE_DEFINED_CURVE_FONT('continuous');
#13153 = STYLED_ITEM('color',(#13154),#2391);
#13154 = PRESENTATION_STYLE_ASSIGNMENT((#13155,#13160));
#13155 = SURFACE_STYLE_USAGE(.BOTH.,#13156);
#13156 = SURFACE_SIDE_STYLE('',(#13157));
#13157 = SURFACE_STYLE_FILL_AREA(#13158);
#13158 = FILL_AREA_STYLE('',(#13159));
#13159 = FILL_AREA_STYLE_COLOUR('',#12970);
#13160 = CURVE_STYLE('',#13161,POSITIVE_LENGTH_MEASURE(0.1),#12970);
#13161 = DRAUGHTING_PRE_DEFINED_CURVE_FONT('continuous');
#13162 = STYLED_ITEM('color',(#13163),#2438);
#13163 = PRESENTATION_STYLE_ASSIGNMENT((#13164,#13169));
#13164 = SURFACE_STYLE_USAGE(.BOTH.,#13165);
#13165 = SURFACE_SIDE_STYLE('',(#13166));
#13166 = SURFACE_STYLE_FILL_AREA(#13167);
#13167 = FILL_AREA_STYLE('',(#13168));
#13168 = FILL_AREA_STYLE_COLOUR('',#12970);
#13169 = CURVE_STYLE('',#13170,POSITIVE_LENGTH_MEASURE(0.1),#12970);
#13170 = DRAUGHTING_PRE_DEFINED_CURVE_FONT('continuous');
#13171 = STYLED_ITEM('color',(#13172),#2455);
#13172 = PRESENTATION_STYLE_ASSIGNMENT((#13173,#13178));
#13173 = SURFACE_STYLE_USAGE(.BOTH.,#13174);
#13174 = SURFACE_SIDE_STYLE('',(#13175));
#13175 = SURFACE_STYLE_FILL_AREA(#13176);
#13176 = FILL_AREA_STYLE('',(#13177));
#13177 = FILL_AREA_STYLE_COLOUR('',#12970);
#13178 = CURVE_STYLE('',#13179,POSITIVE_LENGTH_MEASURE(0.1),#12970);
#13179 = DRAUGHTING_PRE_DEFINED_CURVE_FONT('continuous');
#13180 = STYLED_ITEM('color',(#13181),#2502);
#13181 = PRESENTATION_STYLE_ASSIGNMENT((#13182,#13187));
#13182 = SURFACE_STYLE_USAGE(.BOTH.,#13183);
#13183 = SURFACE_SIDE_STYLE('',(#13184));
#13184 = SURFACE_STYLE_FILL_AREA(#13185);
#13185 = FILL_AREA_STYLE('',(#13186));
#13186 = FILL_AREA_STYLE_COLOUR('',#12970);
#13187 = CURVE_STYLE('',#13188,POSITIVE_LENGTH_MEASURE(0.1),#12970);
#13188 = DRAUGHTING_PRE_DEFINED_CURVE_FONT('continuous');
#13189 = STYLED_ITEM('color',(#13190),#2519);
#13190 = PRESENTATION_STYLE_ASSIGNMENT((#13191,#13196));
#13191 = SURFACE_STYLE_USAGE(.BOTH.,#13192);
#13192 = SURFACE_SIDE_STYLE('',(#13193));
#13193 = SURFACE_STYLE_FILL_AREA(#13194);
#13194 = FILL_AREA_STYLE('',(#13195));
#13195 = FILL_AREA_STYLE_COLOUR('',#12970);
#13196 = CURVE_STYLE('',#13197,POSITIVE_LENGTH_MEASURE(0.1),#12970);
#13197 = DRAUGHTING_PRE_DEFINED_CURVE_FONT('continuous');
#13198 = STYLED_ITEM('color',(#13199),#2566);
#13199 = PRESENTATION_STYLE_ASSIGNMENT((#13200,#13205));
#13200 = SURFACE_STYLE_USAGE(.BOTH.,#13201);
#13201 = SURFACE_SIDE_STYLE('',(#13202));
#13202 = SURFACE_STYLE_FILL_AREA(#13203);
#13203 = FILL_AREA_STYLE('',(#13204));
#13204 = FILL_AREA_STYLE_COLOUR('',#12970);
#13205 = CURVE_STYLE('',#13206,POSITIVE_LENGTH_MEASURE(0.1),#12970);
#13206 = DRAUGHTING_PRE_DEFINED_CURVE_FONT('continuous');
#13207 = STYLED_ITEM('color',(#13208),#2583);
#13208 = PRESENTATION_STYLE_ASSIGNMENT((#13209,#13214));
#13209 = SURFACE_STYLE_USAGE(.BOTH.,#13210);
#13210 = SURFACE_SIDE_STYLE('',(#13211));
#13211 = SURFACE_STYLE_FILL_AREA(#13212);
#13212 = FILL_AREA_STYLE('',(#13213));
#13213 = FILL_AREA_STYLE_COLOUR('',#12970);
#13214 = CURVE_STYLE('',#13215,POSITIVE_LENGTH_MEASURE(0.1),#12970);
#13215 = DRAUGHTING_PRE_DEFINED_CURVE_FONT('continuous');
#13216 = STYLED_ITEM('color',(#13217),#2630);
#13217 = PRESENTATION_STYLE_ASSIGNMENT((#13218,#13223));
#13218 = SURFACE_STYLE_USAGE(.BOTH.,#13219);
#13219 = SURFACE_SIDE_STYLE('',(#13220));
#13220 = SURFACE_STYLE_FILL_AREA(#13221);
#13221 = FILL_AREA_STYLE('',(#13222));
#13222 = FILL_AREA_STYLE_COLOUR('',#12970);
#13223 = CURVE_STYLE('',#13224,POSITIVE_LENGTH_MEASURE(0.1),#12970);
#13224 = DRAUGHTING_PRE_DEFINED_CURVE_FONT('continuous');
#13225 = STYLED_ITEM('color',(#13226),#2647);
#13226 = PRESENTATION_STYLE_ASSIGNMENT((#13227,#13232));
#13227 = SURFACE_STYLE_USAGE(.BOTH.,#13228);
#13228 = SURFACE_SIDE_STYLE('',(#13229));
#13229 = SURFACE_STYLE_FILL_AREA(#13230);
#13230 = FILL_AREA_STYLE('',(#13231));
#13231 = FILL_AREA_STYLE_COLOUR('',#12970);
#13232 = CURVE_STYLE('',#13233,POSITIVE_LENGTH_MEASURE(0.1),#12970);
#13233 = DRAUGHTING_PRE_DEFINED_CURVE_FONT('continuous');
#13234 = STYLED_ITEM('color',(#13235),#2694);
#13235 = PRESENTATION_STYLE_ASSIGNMENT((#13236,#13241));
#13236 = SURFACE_STYLE_USAGE(.BOTH.,#13237);
#13237 = SURFACE_SIDE_STYLE('',(#13238));
#13238 = SURFACE_STYLE_FILL_AREA(#13239);
#13239 = FILL_AREA_STYLE('',(#13240));
#13240 = FILL_AREA_STYLE_COLOUR('',#12970);
#13241 = CURVE_STYLE('',#13242,POSITIVE_LENGTH_MEASURE(0.1),#12970);
#13242 = DRAUGHTING_PRE_DEFINED_CURVE_FONT('continuous');
#13243 = STYLED_ITEM('color',(#13244),#2711);
#13244 = PRESENTATION_STYLE_ASSIGNMENT((#13245,#13250));
#13245 = SURFACE_STYLE_USAGE(.BOTH.,#13246);
#13246 = SURFACE_SIDE_STYLE('',(#13247));
#13247 = SURFACE_STYLE_FILL_AREA(#13248);
#13248 = FILL_AREA_STYLE('',(#13249));
#13249 = FILL_AREA_STYLE_COLOUR('',#12970);
#13250 = CURVE_STYLE('',#13251,POSITIVE_LENGTH_MEASURE(0.1),#12970);
#13251 = DRAUGHTING_PRE_DEFINED_CURVE_FONT('continuous');
#13252 = STYLED_ITEM('color',(#13253),#2758);
#13253 = PRESENTATION_STYLE_ASSIGNMENT((#13254,#13259));
#13254 = SURFACE_STYLE_USAGE(.BOTH.,#13255);
#13255 = SURFACE_SIDE_STYLE('',(#13256));
#13256 = SURFACE_STYLE_FILL_AREA(#13257);
#13257 = FILL_AREA_STYLE('',(#13258));
#13258 = FILL_AREA_STYLE_COLOUR('',#12897);
#13259 = CURVE_STYLE('',#13260,POSITIVE_LENGTH_MEASURE(0.1),#12897);
#13260 = DRAUGHTING_PRE_DEFINED_CURVE_FONT('continuous');
#13261 = STYLED_ITEM('color',(#13262),#2789);
#13262 = PRESENTATION_STYLE_ASSIGNMENT((#13263,#13268));
#13263 = SURFACE_STYLE_USAGE(.BOTH.,#13264);
#13264 = SURFACE_SIDE_STYLE('',(#13265));
#13265 = SURFACE_STYLE_FILL_AREA(#13266);
#13266 = FILL_AREA_STYLE('',(#13267));
#13267 = FILL_AREA_STYLE_COLOUR('',#12897);
#13268 = CURVE_STYLE('',#13269,POSITIVE_LENGTH_MEASURE(0.1),#12897);
#13269 = DRAUGHTING_PRE_DEFINED_CURVE_FONT('continuous');
#13270 = OVER_RIDING_STYLED_ITEM('overriding color',(#13271),#2803,
  #13261);
#13271 = PRESENTATION_STYLE_ASSIGNMENT((#13272,#13277));
#13272 = SURFACE_STYLE_USAGE(.BOTH.,#13273);
#13273 = SURFACE_SIDE_STYLE('',(#13274));
#13274 = SURFACE_STYLE_FILL_AREA(#13275);
#13275 = FILL_AREA_STYLE('',(#13276));
#13276 = FILL_AREA_STYLE_COLOUR('',#12970);
#13277 = CURVE_STYLE('',#13278,POSITIVE_LENGTH_MEASURE(0.1),#12970);
#13278 = DRAUGHTING_PRE_DEFINED_CURVE_FONT('continuous');
#13279 = OVER_RIDING_STYLED_ITEM('overriding color',(#13280),#2819,
  #13261);
#13280 = PRESENTATION_STYLE_ASSIGNMENT((#13281,#13286));
#13281 = SURFACE_STYLE_USAGE(.BOTH.,#13282);
#13282 = SURFACE_SIDE_STYLE('',(#13283));
#13283 = SURFACE_STYLE_FILL_AREA(#13284);
#13284 = FILL_AREA_STYLE('',(#13285));
#13285 = FILL_AREA_STYLE_COLOUR('',#12970);
#13286 = CURVE_STYLE('',#13287,POSITIVE_LENGTH_MEASURE(0.1),#12970);
#13287 = DRAUGHTING_PRE_DEFINED_CURVE_FONT('continuous');
#13288 = STYLED_ITEM('color',(#13289),#2845);
#13289 = PRESENTATION_STYLE_ASSIGNMENT((#13290,#13295));
#13290 = SURFACE_STYLE_USAGE(.BOTH.,#13291);
#13291 = SURFACE_SIDE_STYLE('',(#13292));
#13292 = SURFACE_STYLE_FILL_AREA(#13293);
#13293 = FILL_AREA_STYLE('',(#13294));
#13294 = FILL_AREA_STYLE_COLOUR('',#12897);
#13295 = CURVE_STYLE('',#13296,POSITIVE_LENGTH_MEASURE(0.1),#12897);
#13296 = DRAUGHTING_PRE_DEFINED_CURVE_FONT('continuous');
#13297 = STYLED_ITEM('color',(#13298),#2869);
#13298 = PRESENTATION_STYLE_ASSIGNMENT((#13299,#13304));
#13299 = SURFACE_STYLE_USAGE(.BOTH.,#13300);
#13300 = SURFACE_SIDE_STYLE('',(#13301));
#13301 = SURFACE_STYLE_FILL_AREA(#13302);
#13302 = FILL_AREA_STYLE('',(#13303));
#13303 = FILL_AREA_STYLE_COLOUR('',#12897);
#13304 = CURVE_STYLE('',#13305,POSITIVE_LENGTH_MEASURE(0.1),#12897);
#13305 = DRAUGHTING_PRE_DEFINED_CURVE_FONT('continuous');
#13306 = OVER_RIDING_STYLED_ITEM('overriding color',(#13307),#2883,
  #13297);
#13307 = PRESENTATION_STYLE_ASSIGNMENT((#13308,#13313));
#13308 = SURFACE_STYLE_USAGE(.BOTH.,#13309);
#13309 = SURFACE_SIDE_STYLE('',(#13310));
#13310 = SURFACE_STYLE_FILL_AREA(#13311);
#13311 = FILL_AREA_STYLE('',(#13312));
#13312 = FILL_AREA_STYLE_COLOUR('',#12970);
#13313 = CURVE_STYLE('',#13314,POSITIVE_LENGTH_MEASURE(0.1),#12970);
#13314 = DRAUGHTING_PRE_DEFINED_CURVE_FONT('continuous');
#13315 = OVER_RIDING_STYLED_ITEM('overriding color',(#13316),#2899,
  #13297);
#13316 = PRESENTATION_STYLE_ASSIGNMENT((#13317,#13322));
#13317 = SURFACE_STYLE_USAGE(.BOTH.,#13318);
#13318 = SURFACE_SIDE_STYLE('',(#13319));
#13319 = SURFACE_STYLE_FILL_AREA(#13320);
#13320 = FILL_AREA_STYLE('',(#13321));
#13321 = FILL_AREA_STYLE_COLOUR('',#12970);
#13322 = CURVE_STYLE('',#13323,POSITIVE_LENGTH_MEASURE(0.1),#12970);
#13323 = DRAUGHTING_PRE_DEFINED_CURVE_FONT('continuous');
#13324 = STYLED_ITEM('color',(#13325),#2918);
#13325 = PRESENTATION_STYLE_ASSIGNMENT((#13326,#13331));
#13326 = SURFACE_STYLE_USAGE(.BOTH.,#13327);
#13327 = SURFACE_SIDE_STYLE('',(#13328));
#13328 = SURFACE_STYLE_FILL_AREA(#13329);
#13329 = FILL_AREA_STYLE('',(#13330));
#13330 = FILL_AREA_STYLE_COLOUR('',#12897);
#13331 = CURVE_STYLE('',#13332,POSITIVE_LENGTH_MEASURE(0.1),#12897);
#13332 = DRAUGHTING_PRE_DEFINED_CURVE_FONT('continuous');
#13333 = STYLED_ITEM('color',(#13334),#2949);
#13334 = PRESENTATION_STYLE_ASSIGNMENT((#13335,#13340));
#13335 = SURFACE_STYLE_USAGE(.BOTH.,#13336);
#13336 = SURFACE_SIDE_STYLE('',(#13337));
#13337 = SURFACE_STYLE_FILL_AREA(#13338);
#13338 = FILL_AREA_STYLE('',(#13339));
#13339 = FILL_AREA_STYLE_COLOUR('',#12897);
#13340 = CURVE_STYLE('',#13341,POSITIVE_LENGTH_MEASURE(0.1),#12897);
#13341 = DRAUGHTING_PRE_DEFINED_CURVE_FONT('continuous');
#13342 = OVER_RIDING_STYLED_ITEM('overriding color',(#13343),#2963,
  #13333);
#13343 = PRESENTATION_STYLE_ASSIGNMENT((#13344,#13349));
#13344 = SURFACE_STYLE_USAGE(.BOTH.,#13345);
#13345 = SURFACE_SIDE_STYLE('',(#13346));
#13346 = SURFACE_STYLE_FILL_AREA(#13347);
#13347 = FILL_AREA_STYLE('',(#13348));
#13348 = FILL_AREA_STYLE_COLOUR('',#12970);
#13349 = CURVE_STYLE('',#13350,POSITIVE_LENGTH_MEASURE(0.1),#12970);
#13350 = DRAUGHTING_PRE_DEFINED_CURVE_FONT('continuous');
#13351 = OVER_RIDING_STYLED_ITEM('overriding color',(#13352),#2979,
  #13333);
#13352 = PRESENTATION_STYLE_ASSIGNMENT((#13353,#13358));
#13353 = SURFACE_STYLE_USAGE(.BOTH.,#13354);
#13354 = SURFACE_SIDE_STYLE('',(#13355));
#13355 = SURFACE_STYLE_FILL_AREA(#13356);
#13356 = FILL_AREA_STYLE('',(#13357));
#13357 = FILL_AREA_STYLE_COLOUR('',#12970);
#13358 = CURVE_STYLE('',#13359,POSITIVE_LENGTH_MEASURE(0.1),#12970);
#13359 = DRAUGHTING_PRE_DEFINED_CURVE_FONT('continuous');
#13360 = STYLED_ITEM('color',(#13361),#3005);
#13361 = PRESENTATION_STYLE_ASSIGNMENT((#13362,#13367));
#13362 = SURFACE_STYLE_USAGE(.BOTH.,#13363);
#13363 = SURFACE_SIDE_STYLE('',(#13364));
#13364 = SURFACE_STYLE_FILL_AREA(#13365);
#13365 = FILL_AREA_STYLE('',(#13366));
#13366 = FILL_AREA_STYLE_COLOUR('',#12897);
#13367 = CURVE_STYLE('',#13368,POSITIVE_LENGTH_MEASURE(0.1),#12897);
#13368 = DRAUGHTING_PRE_DEFINED_CURVE_FONT('continuous');
#13369 = STYLED_ITEM('color',(#13370),#3029);
#13370 = PRESENTATION_STYLE_ASSIGNMENT((#13371,#13376));
#13371 = SURFACE_STYLE_USAGE(.BOTH.,#13372);
#13372 = SURFACE_SIDE_STYLE('',(#13373));
#13373 = SURFACE_STYLE_FILL_AREA(#13374);
#13374 = FILL_AREA_STYLE('',(#13375));
#13375 = FILL_AREA_STYLE_COLOUR('',#12897);
#13376 = CURVE_STYLE('',#13377,POSITIVE_LENGTH_MEASURE(0.1),#12897);
#13377 = DRAUGHTING_PRE_DEFINED_CURVE_FONT('continuous');
#13378 = OVER_RIDING_STYLED_ITEM('overriding color',(#13379),#3043,
  #13369);
#13379 = PRESENTATION_STYLE_ASSIGNMENT((#13380,#13385));
#13380 = SURFACE_STYLE_USAGE(.BOTH.,#13381);
#13381 = SURFACE_SIDE_STYLE('',(#13382));
#13382 = SURFACE_STYLE_FILL_AREA(#13383);
#13383 = FILL_AREA_STYLE('',(#13384));
#13384 = FILL_AREA_STYLE_COLOUR('',#12970);
#13385 = CURVE_STYLE('',#13386,POSITIVE_LENGTH_MEASURE(0.1),#12970);
#13386 = DRAUGHTING_PRE_DEFINED_CURVE_FONT('continuous');
#13387 = OVER_RIDING_STYLED_ITEM('overriding color',(#13388),#3059,
  #13369);
#13388 = PRESENTATION_STYLE_ASSIGNMENT((#13389,#13394));
#13389 = SURFACE_STYLE_USAGE(.BOTH.,#13390);
#13390 = SURFACE_SIDE_STYLE('',(#13391));
#13391 = SURFACE_STYLE_FILL_AREA(#13392);
#13392 = FILL_AREA_STYLE('',(#13393));
#13393 = FILL_AREA_STYLE_COLOUR('',#12970);
#13394 = CURVE_STYLE('',#13395,POSITIVE_LENGTH_MEASURE(0.1),#12970);
#13395 = DRAUGHTING_PRE_DEFINED_CURVE_FONT('continuous');
#13396 = STYLED_ITEM('color',(#13397),#3078);
#13397 = PRESENTATION_STYLE_ASSIGNMENT((#13398,#13403));
#13398 = SURFACE_STYLE_USAGE(.BOTH.,#13399);
#13399 = SURFACE_SIDE_STYLE('',(#13400));
#13400 = SURFACE_STYLE_FILL_AREA(#13401);
#13401 = FILL_AREA_STYLE('',(#13402));
#13402 = FILL_AREA_STYLE_COLOUR('',#12897);
#13403 = CURVE_STYLE('',#13404,POSITIVE_LENGTH_MEASURE(0.1),#12897);
#13404 = DRAUGHTING_PRE_DEFINED_CURVE_FONT('continuous');
#13405 = STYLED_ITEM('color',(#13406),#3109);
#13406 = PRESENTATION_STYLE_ASSIGNMENT((#13407,#13412));
#13407 = SURFACE_STYLE_USAGE(.BOTH.,#13408);
#13408 = SURFACE_SIDE_STYLE('',(#13409));
#13409 = SURFACE_STYLE_FILL_AREA(#13410);
#13410 = FILL_AREA_STYLE('',(#13411));
#13411 = FILL_AREA_STYLE_COLOUR('',#12897);
#13412 = CURVE_STYLE('',#13413,POSITIVE_LENGTH_MEASURE(0.1),#12897);
#13413 = DRAUGHTING_PRE_DEFINED_CURVE_FONT('continuous');
#13414 = OVER_RIDING_STYLED_ITEM('overriding color',(#13415),#3123,
  #13405);
#13415 = PRESENTATION_STYLE_ASSIGNMENT((#13416,#13421));
#13416 = SURFACE_STYLE_USAGE(.BOTH.,#13417);
#13417 = SURFACE_SIDE_STYLE('',(#13418));
#13418 = SURFACE_STYLE_FILL_AREA(#13419);
#13419 = FILL_AREA_STYLE('',(#13420));
#13420 = FILL_AREA_STYLE_COLOUR('',#12970);
#13421 = CURVE_STYLE('',#13422,POSITIVE_LENGTH_MEASURE(0.1),#12970);
#13422 = DRAUGHTING_PRE_DEFINED_CURVE_FONT('continuous');
#13423 = OVER_RIDING_STYLED_ITEM('overriding color',(#13424),#3139,
  #13405);
#13424 = PRESENTATION_STYLE_ASSIGNMENT((#13425,#13430));
#13425 = SURFACE_STYLE_USAGE(.BOTH.,#13426);
#13426 = SURFACE_SIDE_STYLE('',(#13427));
#13427 = SURFACE_STYLE_FILL_AREA(#13428);
#13428 = FILL_AREA_STYLE('',(#13429));
#13429 = FILL_AREA_STYLE_COLOUR('',#12970);
#13430 = CURVE_STYLE('',#13431,POSITIVE_LENGTH_MEASURE(0.1),#12970);
#13431 = DRAUGHTING_PRE_DEFINED_CURVE_FONT('continuous');
#13432 = STYLED_ITEM('color',(#13433),#3165);
#13433 = PRESENTATION_STYLE_ASSIGNMENT((#13434,#13439));
#13434 = SURFACE_STYLE_USAGE(.BOTH.,#13435);
#13435 = SURFACE_SIDE_STYLE('',(#13436));
#13436 = SURFACE_STYLE_FILL_AREA(#13437);
#13437 = FILL_AREA_STYLE('',(#13438));
#13438 = FILL_AREA_STYLE_COLOUR('',#12897);
#13439 = CURVE_STYLE('',#13440,POSITIVE_LENGTH_MEASURE(0.1),#12897);
#13440 = DRAUGHTING_PRE_DEFINED_CURVE_FONT('continuous');
#13441 = STYLED_ITEM('color',(#13442),#3189);
#13442 = PRESENTATION_STYLE_ASSIGNMENT((#13443,#13448));
#13443 = SURFACE_STYLE_USAGE(.BOTH.,#13444);
#13444 = SURFACE_SIDE_STYLE('',(#13445));
#13445 = SURFACE_STYLE_FILL_AREA(#13446);
#13446 = FILL_AREA_STYLE('',(#13447));
#13447 = FILL_AREA_STYLE_COLOUR('',#12897);
#13448 = CURVE_STYLE('',#13449,POSITIVE_LENGTH_MEASURE(0.1),#12897);
#13449 = DRAUGHTING_PRE_DEFINED_CURVE_FONT('continuous');
#13450 = OVER_RIDING_STYLED_ITEM('overriding color',(#13451),#3203,
  #13441);
#13451 = PRESENTATION_STYLE_ASSIGNMENT((#13452,#13457));
#13452 = SURFACE_STYLE_USAGE(.BOTH.,#13453);
#13453 = SURFACE_SIDE_STYLE('',(#13454));
#13454 = SURFACE_STYLE_FILL_AREA(#13455);
#13455 = FILL_AREA_STYLE('',(#13456));
#13456 = FILL_AREA_STYLE_COLOUR('',#12970);
#13457 = CURVE_STYLE('',#13458,POSITIVE_LENGTH_MEASURE(0.1),#12970);
#13458 = DRAUGHTING_PRE_DEFINED_CURVE_FONT('continuous');
#13459 = OVER_RIDING_STYLED_ITEM('overriding color',(#13460),#3219,
  #13441);
#13460 = PRESENTATION_STYLE_ASSIGNMENT((#13461,#13466));
#13461 = SURFACE_STYLE_USAGE(.BOTH.,#13462);
#13462 = SURFACE_SIDE_STYLE('',(#13463));
#13463 = SURFACE_STYLE_FILL_AREA(#13464);
#13464 = FILL_AREA_STYLE('',(#13465));
#13465 = FILL_AREA_STYLE_COLOUR('',#12970);
#13466 = CURVE_STYLE('',#13467,POSITIVE_LENGTH_MEASURE(0.1),#12970);
#13467 = DRAUGHTING_PRE_DEFINED_CURVE_FONT('continuous');
#13468 = STYLED_ITEM('color',(#13469),#3238);
#13469 = PRESENTATION_STYLE_ASSIGNMENT((#13470,#13475));
#13470 = SURFACE_STYLE_USAGE(.BOTH.,#13471);
#13471 = SURFACE_SIDE_STYLE('',(#13472));
#13472 = SURFACE_STYLE_FILL_AREA(#13473);
#13473 = FILL_AREA_STYLE('',(#13474));
#13474 = FILL_AREA_STYLE_COLOUR('',#12970);
#13475 = CURVE_STYLE('',#13476,POSITIVE_LENGTH_MEASURE(0.1),#12970);
#13476 = DRAUGHTING_PRE_DEFINED_CURVE_FONT('continuous');
#13477 = STYLED_ITEM('color',(#13478),#3255);
#13478 = PRESENTATION_STYLE_ASSIGNMENT((#13479,#13484));
#13479 = SURFACE_STYLE_USAGE(.BOTH.,#13480);
#13480 = SURFACE_SIDE_STYLE('',(#13481));
#13481 = SURFACE_STYLE_FILL_AREA(#13482);
#13482 = FILL_AREA_STYLE('',(#13483));
#13483 = FILL_AREA_STYLE_COLOUR('',#12970);
#13484 = CURVE_STYLE('',#13485,POSITIVE_LENGTH_MEASURE(0.1),#12970);
#13485 = DRAUGHTING_PRE_DEFINED_CURVE_FONT('continuous');
#13486 = STYLED_ITEM('color',(#13487),#3272);
#13487 = PRESENTATION_STYLE_ASSIGNMENT((#13488,#13493));
#13488 = SURFACE_STYLE_USAGE(.BOTH.,#13489);
#13489 = SURFACE_SIDE_STYLE('',(#13490));
#13490 = SURFACE_STYLE_FILL_AREA(#13491);
#13491 = FILL_AREA_STYLE('',(#13492));
#13492 = FILL_AREA_STYLE_COLOUR('',#12970);
#13493 = CURVE_STYLE('',#13494,POSITIVE_LENGTH_MEASURE(0.1),#12970);
#13494 = DRAUGHTING_PRE_DEFINED_CURVE_FONT('continuous');
#13495 = STYLED_ITEM('color',(#13496),#3289);
#13496 = PRESENTATION_STYLE_ASSIGNMENT((#13497,#13502));
#13497 = SURFACE_STYLE_USAGE(.BOTH.,#13498);
#13498 = SURFACE_SIDE_STYLE('',(#13499));
#13499 = SURFACE_STYLE_FILL_AREA(#13500);
#13500 = FILL_AREA_STYLE('',(#13501));
#13501 = FILL_AREA_STYLE_COLOUR('',#12970);
#13502 = CURVE_STYLE('',#13503,POSITIVE_LENGTH_MEASURE(0.1),#12970);
#13503 = DRAUGHTING_PRE_DEFINED_CURVE_FONT('continuous');
#13504 = STYLED_ITEM('color',(#13505),#3306);
#13505 = PRESENTATION_STYLE_ASSIGNMENT((#13506,#13511));
#13506 = SURFACE_STYLE_USAGE(.BOTH.,#13507);
#13507 = SURFACE_SIDE_STYLE('',(#13508));
#13508 = SURFACE_STYLE_FILL_AREA(#13509);
#13509 = FILL_AREA_STYLE('',(#13510));
#13510 = FILL_AREA_STYLE_COLOUR('',#12970);
#13511 = CURVE_STYLE('',#13512,POSITIVE_LENGTH_MEASURE(0.1),#12970);
#13512 = DRAUGHTING_PRE_DEFINED_CURVE_FONT('continuous');
#13513 = STYLED_ITEM('color',(#13514),#3318);
#13514 = PRESENTATION_STYLE_ASSIGNMENT((#13515,#13520));
#13515 = SURFACE_STYLE_USAGE(.BOTH.,#13516);
#13516 = SURFACE_SIDE_STYLE('',(#13517));
#13517 = SURFACE_STYLE_FILL_AREA(#13518);
#13518 = FILL_AREA_STYLE('',(#13519));
#13519 = FILL_AREA_STYLE_COLOUR('',#12970);
#13520 = CURVE_STYLE('',#13521,POSITIVE_LENGTH_MEASURE(0.1),#12970);
#13521 = DRAUGHTING_PRE_DEFINED_CURVE_FONT('continuous');
#13522 = STYLED_ITEM('color',(#13523),#3335);
#13523 = PRESENTATION_STYLE_ASSIGNMENT((#13524,#13529));
#13524 = SURFACE_STYLE_USAGE(.BOTH.,#13525);
#13525 = SURFACE_SIDE_STYLE('',(#13526));
#13526 = SURFACE_STYLE_FILL_AREA(#13527);
#13527 = FILL_AREA_STYLE('',(#13528));
#13528 = FILL_AREA_STYLE_COLOUR('',#12970);
#13529 = CURVE_STYLE('',#13530,POSITIVE_LENGTH_MEASURE(0.1),#12970);
#13530 = DRAUGHTING_PRE_DEFINED_CURVE_FONT('continuous');
#13531 = STYLED_ITEM('color',(#13532),#3352);
#13532 = PRESENTATION_STYLE_ASSIGNMENT((#13533,#13538));
#13533 = SURFACE_STYLE_USAGE(.BOTH.,#13534);
#13534 = SURFACE_SIDE_STYLE('',(#13535));
#13535 = SURFACE_STYLE_FILL_AREA(#13536);
#13536 = FILL_AREA_STYLE('',(#13537));
#13537 = FILL_AREA_STYLE_COLOUR('',#12970);
#13538 = CURVE_STYLE('',#13539,POSITIVE_LENGTH_MEASURE(0.1),#12970);
#13539 = DRAUGHTING_PRE_DEFINED_CURVE_FONT('continuous');
#13540 = STYLED_ITEM('color',(#13541),#3369);
#13541 = PRESENTATION_STYLE_ASSIGNMENT((#13542,#13547));
#13542 = SURFACE_STYLE_USAGE(.BOTH.,#13543);
#13543 = SURFACE_SIDE_STYLE('',(#13544));
#13544 = SURFACE_STYLE_FILL_AREA(#13545);
#13545 = FILL_AREA_STYLE('',(#13546));
#13546 = FILL_AREA_STYLE_COLOUR('',#12970);
#13547 = CURVE_STYLE('',#13548,POSITIVE_LENGTH_MEASURE(0.1),#12970);
#13548 = DRAUGHTING_PRE_DEFINED_CURVE_FONT('continuous');
#13549 = STYLED_ITEM('color',(#13550),#3386);
#13550 = PRESENTATION_STYLE_ASSIGNMENT((#13551,#13556));
#13551 = SURFACE_STYLE_USAGE(.BOTH.,#13552);
#13552 = SURFACE_SIDE_STYLE('',(#13553));
#13553 = SURFACE_STYLE_FILL_AREA(#13554);
#13554 = FILL_AREA_STYLE('',(#13555));
#13555 = FILL_AREA_STYLE_COLOUR('',#12970);
#13556 = CURVE_STYLE('',#13557,POSITIVE_LENGTH_MEASURE(0.1),#12970);
#13557 = DRAUGHTING_PRE_DEFINED_CURVE_FONT('continuous');
#13558 = STYLED_ITEM('color',(#13559),#3398);
#13559 = PRESENTATION_STYLE_ASSIGNMENT((#13560,#13565));
#13560 = SURFACE_STYLE_USAGE(.BOTH.,#13561);
#13561 = SURFACE_SIDE_STYLE('',(#13562));
#13562 = SURFACE_STYLE_FILL_AREA(#13563);
#13563 = FILL_AREA_STYLE('',(#13564));
#13564 = FILL_AREA_STYLE_COLOUR('',#12970);
#13565 = CURVE_STYLE('',#13566,POSITIVE_LENGTH_MEASURE(0.1),#12970);
#13566 = DRAUGHTING_PRE_DEFINED_CURVE_FONT('continuous');
#13567 = STYLED_ITEM('color',(#13568),#3415);
#13568 = PRESENTATION_STYLE_ASSIGNMENT((#13569,#13574));
#13569 = SURFACE_STYLE_USAGE(.BOTH.,#13570);
#13570 = SURFACE_SIDE_STYLE('',(#13571));
#13571 = SURFACE_STYLE_FILL_AREA(#13572);
#13572 = FILL_AREA_STYLE('',(#13573));
#13573 = FILL_AREA_STYLE_COLOUR('',#12970);
#13574 = CURVE_STYLE('',#13575,POSITIVE_LENGTH_MEASURE(0.1),#12970);
#13575 = DRAUGHTING_PRE_DEFINED_CURVE_FONT('continuous');
#13576 = STYLED_ITEM('color',(#13577),#3432);
#13577 = PRESENTATION_STYLE_ASSIGNMENT((#13578,#13583));
#13578 = SURFACE_STYLE_USAGE(.BOTH.,#13579);
#13579 = SURFACE_SIDE_STYLE('',(#13580));
#13580 = SURFACE_STYLE_FILL_AREA(#13581);
#13581 = FILL_AREA_STYLE('',(#13582));
#13582 = FILL_AREA_STYLE_COLOUR('',#12970);
#13583 = CURVE_STYLE('',#13584,POSITIVE_LENGTH_MEASURE(0.1),#12970);
#13584 = DRAUGHTING_PRE_DEFINED_CURVE_FONT('continuous');
#13585 = STYLED_ITEM('color',(#13586),#3449);
#13586 = PRESENTATION_STYLE_ASSIGNMENT((#13587,#13592));
#13587 = SURFACE_STYLE_USAGE(.BOTH.,#13588);
#13588 = SURFACE_SIDE_STYLE('',(#13589));
#13589 = SURFACE_STYLE_FILL_AREA(#13590);
#13590 = FILL_AREA_STYLE('',(#13591));
#13591 = FILL_AREA_STYLE_COLOUR('',#12970);
#13592 = CURVE_STYLE('',#13593,POSITIVE_LENGTH_MEASURE(0.1),#12970);
#13593 = DRAUGHTING_PRE_DEFINED_CURVE_FONT('continuous');
#13594 = STYLED_ITEM('color',(#13595),#3466);
#13595 = PRESENTATION_STYLE_ASSIGNMENT((#13596,#13601));
#13596 = SURFACE_STYLE_USAGE(.BOTH.,#13597);
#13597 = SURFACE_SIDE_STYLE('',(#13598));
#13598 = SURFACE_STYLE_FILL_AREA(#13599);
#13599 = FILL_AREA_STYLE('',(#13600));
#13600 = FILL_AREA_STYLE_COLOUR('',#12970);
#13601 = CURVE_STYLE('',#13602,POSITIVE_LENGTH_MEASURE(0.1),#12970);
#13602 = DRAUGHTING_PRE_DEFINED_CURVE_FONT('continuous');
#13603 = STYLED_ITEM('color',(#13604),#3478);
#13604 = PRESENTATION_STYLE_ASSIGNMENT((#13605,#13610));
#13605 = SURFACE_STYLE_USAGE(.BOTH.,#13606);
#13606 = SURFACE_SIDE_STYLE('',(#13607));
#13607 = SURFACE_STYLE_FILL_AREA(#13608);
#13608 = FILL_AREA_STYLE('',(#13609));
#13609 = FILL_AREA_STYLE_COLOUR('',#12897);
#13610 = CURVE_STYLE('',#13611,POSITIVE_LENGTH_MEASURE(0.1),#12897);
#13611 = DRAUGHTING_PRE_DEFINED_CURVE_FONT('continuous');
#13612 = OVER_RIDING_STYLED_ITEM('overriding color',(#13613),#3485,
  #13603);
#13613 = PRESENTATION_STYLE_ASSIGNMENT((#13614,#13619));
#13614 = SURFACE_STYLE_USAGE(.BOTH.,#13615);
#13615 = SURFACE_SIDE_STYLE('',(#13616));
#13616 = SURFACE_STYLE_FILL_AREA(#13617);
#13617 = FILL_AREA_STYLE('',(#13618));
#13618 = FILL_AREA_STYLE_COLOUR('',#12970);
#13619 = CURVE_STYLE('',#13620,POSITIVE_LENGTH_MEASURE(0.1),#12970);
#13620 = DRAUGHTING_PRE_DEFINED_CURVE_FONT('continuous');
#13621 = STYLED_ITEM('color',(#13622),#3495);
#13622 = PRESENTATION_STYLE_ASSIGNMENT((#13623,#13628));
#13623 = SURFACE_STYLE_USAGE(.BOTH.,#13624);
#13624 = SURFACE_SIDE_STYLE('',(#13625));
#13625 = SURFACE_STYLE_FILL_AREA(#13626);
#13626 = FILL_AREA_STYLE('',(#13627));
#13627 = FILL_AREA_STYLE_COLOUR('',#12897);
#13628 = CURVE_STYLE('',#13629,POSITIVE_LENGTH_MEASURE(0.1),#12897);
#13629 = DRAUGHTING_PRE_DEFINED_CURVE_FONT('continuous');
#13630 = OVER_RIDING_STYLED_ITEM('overriding color',(#13631),#3500,
  #13621);
#13631 = PRESENTATION_STYLE_ASSIGNMENT((#13632,#13637));
#13632 = SURFACE_STYLE_USAGE(.BOTH.,#13633);
#13633 = SURFACE_SIDE_STYLE('',(#13634));
#13634 = SURFACE_STYLE_FILL_AREA(#13635);
#13635 = FILL_AREA_STYLE('',(#13636));
#13636 = FILL_AREA_STYLE_COLOUR('',#12970);
#13637 = CURVE_STYLE('',#13638,POSITIVE_LENGTH_MEASURE(0.1),#12970);
#13638 = DRAUGHTING_PRE_DEFINED_CURVE_FONT('continuous');
#13639 = STYLED_ITEM('color',(#13640),#3512);
#13640 = PRESENTATION_STYLE_ASSIGNMENT((#13641,#13646));
#13641 = SURFACE_STYLE_USAGE(.BOTH.,#13642);
#13642 = SURFACE_SIDE_STYLE('',(#13643));
#13643 = SURFACE_STYLE_FILL_AREA(#13644);
#13644 = FILL_AREA_STYLE('',(#13645));
#13645 = FILL_AREA_STYLE_COLOUR('',#12970);
#13646 = CURVE_STYLE('',#13647,POSITIVE_LENGTH_MEASURE(0.1),#12970);
#13647 = DRAUGHTING_PRE_DEFINED_CURVE_FONT('continuous');
#13648 = STYLED_ITEM('color',(#13649),#3561);
#13649 = PRESENTATION_STYLE_ASSIGNMENT((#13650,#13655));
#13650 = SURFACE_STYLE_USAGE(.BOTH.,#13651);
#13651 = SURFACE_SIDE_STYLE('',(#13652));
#13652 = SURFACE_STYLE_FILL_AREA(#13653);
#13653 = FILL_AREA_STYLE('',(#13654));
#13654 = FILL_AREA_STYLE_COLOUR('',#12970);
#13655 = CURVE_STYLE('',#13656,POSITIVE_LENGTH_MEASURE(0.1),#12970);
#13656 = DRAUGHTING_PRE_DEFINED_CURVE_FONT('continuous');
#13657 = STYLED_ITEM('color',(#13658),#3585);
#13658 = PRESENTATION_STYLE_ASSIGNMENT((#13659,#13664));
#13659 = SURFACE_STYLE_USAGE(.BOTH.,#13660);
#13660 = SURFACE_SIDE_STYLE('',(#13661));
#13661 = SURFACE_STYLE_FILL_AREA(#13662);
#13662 = FILL_AREA_STYLE('',(#13663));
#13663 = FILL_AREA_STYLE_COLOUR('',#12970);
#13664 = CURVE_STYLE('',#13665,POSITIVE_LENGTH_MEASURE(0.1),#12970);
#13665 = DRAUGHTING_PRE_DEFINED_CURVE_FONT('continuous');
#13666 = STYLED_ITEM('color',(#13667),#3627);
#13667 = PRESENTATION_STYLE_ASSIGNMENT((#13668,#13673));
#13668 = SURFACE_STYLE_USAGE(.BOTH.,#13669);
#13669 = SURFACE_SIDE_STYLE('',(#13670));
#13670 = SURFACE_STYLE_FILL_AREA(#13671);
#13671 = FILL_AREA_STYLE('',(#13672));
#13672 = FILL_AREA_STYLE_COLOUR('',#12970);
#13673 = CURVE_STYLE('',#13674,POSITIVE_LENGTH_MEASURE(0.1),#12970);
#13674 = DRAUGHTING_PRE_DEFINED_CURVE_FONT('continuous');
#13675 = STYLED_ITEM('color',(#13676),#3644);
#13676 = PRESENTATION_STYLE_ASSIGNMENT((#13677,#13682));
#13677 = SURFACE_STYLE_USAGE(.BOTH.,#13678);
#13678 = SURFACE_SIDE_STYLE('',(#13679));
#13679 = SURFACE_STYLE_FILL_AREA(#13680);
#13680 = FILL_AREA_STYLE('',(#13681));
#13681 = FILL_AREA_STYLE_COLOUR('',#12897);
#13682 = CURVE_STYLE('',#13683,POSITIVE_LENGTH_MEASURE(0.1),#12897);
#13683 = DRAUGHTING_PRE_DEFINED_CURVE_FONT('continuous');
#13684 = OVER_RIDING_STYLED_ITEM('overriding color',(#13685),#3651,
  #13675);
#13685 = PRESENTATION_STYLE_ASSIGNMENT((#13686,#13691));
#13686 = SURFACE_STYLE_USAGE(.BOTH.,#13687);
#13687 = SURFACE_SIDE_STYLE('',(#13688));
#13688 = SURFACE_STYLE_FILL_AREA(#13689);
#13689 = FILL_AREA_STYLE('',(#13690));
#13690 = FILL_AREA_STYLE_COLOUR('',#12970);
#13691 = CURVE_STYLE('',#13692,POSITIVE_LENGTH_MEASURE(0.1),#12970);
#13692 = DRAUGHTING_PRE_DEFINED_CURVE_FONT('continuous');
#13693 = STYLED_ITEM('color',(#13694),#3661);
#13694 = PRESENTATION_STYLE_ASSIGNMENT((#13695,#13700));
#13695 = SURFACE_STYLE_USAGE(.BOTH.,#13696);
#13696 = SURFACE_SIDE_STYLE('',(#13697));
#13697 = SURFACE_STYLE_FILL_AREA(#13698);
#13698 = FILL_AREA_STYLE('',(#13699));
#13699 = FILL_AREA_STYLE_COLOUR('',#12897);
#13700 = CURVE_STYLE('',#13701,POSITIVE_LENGTH_MEASURE(0.1),#12897);
#13701 = DRAUGHTING_PRE_DEFINED_CURVE_FONT('continuous');
#13702 = OVER_RIDING_STYLED_ITEM('overriding color',(#13703),#3666,
  #13693);
#13703 = PRESENTATION_STYLE_ASSIGNMENT((#13704,#13709));
#13704 = SURFACE_STYLE_USAGE(.BOTH.,#13705);
#13705 = SURFACE_SIDE_STYLE('',(#13706));
#13706 = SURFACE_STYLE_FILL_AREA(#13707);
#13707 = FILL_AREA_STYLE('',(#13708));
#13708 = FILL_AREA_STYLE_COLOUR('',#12970);
#13709 = CURVE_STYLE('',#13710,POSITIVE_LENGTH_MEASURE(0.1),#12970);
#13710 = DRAUGHTING_PRE_DEFINED_CURVE_FONT('continuous');
#13711 = STYLED_ITEM('color',(#13712),#3678);
#13712 = PRESENTATION_STYLE_ASSIGNMENT((#13713,#13718));
#13713 = SURFACE_STYLE_USAGE(.BOTH.,#13714);
#13714 = SURFACE_SIDE_STYLE('',(#13715));
#13715 = SURFACE_STYLE_FILL_AREA(#13716);
#13716 = FILL_AREA_STYLE('',(#13717));
#13717 = FILL_AREA_STYLE_COLOUR('',#12970);
#13718 = CURVE_STYLE('',#13719,POSITIVE_LENGTH_MEASURE(0.1),#12970);
#13719 = DRAUGHTING_PRE_DEFINED_CURVE_FONT('continuous');
#13720 = STYLED_ITEM('color',(#13721),#3727);
#13721 = PRESENTATION_STYLE_ASSIGNMENT((#13722,#13727));
#13722 = SURFACE_STYLE_USAGE(.BOTH.,#13723);
#13723 = SURFACE_SIDE_STYLE('',(#13724));
#13724 = SURFACE_STYLE_FILL_AREA(#13725);
#13725 = FILL_AREA_STYLE('',(#13726));
#13726 = FILL_AREA_STYLE_COLOUR('',#12970);
#13727 = CURVE_STYLE('',#13728,POSITIVE_LENGTH_MEASURE(0.1),#12970);
#13728 = DRAUGHTING_PRE_DEFINED_CURVE_FONT('continuous');
#13729 = STYLED_ITEM('color',(#13730),#3751);
#13730 = PRESENTATION_STYLE_ASSIGNMENT((#13731,#13736));
#13731 = SURFACE_STYLE_USAGE(.BOTH.,#13732);
#13732 = SURFACE_SIDE_STYLE('',(#13733));
#13733 = SURFACE_STYLE_FILL_AREA(#13734);
#13734 = FILL_AREA_STYLE('',(#13735));
#13735 = FILL_AREA_STYLE_COLOUR('',#12970);
#13736 = CURVE_STYLE('',#13737,POSITIVE_LENGTH_MEASURE(0.1),#12970);
#13737 = DRAUGHTING_PRE_DEFINED_CURVE_FONT('continuous');
#13738 = STYLED_ITEM('color',(#13739),#3793);
#13739 = PRESENTATION_STYLE_ASSIGNMENT((#13740,#13745));
#13740 = SURFACE_STYLE_USAGE(.BOTH.,#13741);
#13741 = SURFACE_SIDE_STYLE('',(#13742));
#13742 = SURFACE_STYLE_FILL_AREA(#13743);
#13743 = FILL_AREA_STYLE('',(#13744));
#13744 = FILL_AREA_STYLE_COLOUR('',#12970);
#13745 = CURVE_STYLE('',#13746,POSITIVE_LENGTH_MEASURE(0.1),#12970);
#13746 = DRAUGHTING_PRE_DEFINED_CURVE_FONT('continuous');
#13747 = STYLED_ITEM('color',(#13748),#3810);
#13748 = PRESENTATION_STYLE_ASSIGNMENT((#13749,#13754));
#13749 = SURFACE_STYLE_USAGE(.BOTH.,#13750);
#13750 = SURFACE_SIDE_STYLE('',(#13751));
#13751 = SURFACE_STYLE_FILL_AREA(#13752);
#13752 = FILL_AREA_STYLE('',(#13753));
#13753 = FILL_AREA_STYLE_COLOUR('',#12897);
#13754 = CURVE_STYLE('',#13755,POSITIVE_LENGTH_MEASURE(0.1),#12897);
#13755 = DRAUGHTING_PRE_DEFINED_CURVE_FONT('continuous');
#13756 = OVER_RIDING_STYLED_ITEM('overriding color',(#13757),#3817,
  #13747);
#13757 = PRESENTATION_STYLE_ASSIGNMENT((#13758,#13763));
#13758 = SURFACE_STYLE_USAGE(.BOTH.,#13759);
#13759 = SURFACE_SIDE_STYLE('',(#13760));
#13760 = SURFACE_STYLE_FILL_AREA(#13761);
#13761 = FILL_AREA_STYLE('',(#13762));
#13762 = FILL_AREA_STYLE_COLOUR('',#12970);
#13763 = CURVE_STYLE('',#13764,POSITIVE_LENGTH_MEASURE(0.1),#12970);
#13764 = DRAUGHTING_PRE_DEFINED_CURVE_FONT('continuous');
#13765 = STYLED_ITEM('color',(#13766),#3827);
#13766 = PRESENTATION_STYLE_ASSIGNMENT((#13767,#13772));
#13767 = SURFACE_STYLE_USAGE(.BOTH.,#13768);
#13768 = SURFACE_SIDE_STYLE('',(#13769));
#13769 = SURFACE_STYLE_FILL_AREA(#13770);
#13770 = FILL_AREA_STYLE('',(#13771));
#13771 = FILL_AREA_STYLE_COLOUR('',#12897);
#13772 = CURVE_STYLE('',#13773,POSITIVE_LENGTH_MEASURE(0.1),#12897);
#13773 = DRAUGHTING_PRE_DEFINED_CURVE_FONT('continuous');
#13774 = OVER_RIDING_STYLED_ITEM('overriding color',(#13775),#3832,
  #13765);
#13775 = PRESENTATION_STYLE_ASSIGNMENT((#13776,#13781));
#13776 = SURFACE_STYLE_USAGE(.BOTH.,#13777);
#13777 = SURFACE_SIDE_STYLE('',(#13778));
#13778 = SURFACE_STYLE_FILL_AREA(#13779);
#13779 = FILL_AREA_STYLE('',(#13780));
#13780 = FILL_AREA_STYLE_COLOUR('',#12970);
#13781 = CURVE_STYLE('',#13782,POSITIVE_LENGTH_MEASURE(0.1),#12970);
#13782 = DRAUGHTING_PRE_DEFINED_CURVE_FONT('continuous');
#13783 = STYLED_ITEM('color',(#13784),#3844);
#13784 = PRESENTATION_STYLE_ASSIGNMENT((#13785,#13790));
#13785 = SURFACE_STYLE_USAGE(.BOTH.,#13786);
#13786 = SURFACE_SIDE_STYLE('',(#13787));
#13787 = SURFACE_STYLE_FILL_AREA(#13788);
#13788 = FILL_AREA_STYLE('',(#13789));
#13789 = FILL_AREA_STYLE_COLOUR('',#12970);
#13790 = CURVE_STYLE('',#13791,POSITIVE_LENGTH_MEASURE(0.1),#12970);
#13791 = DRAUGHTING_PRE_DEFINED_CURVE_FONT('continuous');
#13792 = STYLED_ITEM('color',(#13793),#3893);
#13793 = PRESENTATION_STYLE_ASSIGNMENT((#13794,#13799));
#13794 = SURFACE_STYLE_USAGE(.BOTH.,#13795);
#13795 = SURFACE_SIDE_STYLE('',(#13796));
#13796 = SURFACE_STYLE_FILL_AREA(#13797);
#13797 = FILL_AREA_STYLE('',(#13798));
#13798 = FILL_AREA_STYLE_COLOUR('',#12970);
#13799 = CURVE_STYLE('',#13800,POSITIVE_LENGTH_MEASURE(0.1),#12970);
#13800 = DRAUGHTING_PRE_DEFINED_CURVE_FONT('continuous');
#13801 = STYLED_ITEM('color',(#13802),#3917);
#13802 = PRESENTATION_STYLE_ASSIGNMENT((#13803,#13808));
#13803 = SURFACE_STYLE_USAGE(.BOTH.,#13804);
#13804 = SURFACE_SIDE_STYLE('',(#13805));
#13805 = SURFACE_STYLE_FILL_AREA(#13806);
#13806 = FILL_AREA_STYLE('',(#13807));
#13807 = FILL_AREA_STYLE_COLOUR('',#12970);
#13808 = CURVE_STYLE('',#13809,POSITIVE_LENGTH_MEASURE(0.1),#12970);
#13809 = DRAUGHTING_PRE_DEFINED_CURVE_FONT('continuous');
#13810 = STYLED_ITEM('color',(#13811),#3959);
#13811 = PRESENTATION_STYLE_ASSIGNMENT((#13812,#13817));
#13812 = SURFACE_STYLE_USAGE(.BOTH.,#13813);
#13813 = SURFACE_SIDE_STYLE('',(#13814));
#13814 = SURFACE_STYLE_FILL_AREA(#13815);
#13815 = FILL_AREA_STYLE('',(#13816));
#13816 = FILL_AREA_STYLE_COLOUR('',#12970);
#13817 = CURVE_STYLE('',#13818,POSITIVE_LENGTH_MEASURE(0.1),#12970);
#13818 = DRAUGHTING_PRE_DEFINED_CURVE_FONT('continuous');
#13819 = STYLED_ITEM('color',(#13820),#3976);
#13820 = PRESENTATION_STYLE_ASSIGNMENT((#13821,#13826));
#13821 = SURFACE_STYLE_USAGE(.BOTH.,#13822);
#13822 = SURFACE_SIDE_STYLE('',(#13823));
#13823 = SURFACE_STYLE_FILL_AREA(#13824);
#13824 = FILL_AREA_STYLE('',(#13825));
#13825 = FILL_AREA_STYLE_COLOUR('',#12970);
#13826 = CURVE_STYLE('',#13827,POSITIVE_LENGTH_MEASURE(0.1),#12970);
#13827 = DRAUGHTING_PRE_DEFINED_CURVE_FONT('continuous');
#13828 = STYLED_ITEM('color',(#13829),#3993);
#13829 = PRESENTATION_STYLE_ASSIGNMENT((#13830,#13835));
#13830 = SURFACE_STYLE_USAGE(.BOTH.,#13831);
#13831 = SURFACE_SIDE_STYLE('',(#13832));
#13832 = SURFACE_STYLE_FILL_AREA(#13833);
#13833 = FILL_AREA_STYLE('',(#13834));
#13834 = FILL_AREA_STYLE_COLOUR('',#12970);
#13835 = CURVE_STYLE('',#13836,POSITIVE_LENGTH_MEASURE(0.1),#12970);
#13836 = DRAUGHTING_PRE_DEFINED_CURVE_FONT('continuous');
#13837 = STYLED_ITEM('color',(#13838),#4010);
#13838 = PRESENTATION_STYLE_ASSIGNMENT((#13839,#13844));
#13839 = SURFACE_STYLE_USAGE(.BOTH.,#13840);
#13840 = SURFACE_SIDE_STYLE('',(#13841));
#13841 = SURFACE_STYLE_FILL_AREA(#13842);
#13842 = FILL_AREA_STYLE('',(#13843));
#13843 = FILL_AREA_STYLE_COLOUR('',#12970);
#13844 = CURVE_STYLE('',#13845,POSITIVE_LENGTH_MEASURE(0.1),#12970);
#13845 = DRAUGHTING_PRE_DEFINED_CURVE_FONT('continuous');
#13846 = STYLED_ITEM('color',(#13847),#4022);
#13847 = PRESENTATION_STYLE_ASSIGNMENT((#13848,#13853));
#13848 = SURFACE_STYLE_USAGE(.BOTH.,#13849);
#13849 = SURFACE_SIDE_STYLE('',(#13850));
#13850 = SURFACE_STYLE_FILL_AREA(#13851);
#13851 = FILL_AREA_STYLE('',(#13852));
#13852 = FILL_AREA_STYLE_COLOUR('',#12970);
#13853 = CURVE_STYLE('',#13854,POSITIVE_LENGTH_MEASURE(0.1),#12970);
#13854 = DRAUGHTING_PRE_DEFINED_CURVE_FONT('continuous');
#13855 = STYLED_ITEM('color',(#13856),#4039);
#13856 = PRESENTATION_STYLE_ASSIGNMENT((#13857,#13862));
#13857 = SURFACE_STYLE_USAGE(.BOTH.,#13858);
#13858 = SURFACE_SIDE_STYLE('',(#13859));
#13859 = SURFACE_STYLE_FILL_AREA(#13860);
#13860 = FILL_AREA_STYLE('',(#13861));
#13861 = FILL_AREA_STYLE_COLOUR('',#12970);
#13862 = CURVE_STYLE('',#13863,POSITIVE_LENGTH_MEASURE(0.1),#12970);
#13863 = DRAUGHTING_PRE_DEFINED_CURVE_FONT('continuous');
#13864 = STYLED_ITEM('color',(#13865),#4056);
#13865 = PRESENTATION_STYLE_ASSIGNMENT((#13866,#13871));
#13866 = SURFACE_STYLE_USAGE(.BOTH.,#13867);
#13867 = SURFACE_SIDE_STYLE('',(#13868));
#13868 = SURFACE_STYLE_FILL_AREA(#13869);
#13869 = FILL_AREA_STYLE('',(#13870));
#13870 = FILL_AREA_STYLE_COLOUR('',#12970);
#13871 = CURVE_STYLE('',#13872,POSITIVE_LENGTH_MEASURE(0.1),#12970);
#13872 = DRAUGHTING_PRE_DEFINED_CURVE_FONT('continuous');
#13873 = STYLED_ITEM('color',(#13874),#4068);
#13874 = PRESENTATION_STYLE_ASSIGNMENT((#13875,#13880));
#13875 = SURFACE_STYLE_USAGE(.BOTH.,#13876);
#13876 = SURFACE_SIDE_STYLE('',(#13877));
#13877 = SURFACE_STYLE_FILL_AREA(#13878);
#13878 = FILL_AREA_STYLE('',(#13879));
#13879 = FILL_AREA_STYLE_COLOUR('',#12970);
#13880 = CURVE_STYLE('',#13881,POSITIVE_LENGTH_MEASURE(0.1),#12970);
#13881 = DRAUGHTING_PRE_DEFINED_CURVE_FONT('continuous');
#13882 = STYLED_ITEM('color',(#13883),#4085);
#13883 = PRESENTATION_STYLE_ASSIGNMENT((#13884,#13889));
#13884 = SURFACE_STYLE_USAGE(.BOTH.,#13885);
#13885 = SURFACE_SIDE_STYLE('',(#13886));
#13886 = SURFACE_STYLE_FILL_AREA(#13887);
#13887 = FILL_AREA_STYLE('',(#13888));
#13888 = FILL_AREA_STYLE_COLOUR('',#12970);
#13889 = CURVE_STYLE('',#13890,POSITIVE_LENGTH_MEASURE(0.1),#12970);
#13890 = DRAUGHTING_PRE_DEFINED_CURVE_FONT('continuous');
#13891 = STYLED_ITEM('color',(#13892),#4102);
#13892 = PRESENTATION_STYLE_ASSIGNMENT((#13893,#13898));
#13893 = SURFACE_STYLE_USAGE(.BOTH.,#13894);
#13894 = SURFACE_SIDE_STYLE('',(#13895));
#13895 = SURFACE_STYLE_FILL_AREA(#13896);
#13896 = FILL_AREA_STYLE('',(#13897));
#13897 = FILL_AREA_STYLE_COLOUR('',#12970);
#13898 = CURVE_STYLE('',#13899,POSITIVE_LENGTH_MEASURE(0.1),#12970);
#13899 = DRAUGHTING_PRE_DEFINED_CURVE_FONT('continuous');
#13900 = MECHANICAL_DESIGN_GEOMETRIC_PRESENTATION_REPRESENTATION('',(
    #13901),#12511);
#13901 = STYLED_ITEM('color',(#13902),#10138);
#13902 = PRESENTATION_STYLE_ASSIGNMENT((#13903));
#13903 = SURFACE_STYLE_USAGE(.BOTH.,#13904);
#13904 = SURFACE_SIDE_STYLE('',(#13905));
#13905 = SURFACE_STYLE_FILL_AREA(#13906);
#13906 = FILL_AREA_STYLE('',(#13907));
#13907 = FILL_AREA_STYLE_COLOUR('',#13908);
#13908 = COLOUR_RGB('',0.313304153717,0.484529207832,0.410020903123);
#13909 = MECHANICAL_DESIGN_GEOMETRIC_PRESENTATION_REPRESENTATION('',(
    #13910,#13919,#13928,#13937,#13946,#13955,#13964,#13973,#13982,
    #13991,#14000,#14009,#14018,#14027,#14036,#14045,#14054,#14063,
    #14072,#14081,#14090,#14099,#14108,#14117,#14126,#14135,#14144,
    #14153,#14162,#14171,#14180,#14189,#14198,#14207,#14216,#14225,
    #14234,#14243,#14252,#14261,#14270,#14279,#14288,#14297,#14306,
    #14315,#14324,#14333,#14342,#14351,#14360,#14369,#14378,#14387,
    #14396,#14405,#14414,#14423,#14432,#14441,#14450,#14459,#14468,
    #14477,#14486,#14495,#14504,#14513,#14522,#14531,#14540,#14549,
    #14558,#14567,#14576,#14585,#14594,#14603),#5967);
#13910 = STYLED_ITEM('color',(#13911),#4135);
#13911 = PRESENTATION_STYLE_ASSIGNMENT((#13912,#13917));
#13912 = SURFACE_STYLE_USAGE(.BOTH.,#13913);
#13913 = SURFACE_SIDE_STYLE('',(#13914));
#13914 = SURFACE_STYLE_FILL_AREA(#13915);
#13915 = FILL_AREA_STYLE('',(#13916));
#13916 = FILL_AREA_STYLE_COLOUR('',#12897);
#13917 = CURVE_STYLE('',#13918,POSITIVE_LENGTH_MEASURE(0.1),#12897);
#13918 = DRAUGHTING_PRE_DEFINED_CURVE_FONT('continuous');
#13919 = STYLED_ITEM('color',(#13920),#4175);
#13920 = PRESENTATION_STYLE_ASSIGNMENT((#13921,#13926));
#13921 = SURFACE_STYLE_USAGE(.BOTH.,#13922);
#13922 = SURFACE_SIDE_STYLE('',(#13923));
#13923 = SURFACE_STYLE_FILL_AREA(#13924);
#13924 = FILL_AREA_STYLE('',(#13925));
#13925 = FILL_AREA_STYLE_COLOUR('',#12897);
#13926 = CURVE_STYLE('',#13927,POSITIVE_LENGTH_MEASURE(0.1),#12897);
#13927 = DRAUGHTING_PRE_DEFINED_CURVE_FONT('continuous');
#13928 = STYLED_ITEM('color',(#13929),#4238);
#13929 = PRESENTATION_STYLE_ASSIGNMENT((#13930,#13935));
#13930 = SURFACE_STYLE_USAGE(.BOTH.,#13931);
#13931 = SURFACE_SIDE_STYLE('',(#13932));
#13932 = SURFACE_STYLE_FILL_AREA(#13933);
#13933 = FILL_AREA_STYLE('',(#13934));
#13934 = FILL_AREA_STYLE_COLOUR('',#12897);
#13935 = CURVE_STYLE('',#13936,POSITIVE_LENGTH_MEASURE(0.1),#12897);
#13936 = DRAUGHTING_PRE_DEFINED_CURVE_FONT('continuous');
#13937 = STYLED_ITEM('color',(#13938),#4301);
#13938 = PRESENTATION_STYLE_ASSIGNMENT((#13939,#13944));
#13939 = SURFACE_STYLE_USAGE(.BOTH.,#13940);
#13940 = SURFACE_SIDE_STYLE('',(#13941));
#13941 = SURFACE_STYLE_FILL_AREA(#13942);
#13942 = FILL_AREA_STYLE('',(#13943));
#13943 = FILL_AREA_STYLE_COLOUR('',#12897);
#13944 = CURVE_STYLE('',#13945,POSITIVE_LENGTH_MEASURE(0.1),#12897);
#13945 = DRAUGHTING_PRE_DEFINED_CURVE_FONT('continuous');
#13946 = STYLED_ITEM('color',(#13947),#4318);
#13947 = PRESENTATION_STYLE_ASSIGNMENT((#13948,#13953));
#13948 = SURFACE_STYLE_USAGE(.BOTH.,#13949);
#13949 = SURFACE_SIDE_STYLE('',(#13950));
#13950 = SURFACE_STYLE_FILL_AREA(#13951);
#13951 = FILL_AREA_STYLE('',(#13952));
#13952 = FILL_AREA_STYLE_COLOUR('',#12897);
#13953 = CURVE_STYLE('',#13954,POSITIVE_LENGTH_MEASURE(0.1),#12897);
#13954 = DRAUGHTING_PRE_DEFINED_CURVE_FONT('continuous');
#13955 = STYLED_ITEM('color',(#13956),#4403);
#13956 = PRESENTATION_STYLE_ASSIGNMENT((#13957,#13962));
#13957 = SURFACE_STYLE_USAGE(.BOTH.,#13958);
#13958 = SURFACE_SIDE_STYLE('',(#13959));
#13959 = SURFACE_STYLE_FILL_AREA(#13960);
#13960 = FILL_AREA_STYLE('',(#13961));
#13961 = FILL_AREA_STYLE_COLOUR('',#12897);
#13962 = CURVE_STYLE('',#13963,POSITIVE_LENGTH_MEASURE(0.1),#12897);
#13963 = DRAUGHTING_PRE_DEFINED_CURVE_FONT('continuous');
#13964 = STYLED_ITEM('color',(#13965),#4425);
#13965 = PRESENTATION_STYLE_ASSIGNMENT((#13966,#13971));
#13966 = SURFACE_STYLE_USAGE(.BOTH.,#13967);
#13967 = SURFACE_SIDE_STYLE('',(#13968));
#13968 = SURFACE_STYLE_FILL_AREA(#13969);
#13969 = FILL_AREA_STYLE('',(#13970));
#13970 = FILL_AREA_STYLE_COLOUR('',#12897);
#13971 = CURVE_STYLE('',#13972,POSITIVE_LENGTH_MEASURE(0.1),#12897);
#13972 = DRAUGHTING_PRE_DEFINED_CURVE_FONT('continuous');
#13973 = STYLED_ITEM('color',(#13974),#4442);
#13974 = PRESENTATION_STYLE_ASSIGNMENT((#13975,#13980));
#13975 = SURFACE_STYLE_USAGE(.BOTH.,#13976);
#13976 = SURFACE_SIDE_STYLE('',(#13977));
#13977 = SURFACE_STYLE_FILL_AREA(#13978);
#13978 = FILL_AREA_STYLE('',(#13979));
#13979 = FILL_AREA_STYLE_COLOUR('',#12897);
#13980 = CURVE_STYLE('',#13981,POSITIVE_LENGTH_MEASURE(0.1),#12897);
#13981 = DRAUGHTING_PRE_DEFINED_CURVE_FONT('continuous');
#13982 = OVER_RIDING_STYLED_ITEM('overriding color',(#13983),#4475,
  #13973);
#13983 = PRESENTATION_STYLE_ASSIGNMENT((#13984,#13989));
#13984 = SURFACE_STYLE_USAGE(.BOTH.,#13985);
#13985 = SURFACE_SIDE_STYLE('',(#13986));
#13986 = SURFACE_STYLE_FILL_AREA(#13987);
#13987 = FILL_AREA_STYLE('',(#13988));
#13988 = FILL_AREA_STYLE_COLOUR('',#12970);
#13989 = CURVE_STYLE('',#13990,POSITIVE_LENGTH_MEASURE(0.1),#12970);
#13990 = DRAUGHTING_PRE_DEFINED_CURVE_FONT('continuous');
#13991 = OVER_RIDING_STYLED_ITEM('overriding color',(#13992),#4507,
  #13973);
#13992 = PRESENTATION_STYLE_ASSIGNMENT((#13993,#13998));
#13993 = SURFACE_STYLE_USAGE(.BOTH.,#13994);
#13994 = SURFACE_SIDE_STYLE('',(#13995));
#13995 = SURFACE_STYLE_FILL_AREA(#13996);
#13996 = FILL_AREA_STYLE('',(#13997));
#13997 = FILL_AREA_STYLE_COLOUR('',#12970);
#13998 = CURVE_STYLE('',#13999,POSITIVE_LENGTH_MEASURE(0.1),#12970);
#13999 = DRAUGHTING_PRE_DEFINED_CURVE_FONT('continuous');
#14000 = OVER_RIDING_STYLED_ITEM('overriding color',(#14001),#4541,
  #13973);
#14001 = PRESENTATION_STYLE_ASSIGNMENT((#14002,#14007));
#14002 = SURFACE_STYLE_USAGE(.BOTH.,#14003);
#14003 = SURFACE_SIDE_STYLE('',(#14004));
#14004 = SURFACE_STYLE_FILL_AREA(#14005);
#14005 = FILL_AREA_STYLE('',(#14006));
#14006 = FILL_AREA_STYLE_COLOUR('',#12970);
#14007 = CURVE_STYLE('',#14008,POSITIVE_LENGTH_MEASURE(0.1),#12970);
#14008 = DRAUGHTING_PRE_DEFINED_CURVE_FONT('continuous');
#14009 = OVER_RIDING_STYLED_ITEM('overriding color',(#14010),#4573,
  #13973);
#14010 = PRESENTATION_STYLE_ASSIGNMENT((#14011,#14016));
#14011 = SURFACE_STYLE_USAGE(.BOTH.,#14012);
#14012 = SURFACE_SIDE_STYLE('',(#14013));
#14013 = SURFACE_STYLE_FILL_AREA(#14014);
#14014 = FILL_AREA_STYLE('',(#14015));
#14015 = FILL_AREA_STYLE_COLOUR('',#12970);
#14016 = CURVE_STYLE('',#14017,POSITIVE_LENGTH_MEASURE(0.1),#12970);
#14017 = DRAUGHTING_PRE_DEFINED_CURVE_FONT('continuous');
#14018 = STYLED_ITEM('color',(#14019),#4591);
#14019 = PRESENTATION_STYLE_ASSIGNMENT((#14020,#14025));
#14020 = SURFACE_STYLE_USAGE(.BOTH.,#14021);
#14021 = SURFACE_SIDE_STYLE('',(#14022));
#14022 = SURFACE_STYLE_FILL_AREA(#14023);
#14023 = FILL_AREA_STYLE('',(#14024));
#14024 = FILL_AREA_STYLE_COLOUR('',#12897);
#14025 = CURVE_STYLE('',#14026,POSITIVE_LENGTH_MEASURE(0.1),#12897);
#14026 = DRAUGHTING_PRE_DEFINED_CURVE_FONT('continuous');
#14027 = STYLED_ITEM('color',(#14028),#4603);
#14028 = PRESENTATION_STYLE_ASSIGNMENT((#14029,#14034));
#14029 = SURFACE_STYLE_USAGE(.BOTH.,#14030);
#14030 = SURFACE_SIDE_STYLE('',(#14031));
#14031 = SURFACE_STYLE_FILL_AREA(#14032);
#14032 = FILL_AREA_STYLE('',(#14033));
#14033 = FILL_AREA_STYLE_COLOUR('',#12897);
#14034 = CURVE_STYLE('',#14035,POSITIVE_LENGTH_MEASURE(0.1),#12897);
#14035 = DRAUGHTING_PRE_DEFINED_CURVE_FONT('continuous');
#14036 = STYLED_ITEM('color',(#14037),#4615);
#14037 = PRESENTATION_STYLE_ASSIGNMENT((#14038,#14043));
#14038 = SURFACE_STYLE_USAGE(.BOTH.,#14039);
#14039 = SURFACE_SIDE_STYLE('',(#14040));
#14040 = SURFACE_STYLE_FILL_AREA(#14041);
#14041 = FILL_AREA_STYLE('',(#14042));
#14042 = FILL_AREA_STYLE_COLOUR('',#12897);
#14043 = CURVE_STYLE('',#14044,POSITIVE_LENGTH_MEASURE(0.1),#12897);
#14044 = DRAUGHTING_PRE_DEFINED_CURVE_FONT('continuous');
#14045 = STYLED_ITEM('color',(#14046),#4646);
#14046 = PRESENTATION_STYLE_ASSIGNMENT((#14047,#14052));
#14047 = SURFACE_STYLE_USAGE(.BOTH.,#14048);
#14048 = SURFACE_SIDE_STYLE('',(#14049));
#14049 = SURFACE_STYLE_FILL_AREA(#14050);
#14050 = FILL_AREA_STYLE('',(#14051));
#14051 = FILL_AREA_STYLE_COLOUR('',#12897);
#14052 = CURVE_STYLE('',#14053,POSITIVE_LENGTH_MEASURE(0.1),#12897);
#14053 = DRAUGHTING_PRE_DEFINED_CURVE_FONT('continuous');
#14054 = STYLED_ITEM('color',(#14055),#4670);
#14055 = PRESENTATION_STYLE_ASSIGNMENT((#14056,#14061));
#14056 = SURFACE_STYLE_USAGE(.BOTH.,#14057);
#14057 = SURFACE_SIDE_STYLE('',(#14058));
#14058 = SURFACE_STYLE_FILL_AREA(#14059);
#14059 = FILL_AREA_STYLE('',(#14060));
#14060 = FILL_AREA_STYLE_COLOUR('',#12897);
#14061 = CURVE_STYLE('',#14062,POSITIVE_LENGTH_MEASURE(0.1),#12897);
#14062 = DRAUGHTING_PRE_DEFINED_CURVE_FONT('continuous');
#14063 = STYLED_ITEM('color',(#14064),#4694);
#14064 = PRESENTATION_STYLE_ASSIGNMENT((#14065,#14070));
#14065 = SURFACE_STYLE_USAGE(.BOTH.,#14066);
#14066 = SURFACE_SIDE_STYLE('',(#14067));
#14067 = SURFACE_STYLE_FILL_AREA(#14068);
#14068 = FILL_AREA_STYLE('',(#14069));
#14069 = FILL_AREA_STYLE_COLOUR('',#12897);
#14070 = CURVE_STYLE('',#14071,POSITIVE_LENGTH_MEASURE(0.1),#12897);
#14071 = DRAUGHTING_PRE_DEFINED_CURVE_FONT('continuous');
#14072 = STYLED_ITEM('color',(#14073),#4711);
#14073 = PRESENTATION_STYLE_ASSIGNMENT((#14074,#14079));
#14074 = SURFACE_STYLE_USAGE(.BOTH.,#14075);
#14075 = SURFACE_SIDE_STYLE('',(#14076));
#14076 = SURFACE_STYLE_FILL_AREA(#14077);
#14077 = FILL_AREA_STYLE('',(#14078));
#14078 = FILL_AREA_STYLE_COLOUR('',#12897);
#14079 = CURVE_STYLE('',#14080,POSITIVE_LENGTH_MEASURE(0.1),#12897);
#14080 = DRAUGHTING_PRE_DEFINED_CURVE_FONT('continuous');
#14081 = STYLED_ITEM('color',(#14082),#4742);
#14082 = PRESENTATION_STYLE_ASSIGNMENT((#14083,#14088));
#14083 = SURFACE_STYLE_USAGE(.BOTH.,#14084);
#14084 = SURFACE_SIDE_STYLE('',(#14085));
#14085 = SURFACE_STYLE_FILL_AREA(#14086);
#14086 = FILL_AREA_STYLE('',(#14087));
#14087 = FILL_AREA_STYLE_COLOUR('',#12897);
#14088 = CURVE_STYLE('',#14089,POSITIVE_LENGTH_MEASURE(0.1),#12897);
#14089 = DRAUGHTING_PRE_DEFINED_CURVE_FONT('continuous');
#14090 = STYLED_ITEM('color',(#14091),#4766);
#14091 = PRESENTATION_STYLE_ASSIGNMENT((#14092,#14097));
#14092 = SURFACE_STYLE_USAGE(.BOTH.,#14093);
#14093 = SURFACE_SIDE_STYLE('',(#14094));
#14094 = SURFACE_STYLE_FILL_AREA(#14095);
#14095 = FILL_AREA_STYLE('',(#14096));
#14096 = FILL_AREA_STYLE_COLOUR('',#12897);
#14097 = CURVE_STYLE('',#14098,POSITIVE_LENGTH_MEASURE(0.1),#12897);
#14098 = DRAUGHTING_PRE_DEFINED_CURVE_FONT('continuous');
#14099 = STYLED_ITEM('color',(#14100),#4790);
#14100 = PRESENTATION_STYLE_ASSIGNMENT((#14101,#14106));
#14101 = SURFACE_STYLE_USAGE(.BOTH.,#14102);
#14102 = SURFACE_SIDE_STYLE('',(#14103));
#14103 = SURFACE_STYLE_FILL_AREA(#14104);
#14104 = FILL_AREA_STYLE('',(#14105));
#14105 = FILL_AREA_STYLE_COLOUR('',#12897);
#14106 = CURVE_STYLE('',#14107,POSITIVE_LENGTH_MEASURE(0.1),#12897);
#14107 = DRAUGHTING_PRE_DEFINED_CURVE_FONT('continuous');
#14108 = STYLED_ITEM('color',(#14109),#4807);
#14109 = PRESENTATION_STYLE_ASSIGNMENT((#14110,#14115));
#14110 = SURFACE_STYLE_USAGE(.BOTH.,#14111);
#14111 = SURFACE_SIDE_STYLE('',(#14112));
#14112 = SURFACE_STYLE_FILL_AREA(#14113);
#14113 = FILL_AREA_STYLE('',(#14114));
#14114 = FILL_AREA_STYLE_COLOUR('',#12970);
#14115 = CURVE_STYLE('',#14116,POSITIVE_LENGTH_MEASURE(0.1),#12970);
#14116 = DRAUGHTING_PRE_DEFINED_CURVE_FONT('continuous');
#14117 = STYLED_ITEM('color',(#14118),#4824);
#14118 = PRESENTATION_STYLE_ASSIGNMENT((#14119,#14124));
#14119 = SURFACE_STYLE_USAGE(.BOTH.,#14120);
#14120 = SURFACE_SIDE_STYLE('',(#14121));
#14121 = SURFACE_STYLE_FILL_AREA(#14122);
#14122 = FILL_AREA_STYLE('',(#14123));
#14123 = FILL_AREA_STYLE_COLOUR('',#12970);
#14124 = CURVE_STYLE('',#14125,POSITIVE_LENGTH_MEASURE(0.1),#12970);
#14125 = DRAUGHTING_PRE_DEFINED_CURVE_FONT('continuous');
#14126 = STYLED_ITEM('color',(#14127),#4871);
#14127 = PRESENTATION_STYLE_ASSIGNMENT((#14128,#14133));
#14128 = SURFACE_STYLE_USAGE(.BOTH.,#14129);
#14129 = SURFACE_SIDE_STYLE('',(#14130));
#14130 = SURFACE_STYLE_FILL_AREA(#14131);
#14131 = FILL_AREA_STYLE('',(#14132));
#14132 = FILL_AREA_STYLE_COLOUR('',#12970);
#14133 = CURVE_STYLE('',#14134,POSITIVE_LENGTH_MEASURE(0.1),#12970);
#14134 = DRAUGHTING_PRE_DEFINED_CURVE_FONT('continuous');
#14135 = STYLED_ITEM('color',(#14136),#4888);
#14136 = PRESENTATION_STYLE_ASSIGNMENT((#14137,#14142));
#14137 = SURFACE_STYLE_USAGE(.BOTH.,#14138);
#14138 = SURFACE_SIDE_STYLE('',(#14139));
#14139 = SURFACE_STYLE_FILL_AREA(#14140);
#14140 = FILL_AREA_STYLE('',(#14141));
#14141 = FILL_AREA_STYLE_COLOUR('',#12970);
#14142 = CURVE_STYLE('',#14143,POSITIVE_LENGTH_MEASURE(0.1),#12970);
#14143 = DRAUGHTING_PRE_DEFINED_CURVE_FONT('continuous');
#14144 = STYLED_ITEM('color',(#14145),#4935);
#14145 = PRESENTATION_STYLE_ASSIGNMENT((#14146,#14151));
#14146 = SURFACE_STYLE_USAGE(.BOTH.,#14147);
#14147 = SURFACE_SIDE_STYLE('',(#14148));
#14148 = SURFACE_STYLE_FILL_AREA(#14149);
#14149 = FILL_AREA_STYLE('',(#14150));
#14150 = FILL_AREA_STYLE_COLOUR('',#12970);
#14151 = CURVE_STYLE('',#14152,POSITIVE_LENGTH_MEASURE(0.1),#12970);
#14152 = DRAUGHTING_PRE_DEFINED_CURVE_FONT('continuous');
#14153 = STYLED_ITEM('color',(#14154),#4952);
#14154 = PRESENTATION_STYLE_ASSIGNMENT((#14155,#14160));
#14155 = SURFACE_STYLE_USAGE(.BOTH.,#14156);
#14156 = SURFACE_SIDE_STYLE('',(#14157));
#14157 = SURFACE_STYLE_FILL_AREA(#14158);
#14158 = FILL_AREA_STYLE('',(#14159));
#14159 = FILL_AREA_STYLE_COLOUR('',#12970);
#14160 = CURVE_STYLE('',#14161,POSITIVE_LENGTH_MEASURE(0.1),#12970);
#14161 = DRAUGHTING_PRE_DEFINED_CURVE_FONT('continuous');
#14162 = STYLED_ITEM('color',(#14163),#4999);
#14163 = PRESENTATION_STYLE_ASSIGNMENT((#14164,#14169));
#14164 = SURFACE_STYLE_USAGE(.BOTH.,#14165);
#14165 = SURFACE_SIDE_STYLE('',(#14166));
#14166 = SURFACE_STYLE_FILL_AREA(#14167);
#14167 = FILL_AREA_STYLE('',(#14168));
#14168 = FILL_AREA_STYLE_COLOUR('',#12970);
#14169 = CURVE_STYLE('',#14170,POSITIVE_LENGTH_MEASURE(0.1),#12970);
#14170 = DRAUGHTING_PRE_DEFINED_CURVE_FONT('continuous');
#14171 = STYLED_ITEM('color',(#14172),#5016);
#14172 = PRESENTATION_STYLE_ASSIGNMENT((#14173,#14178));
#14173 = SURFACE_STYLE_USAGE(.BOTH.,#14174);
#14174 = SURFACE_SIDE_STYLE('',(#14175));
#14175 = SURFACE_STYLE_FILL_AREA(#14176);
#14176 = FILL_AREA_STYLE('',(#14177));
#14177 = FILL_AREA_STYLE_COLOUR('',#12970);
#14178 = CURVE_STYLE('',#14179,POSITIVE_LENGTH_MEASURE(0.1),#12970);
#14179 = DRAUGHTING_PRE_DEFINED_CURVE_FONT('continuous');
#14180 = STYLED_ITEM('color',(#14181),#5063);
#14181 = PRESENTATION_STYLE_ASSIGNMENT((#14182,#14187));
#14182 = SURFACE_STYLE_USAGE(.BOTH.,#14183);
#14183 = SURFACE_SIDE_STYLE('',(#14184));
#14184 = SURFACE_STYLE_FILL_AREA(#14185);
#14185 = FILL_AREA_STYLE('',(#14186));
#14186 = FILL_AREA_STYLE_COLOUR('',#12897);
#14187 = CURVE_STYLE('',#14188,POSITIVE_LENGTH_MEASURE(0.1),#12897);
#14188 = DRAUGHTING_PRE_DEFINED_CURVE_FONT('continuous');
#14189 = STYLED_ITEM('color',(#14190),#5094);
#14190 = PRESENTATION_STYLE_ASSIGNMENT((#14191,#14196));
#14191 = SURFACE_STYLE_USAGE(.BOTH.,#14192);
#14192 = SURFACE_SIDE_STYLE('',(#14193));
#14193 = SURFACE_STYLE_FILL_AREA(#14194);
#14194 = FILL_AREA_STYLE('',(#14195));
#14195 = FILL_AREA_STYLE_COLOUR('',#12897);
#14196 = CURVE_STYLE('',#14197,POSITIVE_LENGTH_MEASURE(0.1),#12897);
#14197 = DRAUGHTING_PRE_DEFINED_CURVE_FONT('continuous');
#14198 = OVER_RIDING_STYLED_ITEM('overriding color',(#14199),#5108,
  #14189);
#14199 = PRESENTATION_STYLE_ASSIGNMENT((#14200,#14205));
#14200 = SURFACE_STYLE_USAGE(.BOTH.,#14201);
#14201 = SURFACE_SIDE_STYLE('',(#14202));
#14202 = SURFACE_STYLE_FILL_AREA(#14203);
#14203 = FILL_AREA_STYLE('',(#14204));
#14204 = FILL_AREA_STYLE_COLOUR('',#12970);
#14205 = CURVE_STYLE('',#14206,POSITIVE_LENGTH_MEASURE(0.1),#12970);
#14206 = DRAUGHTING_PRE_DEFINED_CURVE_FONT('continuous');
#14207 = OVER_RIDING_STYLED_ITEM('overriding color',(#14208),#5124,
  #14189);
#14208 = PRESENTATION_STYLE_ASSIGNMENT((#14209,#14214));
#14209 = SURFACE_STYLE_USAGE(.BOTH.,#14210);
#14210 = SURFACE_SIDE_STYLE('',(#14211));
#14211 = SURFACE_STYLE_FILL_AREA(#14212);
#14212 = FILL_AREA_STYLE('',(#14213));
#14213 = FILL_AREA_STYLE_COLOUR('',#12970);
#14214 = CURVE_STYLE('',#14215,POSITIVE_LENGTH_MEASURE(0.1),#12970);
#14215 = DRAUGHTING_PRE_DEFINED_CURVE_FONT('continuous');
#14216 = STYLED_ITEM('color',(#14217),#5150);
#14217 = PRESENTATION_STYLE_ASSIGNMENT((#14218,#14223));
#14218 = SURFACE_STYLE_USAGE(.BOTH.,#14219);
#14219 = SURFACE_SIDE_STYLE('',(#14220));
#14220 = SURFACE_STYLE_FILL_AREA(#14221);
#14221 = FILL_AREA_STYLE('',(#14222));
#14222 = FILL_AREA_STYLE_COLOUR('',#12897);
#14223 = CURVE_STYLE('',#14224,POSITIVE_LENGTH_MEASURE(0.1),#12897);
#14224 = DRAUGHTING_PRE_DEFINED_CURVE_FONT('continuous');
#14225 = STYLED_ITEM('color',(#14226),#5174);
#14226 = PRESENTATION_STYLE_ASSIGNMENT((#14227,#14232));
#14227 = SURFACE_STYLE_USAGE(.BOTH.,#14228);
#14228 = SURFACE_SIDE_STYLE('',(#14229));
#14229 = SURFACE_STYLE_FILL_AREA(#14230);
#14230 = FILL_AREA_STYLE('',(#14231));
#14231 = FILL_AREA_STYLE_COLOUR('',#12897);
#14232 = CURVE_STYLE('',#14233,POSITIVE_LENGTH_MEASURE(0.1),#12897);
#14233 = DRAUGHTING_PRE_DEFINED_CURVE_FONT('continuous');
#14234 = OVER_RIDING_STYLED_ITEM('overriding color',(#14235),#5188,
  #14225);
#14235 = PRESENTATION_STYLE_ASSIGNMENT((#14236,#14241));
#14236 = SURFACE_STYLE_USAGE(.BOTH.,#14237);
#14237 = SURFACE_SIDE_STYLE('',(#14238));
#14238 = SURFACE_STYLE_FILL_AREA(#14239);
#14239 = FILL_AREA_STYLE('',(#14240));
#14240 = FILL_AREA_STYLE_COLOUR('',#12970);
#14241 = CURVE_STYLE('',#14242,POSITIVE_LENGTH_MEASURE(0.1),#12970);
#14242 = DRAUGHTING_PRE_DEFINED_CURVE_FONT('continuous');
#14243 = OVER_RIDING_STYLED_ITEM('overriding color',(#14244),#5204,
  #14225);
#14244 = PRESENTATION_STYLE_ASSIGNMENT((#14245,#14250));
#14245 = SURFACE_STYLE_USAGE(.BOTH.,#14246);
#14246 = SURFACE_SIDE_STYLE('',(#14247));
#14247 = SURFACE_STYLE_FILL_AREA(#14248);
#14248 = FILL_AREA_STYLE('',(#14249));
#14249 = FILL_AREA_STYLE_COLOUR('',#12970);
#14250 = CURVE_STYLE('',#14251,POSITIVE_LENGTH_MEASURE(0.1),#12970);
#14251 = DRAUGHTING_PRE_DEFINED_CURVE_FONT('continuous');
#14252 = STYLED_ITEM('color',(#14253),#5223);
#14253 = PRESENTATION_STYLE_ASSIGNMENT((#14254,#14259));
#14254 = SURFACE_STYLE_USAGE(.BOTH.,#14255);
#14255 = SURFACE_SIDE_STYLE('',(#14256));
#14256 = SURFACE_STYLE_FILL_AREA(#14257);
#14257 = FILL_AREA_STYLE('',(#14258));
#14258 = FILL_AREA_STYLE_COLOUR('',#12897);
#14259 = CURVE_STYLE('',#14260,POSITIVE_LENGTH_MEASURE(0.1),#12897);
#14260 = DRAUGHTING_PRE_DEFINED_CURVE_FONT('continuous');
#14261 = STYLED_ITEM('color',(#14262),#5254);
#14262 = PRESENTATION_STYLE_ASSIGNMENT((#14263,#14268));
#14263 = SURFACE_STYLE_USAGE(.BOTH.,#14264);
#14264 = SURFACE_SIDE_STYLE('',(#14265));
#14265 = SURFACE_STYLE_FILL_AREA(#14266);
#14266 = FILL_AREA_STYLE('',(#14267));
#14267 = FILL_AREA_STYLE_COLOUR('',#12897);
#14268 = CURVE_STYLE('',#14269,POSITIVE_LENGTH_MEASURE(0.1),#12897);
#14269 = DRAUGHTING_PRE_DEFINED_CURVE_FONT('continuous');
#14270 = OVER_RIDING_STYLED_ITEM('overriding color',(#14271),#5268,
  #14261);
#14271 = PRESENTATION_STYLE_ASSIGNMENT((#14272,#14277));
#14272 = SURFACE_STYLE_USAGE(.BOTH.,#14273);
#14273 = SURFACE_SIDE_STYLE('',(#14274));
#14274 = SURFACE_STYLE_FILL_AREA(#14275);
#14275 = FILL_AREA_STYLE('',(#14276));
#14276 = FILL_AREA_STYLE_COLOUR('',#12970);
#14277 = CURVE_STYLE('',#14278,POSITIVE_LENGTH_MEASURE(0.1),#12970);
#14278 = DRAUGHTING_PRE_DEFINED_CURVE_FONT('continuous');
#14279 = OVER_RIDING_STYLED_ITEM('overriding color',(#14280),#5284,
  #14261);
#14280 = PRESENTATION_STYLE_ASSIGNMENT((#14281,#14286));
#14281 = SURFACE_STYLE_USAGE(.BOTH.,#14282);
#14282 = SURFACE_SIDE_STYLE('',(#14283));
#14283 = SURFACE_STYLE_FILL_AREA(#14284);
#14284 = FILL_AREA_STYLE('',(#14285));
#14285 = FILL_AREA_STYLE_COLOUR('',#12970);
#14286 = CURVE_STYLE('',#14287,POSITIVE_LENGTH_MEASURE(0.1),#12970);
#14287 = DRAUGHTING_PRE_DEFINED_CURVE_FONT('continuous');
#14288 = STYLED_ITEM('color',(#14289),#5310);
#14289 = PRESENTATION_STYLE_ASSIGNMENT((#14290,#14295));
#14290 = SURFACE_STYLE_USAGE(.BOTH.,#14291);
#14291 = SURFACE_SIDE_STYLE('',(#14292));
#14292 = SURFACE_STYLE_FILL_AREA(#14293);
#14293 = FILL_AREA_STYLE('',(#14294));
#14294 = FILL_AREA_STYLE_COLOUR('',#12897);
#14295 = CURVE_STYLE('',#14296,POSITIVE_LENGTH_MEASURE(0.1),#12897);
#14296 = DRAUGHTING_PRE_DEFINED_CURVE_FONT('continuous');
#14297 = STYLED_ITEM('color',(#14298),#5334);
#14298 = PRESENTATION_STYLE_ASSIGNMENT((#14299,#14304));
#14299 = SURFACE_STYLE_USAGE(.BOTH.,#14300);
#14300 = SURFACE_SIDE_STYLE('',(#14301));
#14301 = SURFACE_STYLE_FILL_AREA(#14302);
#14302 = FILL_AREA_STYLE('',(#14303));
#14303 = FILL_AREA_STYLE_COLOUR('',#12897);
#14304 = CURVE_STYLE('',#14305,POSITIVE_LENGTH_MEASURE(0.1),#12897);
#14305 = DRAUGHTING_PRE_DEFINED_CURVE_FONT('continuous');
#14306 = OVER_RIDING_STYLED_ITEM('overriding color',(#14307),#5348,
  #14297);
#14307 = PRESENTATION_STYLE_ASSIGNMENT((#14308,#14313));
#14308 = SURFACE_STYLE_USAGE(.BOTH.,#14309);
#14309 = SURFACE_SIDE_STYLE('',(#14310));
#14310 = SURFACE_STYLE_FILL_AREA(#14311);
#14311 = FILL_AREA_STYLE('',(#14312));
#14312 = FILL_AREA_STYLE_COLOUR('',#12970);
#14313 = CURVE_STYLE('',#14314,POSITIVE_LENGTH_MEASURE(0.1),#12970);
#14314 = DRAUGHTING_PRE_DEFINED_CURVE_FONT('continuous');
#14315 = OVER_RIDING_STYLED_ITEM('overriding color',(#14316),#5364,
  #14297);
#14316 = PRESENTATION_STYLE_ASSIGNMENT((#14317,#14322));
#14317 = SURFACE_STYLE_USAGE(.BOTH.,#14318);
#14318 = SURFACE_SIDE_STYLE('',(#14319));
#14319 = SURFACE_STYLE_FILL_AREA(#14320);
#14320 = FILL_AREA_STYLE('',(#14321));
#14321 = FILL_AREA_STYLE_COLOUR('',#12970);
#14322 = CURVE_STYLE('',#14323,POSITIVE_LENGTH_MEASURE(0.1),#12970);
#14323 = DRAUGHTING_PRE_DEFINED_CURVE_FONT('continuous');
#14324 = STYLED_ITEM('color',(#14325),#5383);
#14325 = PRESENTATION_STYLE_ASSIGNMENT((#14326,#14331));
#14326 = SURFACE_STYLE_USAGE(.BOTH.,#14327);
#14327 = SURFACE_SIDE_STYLE('',(#14328));
#14328 = SURFACE_STYLE_FILL_AREA(#14329);
#14329 = FILL_AREA_STYLE('',(#14330));
#14330 = FILL_AREA_STYLE_COLOUR('',#12970);
#14331 = CURVE_STYLE('',#14332,POSITIVE_LENGTH_MEASURE(0.1),#12970);
#14332 = DRAUGHTING_PRE_DEFINED_CURVE_FONT('continuous');
#14333 = STYLED_ITEM('color',(#14334),#5400);
#14334 = PRESENTATION_STYLE_ASSIGNMENT((#14335,#14340));
#14335 = SURFACE_STYLE_USAGE(.BOTH.,#14336);
#14336 = SURFACE_SIDE_STYLE('',(#14337));
#14337 = SURFACE_STYLE_FILL_AREA(#14338);
#14338 = FILL_AREA_STYLE('',(#14339));
#14339 = FILL_AREA_STYLE_COLOUR('',#12970);
#14340 = CURVE_STYLE('',#14341,POSITIVE_LENGTH_MEASURE(0.1),#12970);
#14341 = DRAUGHTING_PRE_DEFINED_CURVE_FONT('continuous');
#14342 = STYLED_ITEM('color',(#14343),#5417);
#14343 = PRESENTATION_STYLE_ASSIGNMENT((#14344,#14349));
#14344 = SURFACE_STYLE_USAGE(.BOTH.,#14345);
#14345 = SURFACE_SIDE_STYLE('',(#14346));
#14346 = SURFACE_STYLE_FILL_AREA(#14347);
#14347 = FILL_AREA_STYLE('',(#14348));
#14348 = FILL_AREA_STYLE_COLOUR('',#12970);
#14349 = CURVE_STYLE('',#14350,POSITIVE_LENGTH_MEASURE(0.1),#12970);
#14350 = DRAUGHTING_PRE_DEFINED_CURVE_FONT('continuous');
#14351 = STYLED_ITEM('color',(#14352),#5434);
#14352 = PRESENTATION_STYLE_ASSIGNMENT((#14353,#14358));
#14353 = SURFACE_STYLE_USAGE(.BOTH.,#14354);
#14354 = SURFACE_SIDE_STYLE('',(#14355));
#14355 = SURFACE_STYLE_FILL_AREA(#14356);
#14356 = FILL_AREA_STYLE('',(#14357));
#14357 = FILL_AREA_STYLE_COLOUR('',#12970);
#14358 = CURVE_STYLE('',#14359,POSITIVE_LENGTH_MEASURE(0.1),#12970);
#14359 = DRAUGHTING_PRE_DEFINED_CURVE_FONT('continuous');
#14360 = STYLED_ITEM('color',(#14361),#5451);
#14361 = PRESENTATION_STYLE_ASSIGNMENT((#14362,#14367));
#14362 = SURFACE_STYLE_USAGE(.BOTH.,#14363);
#14363 = SURFACE_SIDE_STYLE('',(#14364));
#14364 = SURFACE_STYLE_FILL_AREA(#14365);
#14365 = FILL_AREA_STYLE('',(#14366));
#14366 = FILL_AREA_STYLE_COLOUR('',#12970);
#14367 = CURVE_STYLE('',#14368,POSITIVE_LENGTH_MEASURE(0.1),#12970);
#14368 = DRAUGHTING_PRE_DEFINED_CURVE_FONT('continuous');
#14369 = STYLED_ITEM('color',(#14370),#5463);
#14370 = PRESENTATION_STYLE_ASSIGNMENT((#14371,#14376));
#14371 = SURFACE_STYLE_USAGE(.BOTH.,#14372);
#14372 = SURFACE_SIDE_STYLE('',(#14373));
#14373 = SURFACE_STYLE_FILL_AREA(#14374);
#14374 = FILL_AREA_STYLE('',(#14375));
#14375 = FILL_AREA_STYLE_COLOUR('',#12970);
#14376 = CURVE_STYLE('',#14377,POSITIVE_LENGTH_MEASURE(0.1),#12970);
#14377 = DRAUGHTING_PRE_DEFINED_CURVE_FONT('continuous');
#14378 = STYLED_ITEM('color',(#14379),#5480);
#14379 = PRESENTATION_STYLE_ASSIGNMENT((#14380,#14385));
#14380 = SURFACE_STYLE_USAGE(.BOTH.,#14381);
#14381 = SURFACE_SIDE_STYLE('',(#14382));
#14382 = SURFACE_STYLE_FILL_AREA(#14383);
#14383 = FILL_AREA_STYLE('',(#14384));
#14384 = FILL_AREA_STYLE_COLOUR('',#12970);
#14385 = CURVE_STYLE('',#14386,POSITIVE_LENGTH_MEASURE(0.1),#12970);
#14386 = DRAUGHTING_PRE_DEFINED_CURVE_FONT('continuous');
#14387 = STYLED_ITEM('color',(#14388),#5497);
#14388 = PRESENTATION_STYLE_ASSIGNMENT((#14389,#14394));
#14389 = SURFACE_STYLE_USAGE(.BOTH.,#14390);
#14390 = SURFACE_SIDE_STYLE('',(#14391));
#14391 = SURFACE_STYLE_FILL_AREA(#14392);
#14392 = FILL_AREA_STYLE('',(#14393));
#14393 = FILL_AREA_STYLE_COLOUR('',#12970);
#14394 = CURVE_STYLE('',#14395,POSITIVE_LENGTH_MEASURE(0.1),#12970);
#14395 = DRAUGHTING_PRE_DEFINED_CURVE_FONT('continuous');
#14396 = STYLED_ITEM('color',(#14397),#5514);
#14397 = PRESENTATION_STYLE_ASSIGNMENT((#14398,#14403));
#14398 = SURFACE_STYLE_USAGE(.BOTH.,#14399);
#14399 = SURFACE_SIDE_STYLE('',(#14400));
#14400 = SURFACE_STYLE_FILL_AREA(#14401);
#14401 = FILL_AREA_STYLE('',(#14402));
#14402 = FILL_AREA_STYLE_COLOUR('',#12970);
#14403 = CURVE_STYLE('',#14404,POSITIVE_LENGTH_MEASURE(0.1),#12970);
#14404 = DRAUGHTING_PRE_DEFINED_CURVE_FONT('continuous');
#14405 = STYLED_ITEM('color',(#14406),#5531);
#14406 = PRESENTATION_STYLE_ASSIGNMENT((#14407,#14412));
#14407 = SURFACE_STYLE_USAGE(.BOTH.,#14408);
#14408 = SURFACE_SIDE_STYLE('',(#14409));
#14409 = SURFACE_STYLE_FILL_AREA(#14410);
#14410 = FILL_AREA_STYLE('',(#14411));
#14411 = FILL_AREA_STYLE_COLOUR('',#12970);
#14412 = CURVE_STYLE('',#14413,POSITIVE_LENGTH_MEASURE(0.1),#12970);
#14413 = DRAUGHTING_PRE_DEFINED_CURVE_FONT('continuous');
#14414 = STYLED_ITEM('color',(#14415),#5543);
#14415 = PRESENTATION_STYLE_ASSIGNMENT((#14416,#14421));
#14416 = SURFACE_STYLE_USAGE(.BOTH.,#14417);
#14417 = SURFACE_SIDE_STYLE('',(#14418));
#14418 = SURFACE_STYLE_FILL_AREA(#14419);
#14419 = FILL_AREA_STYLE('',(#14420));
#14420 = FILL_AREA_STYLE_COLOUR('',#12897);
#14421 = CURVE_STYLE('',#14422,POSITIVE_LENGTH_MEASURE(0.1),#12897);
#14422 = DRAUGHTING_PRE_DEFINED_CURVE_FONT('continuous');
#14423 = OVER_RIDING_STYLED_ITEM('overriding color',(#14424),#5550,
  #14414);
#14424 = PRESENTATION_STYLE_ASSIGNMENT((#14425,#14430));
#14425 = SURFACE_STYLE_USAGE(.BOTH.,#14426);
#14426 = SURFACE_SIDE_STYLE('',(#14427));
#14427 = SURFACE_STYLE_FILL_AREA(#14428);
#14428 = FILL_AREA_STYLE('',(#14429));
#14429 = FILL_AREA_STYLE_COLOUR('',#12970);
#14430 = CURVE_STYLE('',#14431,POSITIVE_LENGTH_MEASURE(0.1),#12970);
#14431 = DRAUGHTING_PRE_DEFINED_CURVE_FONT('continuous');
#14432 = STYLED_ITEM('color',(#14433),#5560);
#14433 = PRESENTATION_STYLE_ASSIGNMENT((#14434,#14439));
#14434 = SURFACE_STYLE_USAGE(.BOTH.,#14435);
#14435 = SURFACE_SIDE_STYLE('',(#14436));
#14436 = SURFACE_STYLE_FILL_AREA(#14437);
#14437 = FILL_AREA_STYLE('',(#14438));
#14438 = FILL_AREA_STYLE_COLOUR('',#12897);
#14439 = CURVE_STYLE('',#14440,POSITIVE_LENGTH_MEASURE(0.1),#12897);
#14440 = DRAUGHTING_PRE_DEFINED_CURVE_FONT('continuous');
#14441 = OVER_RIDING_STYLED_ITEM('overriding color',(#14442),#5565,
  #14432);
#14442 = PRESENTATION_STYLE_ASSIGNMENT((#14443,#14448));
#14443 = SURFACE_STYLE_USAGE(.BOTH.,#14444);
#14444 = SURFACE_SIDE_STYLE('',(#14445));
#14445 = SURFACE_STYLE_FILL_AREA(#14446);
#14446 = FILL_AREA_STYLE('',(#14447));
#14447 = FILL_AREA_STYLE_COLOUR('',#12970);
#14448 = CURVE_STYLE('',#14449,POSITIVE_LENGTH_MEASURE(0.1),#12970);
#14449 = DRAUGHTING_PRE_DEFINED_CURVE_FONT('continuous');
#14450 = STYLED_ITEM('color',(#14451),#5577);
#14451 = PRESENTATION_STYLE_ASSIGNMENT((#14452,#14457));
#14452 = SURFACE_STYLE_USAGE(.BOTH.,#14453);
#14453 = SURFACE_SIDE_STYLE('',(#14454));
#14454 = SURFACE_STYLE_FILL_AREA(#14455);
#14455 = FILL_AREA_STYLE('',(#14456));
#14456 = FILL_AREA_STYLE_COLOUR('',#12970);
#14457 = CURVE_STYLE('',#14458,POSITIVE_LENGTH_MEASURE(0.1),#12970);
#14458 = DRAUGHTING_PRE_DEFINED_CURVE_FONT('continuous');
#14459 = STYLED_ITEM('color',(#14460),#5626);
#14460 = PRESENTATION_STYLE_ASSIGNMENT((#14461,#14466));
#14461 = SURFACE_STYLE_USAGE(.BOTH.,#14462);
#14462 = SURFACE_SIDE_STYLE('',(#14463));
#14463 = SURFACE_STYLE_FILL_AREA(#14464);
#14464 = FILL_AREA_STYLE('',(#14465));
#14465 = FILL_AREA_STYLE_COLOUR('',#12970);
#14466 = CURVE_STYLE('',#14467,POSITIVE_LENGTH_MEASURE(0.1),#12970);
#14467 = DRAUGHTING_PRE_DEFINED_CURVE_FONT('continuous');
#14468 = STYLED_ITEM('color',(#14469),#5650);
#14469 = PRESENTATION_STYLE_ASSIGNMENT((#14470,#14475));
#14470 = SURFACE_STYLE_USAGE(.BOTH.,#14471);
#14471 = SURFACE_SIDE_STYLE('',(#14472));
#14472 = SURFACE_STYLE_FILL_AREA(#14473);
#14473 = FILL_AREA_STYLE('',(#14474));
#14474 = FILL_AREA_STYLE_COLOUR('',#12970);
#14475 = CURVE_STYLE('',#14476,POSITIVE_LENGTH_MEASURE(0.1),#12970);
#14476 = DRAUGHTING_PRE_DEFINED_CURVE_FONT('continuous');
#14477 = STYLED_ITEM('color',(#14478),#5692);
#14478 = PRESENTATION_STYLE_ASSIGNMENT((#14479,#14484));
#14479 = SURFACE_STYLE_USAGE(.BOTH.,#14480);
#14480 = SURFACE_SIDE_STYLE('',(#14481));
#14481 = SURFACE_STYLE_FILL_AREA(#14482);
#14482 = FILL_AREA_STYLE('',(#14483));
#14483 = FILL_AREA_STYLE_COLOUR('',#12970);
#14484 = CURVE_STYLE('',#14485,POSITIVE_LENGTH_MEASURE(0.1),#12970);
#14485 = DRAUGHTING_PRE_DEFINED_CURVE_FONT('continuous');
#14486 = STYLED_ITEM('color',(#14487),#5709);
#14487 = PRESENTATION_STYLE_ASSIGNMENT((#14488,#14493));
#14488 = SURFACE_STYLE_USAGE(.BOTH.,#14489);
#14489 = SURFACE_SIDE_STYLE('',(#14490));
#14490 = SURFACE_STYLE_FILL_AREA(#14491);
#14491 = FILL_AREA_STYLE('',(#14492));
#14492 = FILL_AREA_STYLE_COLOUR('',#12897);
#14493 = CURVE_STYLE('',#14494,POSITIVE_LENGTH_MEASURE(0.1),#12897);
#14494 = DRAUGHTING_PRE_DEFINED_CURVE_FONT('continuous');
#14495 = OVER_RIDING_STYLED_ITEM('overriding color',(#14496),#5716,
  #14486);
#14496 = PRESENTATION_STYLE_ASSIGNMENT((#14497,#14502));
#14497 = SURFACE_STYLE_USAGE(.BOTH.,#14498);
#14498 = SURFACE_SIDE_STYLE('',(#14499));
#14499 = SURFACE_STYLE_FILL_AREA(#14500);
#14500 = FILL_AREA_STYLE('',(#14501));
#14501 = FILL_AREA_STYLE_COLOUR('',#12970);
#14502 = CURVE_STYLE('',#14503,POSITIVE_LENGTH_MEASURE(0.1),#12970);
#14503 = DRAUGHTING_PRE_DEFINED_CURVE_FONT('continuous');
#14504 = STYLED_ITEM('color',(#14505),#5726);
#14505 = PRESENTATION_STYLE_ASSIGNMENT((#14506,#14511));
#14506 = SURFACE_STYLE_USAGE(.BOTH.,#14507);
#14507 = SURFACE_SIDE_STYLE('',(#14508));
#14508 = SURFACE_STYLE_FILL_AREA(#14509);
#14509 = FILL_AREA_STYLE('',(#14510));
#14510 = FILL_AREA_STYLE_COLOUR('',#12897);
#14511 = CURVE_STYLE('',#14512,POSITIVE_LENGTH_MEASURE(0.1),#12897);
#14512 = DRAUGHTING_PRE_DEFINED_CURVE_FONT('continuous');
#14513 = OVER_RIDING_STYLED_ITEM('overriding color',(#14514),#5731,
  #14504);
#14514 = PRESENTATION_STYLE_ASSIGNMENT((#14515,#14520));
#14515 = SURFACE_STYLE_USAGE(.BOTH.,#14516);
#14516 = SURFACE_SIDE_STYLE('',(#14517));
#14517 = SURFACE_STYLE_FILL_AREA(#14518);
#14518 = FILL_AREA_STYLE('',(#14519));
#14519 = FILL_AREA_STYLE_COLOUR('',#12970);
#14520 = CURVE_STYLE('',#14521,POSITIVE_LENGTH_MEASURE(0.1),#12970);
#14521 = DRAUGHTING_PRE_DEFINED_CURVE_FONT('continuous');
#14522 = STYLED_ITEM('color',(#14523),#5743);
#14523 = PRESENTATION_STYLE_ASSIGNMENT((#14524,#14529));
#14524 = SURFACE_STYLE_USAGE(.BOTH.,#14525);
#14525 = SURFACE_SIDE_STYLE('',(#14526));
#14526 = SURFACE_STYLE_FILL_AREA(#14527);
#14527 = FILL_AREA_STYLE('',(#14528));
#14528 = FILL_AREA_STYLE_COLOUR('',#12970);
#14529 = CURVE_STYLE('',#14530,POSITIVE_LENGTH_MEASURE(0.1),#12970);
#14530 = DRAUGHTING_PRE_DEFINED_CURVE_FONT('continuous');
#14531 = STYLED_ITEM('color',(#14532),#5792);
#14532 = PRESENTATION_STYLE_ASSIGNMENT((#14533,#14538));
#14533 = SURFACE_STYLE_USAGE(.BOTH.,#14534);
#14534 = SURFACE_SIDE_STYLE('',(#14535));
#14535 = SURFACE_STYLE_FILL_AREA(#14536);
#14536 = FILL_AREA_STYLE('',(#14537));
#14537 = FILL_AREA_STYLE_COLOUR('',#12970);
#14538 = CURVE_STYLE('',#14539,POSITIVE_LENGTH_MEASURE(0.1),#12970);
#14539 = DRAUGHTING_PRE_DEFINED_CURVE_FONT('continuous');
#14540 = STYLED_ITEM('color',(#14541),#5816);
#14541 = PRESENTATION_STYLE_ASSIGNMENT((#14542,#14547));
#14542 = SURFACE_STYLE_USAGE(.BOTH.,#14543);
#14543 = SURFACE_SIDE_STYLE('',(#14544));
#14544 = SURFACE_STYLE_FILL_AREA(#14545);
#14545 = FILL_AREA_STYLE('',(#14546));
#14546 = FILL_AREA_STYLE_COLOUR('',#12970);
#14547 = CURVE_STYLE('',#14548,POSITIVE_LENGTH_MEASURE(0.1),#12970);
#14548 = DRAUGHTING_PRE_DEFINED_CURVE_FONT('continuous');
#14549 = STYLED_ITEM('color',(#14550),#5858);
#14550 = PRESENTATION_STYLE_ASSIGNMENT((#14551,#14556));
#14551 = SURFACE_STYLE_USAGE(.BOTH.,#14552);
#14552 = SURFACE_SIDE_STYLE('',(#14553));
#14553 = SURFACE_STYLE_FILL_AREA(#14554);
#14554 = FILL_AREA_STYLE('',(#14555));
#14555 = FILL_AREA_STYLE_COLOUR('',#12970);
#14556 = CURVE_STYLE('',#14557,POSITIVE_LENGTH_MEASURE(0.1),#12970);
#14557 = DRAUGHTING_PRE_DEFINED_CURVE_FONT('continuous');
#14558 = STYLED_ITEM('color',(#14559),#5875);
#14559 = PRESENTATION_STYLE_ASSIGNMENT((#14560,#14565));
#14560 = SURFACE_STYLE_USAGE(.BOTH.,#14561);
#14561 = SURFACE_SIDE_STYLE('',(#14562));
#14562 = SURFACE_STYLE_FILL_AREA(#14563);
#14563 = FILL_AREA_STYLE('',(#14564));
#14564 = FILL_AREA_STYLE_COLOUR('',#12970);
#14565 = CURVE_STYLE('',#14566,POSITIVE_LENGTH_MEASURE(0.1),#12970);
#14566 = DRAUGHTING_PRE_DEFINED_CURVE_FONT('continuous');
#14567 = STYLED_ITEM('color',(#14568),#5892);
#14568 = PRESENTATION_STYLE_ASSIGNMENT((#14569,#14574));
#14569 = SURFACE_STYLE_USAGE(.BOTH.,#14570);
#14570 = SURFACE_SIDE_STYLE('',(#14571));
#14571 = SURFACE_STYLE_FILL_AREA(#14572);
#14572 = FILL_AREA_STYLE('',(#14573));
#14573 = FILL_AREA_STYLE_COLOUR('',#12970);
#14574 = CURVE_STYLE('',#14575,POSITIVE_LENGTH_MEASURE(0.1),#12970);
#14575 = DRAUGHTING_PRE_DEFINED_CURVE_FONT('continuous');
#14576 = STYLED_ITEM('color',(#14577),#5909);
#14577 = PRESENTATION_STYLE_ASSIGNMENT((#14578,#14583));
#14578 = SURFACE_STYLE_USAGE(.BOTH.,#14579);
#14579 = SURFACE_SIDE_STYLE('',(#14580));
#14580 = SURFACE_STYLE_FILL_AREA(#14581);
#14581 = FILL_AREA_STYLE('',(#14582));
#14582 = FILL_AREA_STYLE_COLOUR('',#12970);
#14583 = CURVE_STYLE('',#14584,POSITIVE_LENGTH_MEASURE(0.1),#12970);
#14584 = DRAUGHTING_PRE_DEFINED_CURVE_FONT('continuous');
#14585 = STYLED_ITEM('color',(#14586),#5921);
#14586 = PRESENTATION_STYLE_ASSIGNMENT((#14587,#14592));
#14587 = SURFACE_STYLE_USAGE(.BOTH.,#14588);
#14588 = SURFACE_SIDE_STYLE('',(#14589));
#14589 = SURFACE_STYLE_FILL_AREA(#14590);
#14590 = FILL_AREA_STYLE('',(#14591));
#14591 = FILL_AREA_STYLE_COLOUR('',#12970);
#14592 = CURVE_STYLE('',#14593,POSITIVE_LENGTH_MEASURE(0.1),#12970);
#14593 = DRAUGHTING_PRE_DEFINED_CURVE_FONT('continuous');
#14594 = STYLED_ITEM('color',(#14595),#5938);
#14595 = PRESENTATION_STYLE_ASSIGNMENT((#14596,#14601));
#14596 = SURFACE_STYLE_USAGE(.BOTH.,#14597);
#14597 = SURFACE_SIDE_STYLE('',(#14598));
#14598 = SURFACE_STYLE_FILL_AREA(#14599);
#14599 = FILL_AREA_STYLE('',(#14600));
#14600 = FILL_AREA_STYLE_COLOUR('',#12970);
#14601 = CURVE_STYLE('',#14602,POSITIVE_LENGTH_MEASURE(0.1),#12970);
#14602 = DRAUGHTING_PRE_DEFINED_CURVE_FONT('continuous');
#14603 = STYLED_ITEM('color',(#14604),#5955);
#14604 = PRESENTATION_STYLE_ASSIGNMENT((#14605,#14610));
#14605 = SURFACE_STYLE_USAGE(.BOTH.,#14606);
#14606 = SURFACE_SIDE_STYLE('',(#14607));
#14607 = SURFACE_STYLE_FILL_AREA(#14608);
#14608 = FILL_AREA_STYLE('',(#14609));
#14609 = FILL_AREA_STYLE_COLOUR('',#12970);
#14610 = CURVE_STYLE('',#14611,POSITIVE_LENGTH_MEASURE(0.1),#12970);
#14611 = DRAUGHTING_PRE_DEFINED_CURVE_FONT('continuous');
#14612 = MECHANICAL_DESIGN_GEOMETRIC_PRESENTATION_REPRESENTATION('',(
    #14613,#14620,#14627,#14634,#14641,#14648,#14655,#14662,#14669,
    #14676,#14683,#14690,#14697,#14704,#14711,#14718,#14725,#14732,
    #14739,#14746,#14753,#14760,#14767,#14774,#14781,#14788,#14795,
    #14802,#14809,#14816,#14823,#14830,#14837,#14844,#14851,#14858,
    #14865,#14872,#14879,#14886,#14893,#14900,#14907,#14914,#14921,
    #14928,#14935,#14942,#14949,#14956,#14963,#14970,#14977,#14984,
    #14991,#14998,#15005,#15012,#15019,#15026,#15033,#15040,#15047,
    #15054,#15061,#15068,#15075,#15082,#15089,#15096,#15103,#15110,
    #15117,#15124,#15131,#15138,#15145,#15152,#15159,#15166,#15173,
    #15180,#15187,#15194,#15201,#15208,#15215,#15222,#15229,#15236,
    #15243,#15250,#15257,#15264,#15271,#15278,#15285,#15292,#15299,
    #15306,#15313,#15320,#15327,#15334,#15341,#15348,#15355,#15362,
    #15369,#15376,#15383,#15390,#15397,#15404,#15411,#15418,#15425,
    #15432,#15439,#15446,#15453,#15460,#15467,#15474,#15481,#15488,
    #15495,#15502,#15509,#15516,#15523,#15530,#15537,#15544,#15551,
    #15558,#15565,#15572,#15579,#15586,#15593,#15600,#15607,#15614,
    #15621,#15628,#15635,#15642),#10114);
#14613 = STYLED_ITEM('color',(#14614),#5988);
#14614 = PRESENTATION_STYLE_ASSIGNMENT((#14615));
#14615 = SURFACE_STYLE_USAGE(.BOTH.,#14616);
#14616 = SURFACE_SIDE_STYLE('',(#14617));
#14617 = SURFACE_STYLE_FILL_AREA(#14618);
#14618 = FILL_AREA_STYLE('',(#14619));
#14619 = FILL_AREA_STYLE_COLOUR('',#12530);
#14620 = STYLED_ITEM('color',(#14621),#6028);
#14621 = PRESENTATION_STYLE_ASSIGNMENT((#14622));
#14622 = SURFACE_STYLE_USAGE(.BOTH.,#14623);
#14623 = SURFACE_SIDE_STYLE('',(#14624));
#14624 = SURFACE_STYLE_FILL_AREA(#14625);
#14625 = FILL_AREA_STYLE('',(#14626));
#14626 = FILL_AREA_STYLE_COLOUR('',#12530);
#14627 = STYLED_ITEM('color',(#14628),#6059);
#14628 = PRESENTATION_STYLE_ASSIGNMENT((#14629));
#14629 = SURFACE_STYLE_USAGE(.BOTH.,#14630);
#14630 = SURFACE_SIDE_STYLE('',(#14631));
#14631 = SURFACE_STYLE_FILL_AREA(#14632);
#14632 = FILL_AREA_STYLE('',(#14633));
#14633 = FILL_AREA_STYLE_COLOUR('',#12530);
#14634 = STYLED_ITEM('color',(#14635),#6090);
#14635 = PRESENTATION_STYLE_ASSIGNMENT((#14636));
#14636 = SURFACE_STYLE_USAGE(.BOTH.,#14637);
#14637 = SURFACE_SIDE_STYLE('',(#14638));
#14638 = SURFACE_STYLE_FILL_AREA(#14639);
#14639 = FILL_AREA_STYLE('',(#14640));
#14640 = FILL_AREA_STYLE_COLOUR('',#12530);
#14641 = STYLED_ITEM('color',(#14642),#6583);
#14642 = PRESENTATION_STYLE_ASSIGNMENT((#14643));
#14643 = SURFACE_STYLE_USAGE(.BOTH.,#14644);
#14644 = SURFACE_SIDE_STYLE('',(#14645));
#14645 = SURFACE_STYLE_FILL_AREA(#14646);
#14646 = FILL_AREA_STYLE('',(#14647));
#14647 = FILL_AREA_STYLE_COLOUR('',#12530);
#14648 = STYLED_ITEM('color',(#14649),#7076);
#14649 = PRESENTATION_STYLE_ASSIGNMENT((#14650));
#14650 = SURFACE_STYLE_USAGE(.BOTH.,#14651);
#14651 = SURFACE_SIDE_STYLE('',(#14652));
#14652 = SURFACE_STYLE_FILL_AREA(#14653);
#14653 = FILL_AREA_STYLE('',(#14654));
#14654 = FILL_AREA_STYLE_COLOUR('',#12530);
#14655 = STYLED_ITEM('color',(#14656),#7093);
#14656 = PRESENTATION_STYLE_ASSIGNMENT((#14657));
#14657 = SURFACE_STYLE_USAGE(.BOTH.,#14658);
#14658 = SURFACE_SIDE_STYLE('',(#14659));
#14659 = SURFACE_STYLE_FILL_AREA(#14660);
#14660 = FILL_AREA_STYLE('',(#14661));
#14661 = FILL_AREA_STYLE_COLOUR('',#12530);
#14662 = STYLED_ITEM('color',(#14663),#7110);
#14663 = PRESENTATION_STYLE_ASSIGNMENT((#14664));
#14664 = SURFACE_STYLE_USAGE(.BOTH.,#14665);
#14665 = SURFACE_SIDE_STYLE('',(#14666));
#14666 = SURFACE_STYLE_FILL_AREA(#14667);
#14667 = FILL_AREA_STYLE('',(#14668));
#14668 = FILL_AREA_STYLE_COLOUR('',#12530);
#14669 = STYLED_ITEM('color',(#14670),#7127);
#14670 = PRESENTATION_STYLE_ASSIGNMENT((#14671));
#14671 = SURFACE_STYLE_USAGE(.BOTH.,#14672);
#14672 = SURFACE_SIDE_STYLE('',(#14673));
#14673 = SURFACE_STYLE_FILL_AREA(#14674);
#14674 = FILL_AREA_STYLE('',(#14675));
#14675 = FILL_AREA_STYLE_COLOUR('',#12530);
#14676 = STYLED_ITEM('color',(#14677),#7144);
#14677 = PRESENTATION_STYLE_ASSIGNMENT((#14678));
#14678 = SURFACE_STYLE_USAGE(.BOTH.,#14679);
#14679 = SURFACE_SIDE_STYLE('',(#14680));
#14680 = SURFACE_STYLE_FILL_AREA(#14681);
#14681 = FILL_AREA_STYLE('',(#14682));
#14682 = FILL_AREA_STYLE_COLOUR('',#12530);
#14683 = STYLED_ITEM('color',(#14684),#7161);
#14684 = PRESENTATION_STYLE_ASSIGNMENT((#14685));
#14685 = SURFACE_STYLE_USAGE(.BOTH.,#14686);
#14686 = SURFACE_SIDE_STYLE('',(#14687));
#14687 = SURFACE_STYLE_FILL_AREA(#14688);
#14688 = FILL_AREA_STYLE('',(#14689));
#14689 = FILL_AREA_STYLE_COLOUR('',#12530);
#14690 = STYLED_ITEM('color',(#14691),#7178);
#14691 = PRESENTATION_STYLE_ASSIGNMENT((#14692));
#14692 = SURFACE_STYLE_USAGE(.BOTH.,#14693);
#14693 = SURFACE_SIDE_STYLE('',(#14694));
#14694 = SURFACE_STYLE_FILL_AREA(#14695);
#14695 = FILL_AREA_STYLE('',(#14696));
#14696 = FILL_AREA_STYLE_COLOUR('',#12530);
#14697 = STYLED_ITEM('color',(#14698),#7195);
#14698 = PRESENTATION_STYLE_ASSIGNMENT((#14699));
#14699 = SURFACE_STYLE_USAGE(.BOTH.,#14700);
#14700 = SURFACE_SIDE_STYLE('',(#14701));
#14701 = SURFACE_STYLE_FILL_AREA(#14702);
#14702 = FILL_AREA_STYLE('',(#14703));
#14703 = FILL_AREA_STYLE_COLOUR('',#12530);
#14704 = STYLED_ITEM('color',(#14705),#7212);
#14705 = PRESENTATION_STYLE_ASSIGNMENT((#14706));
#14706 = SURFACE_STYLE_USAGE(.BOTH.,#14707);
#14707 = SURFACE_SIDE_STYLE('',(#14708));
#14708 = SURFACE_STYLE_FILL_AREA(#14709);
#14709 = FILL_AREA_STYLE('',(#14710));
#14710 = FILL_AREA_STYLE_COLOUR('',#12530);
#14711 = STYLED_ITEM('color',(#14712),#7229);
#14712 = PRESENTATION_STYLE_ASSIGNMENT((#14713));
#14713 = SURFACE_STYLE_USAGE(.BOTH.,#14714);
#14714 = SURFACE_SIDE_STYLE('',(#14715));
#14715 = SURFACE_STYLE_FILL_AREA(#14716);
#14716 = FILL_AREA_STYLE('',(#14717));
#14717 = FILL_AREA_STYLE_COLOUR('',#12530);
#14718 = STYLED_ITEM('color',(#14719),#7246);
#14719 = PRESENTATION_STYLE_ASSIGNMENT((#14720));
#14720 = SURFACE_STYLE_USAGE(.BOTH.,#14721);
#14721 = SURFACE_SIDE_STYLE('',(#14722));
#14722 = SURFACE_STYLE_FILL_AREA(#14723);
#14723 = FILL_AREA_STYLE('',(#14724));
#14724 = FILL_AREA_STYLE_COLOUR('',#12530);
#14725 = STYLED_ITEM('color',(#14726),#7263);
#14726 = PRESENTATION_STYLE_ASSIGNMENT((#14727));
#14727 = SURFACE_STYLE_USAGE(.BOTH.,#14728);
#14728 = SURFACE_SIDE_STYLE('',(#14729));
#14729 = SURFACE_STYLE_FILL_AREA(#14730);
#14730 = FILL_AREA_STYLE('',(#14731));
#14731 = FILL_AREA_STYLE_COLOUR('',#12530);
#14732 = STYLED_ITEM('color',(#14733),#7280);
#14733 = PRESENTATION_STYLE_ASSIGNMENT((#14734));
#14734 = SURFACE_STYLE_USAGE(.BOTH.,#14735);
#14735 = SURFACE_SIDE_STYLE('',(#14736));
#14736 = SURFACE_STYLE_FILL_AREA(#14737);
#14737 = FILL_AREA_STYLE('',(#14738));
#14738 = FILL_AREA_STYLE_COLOUR('',#12530);
#14739 = STYLED_ITEM('color',(#14740),#7297);
#14740 = PRESENTATION_STYLE_ASSIGNMENT((#14741));
#14741 = SURFACE_STYLE_USAGE(.BOTH.,#14742);
#14742 = SURFACE_SIDE_STYLE('',(#14743));
#14743 = SURFACE_STYLE_FILL_AREA(#14744);
#14744 = FILL_AREA_STYLE('',(#14745));
#14745 = FILL_AREA_STYLE_COLOUR('',#12530);
#14746 = STYLED_ITEM('color',(#14747),#7314);
#14747 = PRESENTATION_STYLE_ASSIGNMENT((#14748));
#14748 = SURFACE_STYLE_USAGE(.BOTH.,#14749);
#14749 = SURFACE_SIDE_STYLE('',(#14750));
#14750 = SURFACE_STYLE_FILL_AREA(#14751);
#14751 = FILL_AREA_STYLE('',(#14752));
#14752 = FILL_AREA_STYLE_COLOUR('',#12530);
#14753 = STYLED_ITEM('color',(#14754),#7331);
#14754 = PRESENTATION_STYLE_ASSIGNMENT((#14755));
#14755 = SURFACE_STYLE_USAGE(.BOTH.,#14756);
#14756 = SURFACE_SIDE_STYLE('',(#14757));
#14757 = SURFACE_STYLE_FILL_AREA(#14758);
#14758 = FILL_AREA_STYLE('',(#14759));
#14759 = FILL_AREA_STYLE_COLOUR('',#12530);
#14760 = STYLED_ITEM('color',(#14761),#7348);
#14761 = PRESENTATION_STYLE_ASSIGNMENT((#14762));
#14762 = SURFACE_STYLE_USAGE(.BOTH.,#14763);
#14763 = SURFACE_SIDE_STYLE('',(#14764));
#14764 = SURFACE_STYLE_FILL_AREA(#14765);
#14765 = FILL_AREA_STYLE('',(#14766));
#14766 = FILL_AREA_STYLE_COLOUR('',#12530);
#14767 = STYLED_ITEM('color',(#14768),#7365);
#14768 = PRESENTATION_STYLE_ASSIGNMENT((#14769));
#14769 = SURFACE_STYLE_USAGE(.BOTH.,#14770);
#14770 = SURFACE_SIDE_STYLE('',(#14771));
#14771 = SURFACE_STYLE_FILL_AREA(#14772);
#14772 = FILL_AREA_STYLE('',(#14773));
#14773 = FILL_AREA_STYLE_COLOUR('',#12530);
#14774 = STYLED_ITEM('color',(#14775),#7382);
#14775 = PRESENTATION_STYLE_ASSIGNMENT((#14776));
#14776 = SURFACE_STYLE_USAGE(.BOTH.,#14777);
#14777 = SURFACE_SIDE_STYLE('',(#14778));
#14778 = SURFACE_STYLE_FILL_AREA(#14779);
#14779 = FILL_AREA_STYLE('',(#14780));
#14780 = FILL_AREA_STYLE_COLOUR('',#12530);
#14781 = STYLED_ITEM('color',(#14782),#7399);
#14782 = PRESENTATION_STYLE_ASSIGNMENT((#14783));
#14783 = SURFACE_STYLE_USAGE(.BOTH.,#14784);
#14784 = SURFACE_SIDE_STYLE('',(#14785));
#14785 = SURFACE_STYLE_FILL_AREA(#14786);
#14786 = FILL_AREA_STYLE('',(#14787));
#14787 = FILL_AREA_STYLE_COLOUR('',#12530);
#14788 = STYLED_ITEM('color',(#14789),#7416);
#14789 = PRESENTATION_STYLE_ASSIGNMENT((#14790));
#14790 = SURFACE_STYLE_USAGE(.BOTH.,#14791);
#14791 = SURFACE_SIDE_STYLE('',(#14792));
#14792 = SURFACE_STYLE_FILL_AREA(#14793);
#14793 = FILL_AREA_STYLE('',(#14794));
#14794 = FILL_AREA_STYLE_COLOUR('',#12530);
#14795 = STYLED_ITEM('color',(#14796),#7433);
#14796 = PRESENTATION_STYLE_ASSIGNMENT((#14797));
#14797 = SURFACE_STYLE_USAGE(.BOTH.,#14798);
#14798 = SURFACE_SIDE_STYLE('',(#14799));
#14799 = SURFACE_STYLE_FILL_AREA(#14800);
#14800 = FILL_AREA_STYLE('',(#14801));
#14801 = FILL_AREA_STYLE_COLOUR('',#12530);
#14802 = STYLED_ITEM('color',(#14803),#7450);
#14803 = PRESENTATION_STYLE_ASSIGNMENT((#14804));
#14804 = SURFACE_STYLE_USAGE(.BOTH.,#14805);
#14805 = SURFACE_SIDE_STYLE('',(#14806));
#14806 = SURFACE_STYLE_FILL_AREA(#14807);
#14807 = FILL_AREA_STYLE('',(#14808));
#14808 = FILL_AREA_STYLE_COLOUR('',#12530);
#14809 = STYLED_ITEM('color',(#14810),#7467);
#14810 = PRESENTATION_STYLE_ASSIGNMENT((#14811));
#14811 = SURFACE_STYLE_USAGE(.BOTH.,#14812);
#14812 = SURFACE_SIDE_STYLE('',(#14813));
#14813 = SURFACE_STYLE_FILL_AREA(#14814);
#14814 = FILL_AREA_STYLE('',(#14815));
#14815 = FILL_AREA_STYLE_COLOUR('',#12530);
#14816 = STYLED_ITEM('color',(#14817),#7484);
#14817 = PRESENTATION_STYLE_ASSIGNMENT((#14818));
#14818 = SURFACE_STYLE_USAGE(.BOTH.,#14819);
#14819 = SURFACE_SIDE_STYLE('',(#14820));
#14820 = SURFACE_STYLE_FILL_AREA(#14821);
#14821 = FILL_AREA_STYLE('',(#14822));
#14822 = FILL_AREA_STYLE_COLOUR('',#12530);
#14823 = STYLED_ITEM('color',(#14824),#7501);
#14824 = PRESENTATION_STYLE_ASSIGNMENT((#14825));
#14825 = SURFACE_STYLE_USAGE(.BOTH.,#14826);
#14826 = SURFACE_SIDE_STYLE('',(#14827));
#14827 = SURFACE_STYLE_FILL_AREA(#14828);
#14828 = FILL_AREA_STYLE('',(#14829));
#14829 = FILL_AREA_STYLE_COLOUR('',#12530);
#14830 = STYLED_ITEM('color',(#14831),#7518);
#14831 = PRESENTATION_STYLE_ASSIGNMENT((#14832));
#14832 = SURFACE_STYLE_USAGE(.BOTH.,#14833);
#14833 = SURFACE_SIDE_STYLE('',(#14834));
#14834 = SURFACE_STYLE_FILL_AREA(#14835);
#14835 = FILL_AREA_STYLE('',(#14836));
#14836 = FILL_AREA_STYLE_COLOUR('',#12530);
#14837 = STYLED_ITEM('color',(#14838),#7535);
#14838 = PRESENTATION_STYLE_ASSIGNMENT((#14839));
#14839 = SURFACE_STYLE_USAGE(.BOTH.,#14840);
#14840 = SURFACE_SIDE_STYLE('',(#14841));
#14841 = SURFACE_STYLE_FILL_AREA(#14842);
#14842 = FILL_AREA_STYLE('',(#14843));
#14843 = FILL_AREA_STYLE_COLOUR('',#12530);
#14844 = STYLED_ITEM('color',(#14845),#7552);
#14845 = PRESENTATION_STYLE_ASSIGNMENT((#14846));
#14846 = SURFACE_STYLE_USAGE(.BOTH.,#14847);
#14847 = SURFACE_SIDE_STYLE('',(#14848));
#14848 = SURFACE_STYLE_FILL_AREA(#14849);
#14849 = FILL_AREA_STYLE('',(#14850));
#14850 = FILL_AREA_STYLE_COLOUR('',#12530);
#14851 = STYLED_ITEM('color',(#14852),#7569);
#14852 = PRESENTATION_STYLE_ASSIGNMENT((#14853));
#14853 = SURFACE_STYLE_USAGE(.BOTH.,#14854);
#14854 = SURFACE_SIDE_STYLE('',(#14855));
#14855 = SURFACE_STYLE_FILL_AREA(#14856);
#14856 = FILL_AREA_STYLE('',(#14857));
#14857 = FILL_AREA_STYLE_COLOUR('',#12530);
#14858 = STYLED_ITEM('color',(#14859),#7586);
#14859 = PRESENTATION_STYLE_ASSIGNMENT((#14860));
#14860 = SURFACE_STYLE_USAGE(.BOTH.,#14861);
#14861 = SURFACE_SIDE_STYLE('',(#14862));
#14862 = SURFACE_STYLE_FILL_AREA(#14863);
#14863 = FILL_AREA_STYLE('',(#14864));
#14864 = FILL_AREA_STYLE_COLOUR('',#12530);
#14865 = STYLED_ITEM('color',(#14866),#7603);
#14866 = PRESENTATION_STYLE_ASSIGNMENT((#14867));
#14867 = SURFACE_STYLE_USAGE(.BOTH.,#14868);
#14868 = SURFACE_SIDE_STYLE('',(#14869));
#14869 = SURFACE_STYLE_FILL_AREA(#14870);
#14870 = FILL_AREA_STYLE('',(#14871));
#14871 = FILL_AREA_STYLE_COLOUR('',#12530);
#14872 = STYLED_ITEM('color',(#14873),#7620);
#14873 = PRESENTATION_STYLE_ASSIGNMENT((#14874));
#14874 = SURFACE_STYLE_USAGE(.BOTH.,#14875);
#14875 = SURFACE_SIDE_STYLE('',(#14876));
#14876 = SURFACE_STYLE_FILL_AREA(#14877);
#14877 = FILL_AREA_STYLE('',(#14878));
#14878 = FILL_AREA_STYLE_COLOUR('',#12530);
#14879 = STYLED_ITEM('color',(#14880),#7637);
#14880 = PRESENTATION_STYLE_ASSIGNMENT((#14881));
#14881 = SURFACE_STYLE_USAGE(.BOTH.,#14882);
#14882 = SURFACE_SIDE_STYLE('',(#14883));
#14883 = SURFACE_STYLE_FILL_AREA(#14884);
#14884 = FILL_AREA_STYLE('',(#14885));
#14885 = FILL_AREA_STYLE_COLOUR('',#12530);
#14886 = STYLED_ITEM('color',(#14887),#7654);
#14887 = PRESENTATION_STYLE_ASSIGNMENT((#14888));
#14888 = SURFACE_STYLE_USAGE(.BOTH.,#14889);
#14889 = SURFACE_SIDE_STYLE('',(#14890));
#14890 = SURFACE_STYLE_FILL_AREA(#14891);
#14891 = FILL_AREA_STYLE('',(#14892));
#14892 = FILL_AREA_STYLE_COLOUR('',#12530);
#14893 = STYLED_ITEM('color',(#14894),#7666);
#14894 = PRESENTATION_STYLE_ASSIGNMENT((#14895));
#14895 = SURFACE_STYLE_USAGE(.BOTH.,#14896);
#14896 = SURFACE_SIDE_STYLE('',(#14897));
#14897 = SURFACE_STYLE_FILL_AREA(#14898);
#14898 = FILL_AREA_STYLE('',(#14899));
#14899 = FILL_AREA_STYLE_COLOUR('',#12643);
#14900 = STYLED_ITEM('color',(#14901),#7697);
#14901 = PRESENTATION_STYLE_ASSIGNMENT((#14902));
#14902 = SURFACE_STYLE_USAGE(.BOTH.,#14903);
#14903 = SURFACE_SIDE_STYLE('',(#14904));
#14904 = SURFACE_STYLE_FILL_AREA(#14905);
#14905 = FILL_AREA_STYLE('',(#14906));
#14906 = FILL_AREA_STYLE_COLOUR('',#12643);
#14907 = STYLED_ITEM('color',(#14908),#7721);
#14908 = PRESENTATION_STYLE_ASSIGNMENT((#14909));
#14909 = SURFACE_STYLE_USAGE(.BOTH.,#14910);
#14910 = SURFACE_SIDE_STYLE('',(#14911));
#14911 = SURFACE_STYLE_FILL_AREA(#14912);
#14912 = FILL_AREA_STYLE('',(#14913));
#14913 = FILL_AREA_STYLE_COLOUR('',#12643);
#14914 = STYLED_ITEM('color',(#14915),#7745);
#14915 = PRESENTATION_STYLE_ASSIGNMENT((#14916));
#14916 = SURFACE_STYLE_USAGE(.BOTH.,#14917);
#14917 = SURFACE_SIDE_STYLE('',(#14918));
#14918 = SURFACE_STYLE_FILL_AREA(#14919);
#14919 = FILL_AREA_STYLE('',(#14920));
#14920 = FILL_AREA_STYLE_COLOUR('',#12643);
#14921 = STYLED_ITEM('color',(#14922),#7762);
#14922 = PRESENTATION_STYLE_ASSIGNMENT((#14923));
#14923 = SURFACE_STYLE_USAGE(.BOTH.,#14924);
#14924 = SURFACE_SIDE_STYLE('',(#14925));
#14925 = SURFACE_STYLE_FILL_AREA(#14926);
#14926 = FILL_AREA_STYLE('',(#14927));
#14927 = FILL_AREA_STYLE_COLOUR('',#12643);
#14928 = STYLED_ITEM('color',(#14929),#7793);
#14929 = PRESENTATION_STYLE_ASSIGNMENT((#14930));
#14930 = SURFACE_STYLE_USAGE(.BOTH.,#14931);
#14931 = SURFACE_SIDE_STYLE('',(#14932));
#14932 = SURFACE_STYLE_FILL_AREA(#14933);
#14933 = FILL_AREA_STYLE('',(#14934));
#14934 = FILL_AREA_STYLE_COLOUR('',#12643);
#14935 = STYLED_ITEM('color',(#14936),#7817);
#14936 = PRESENTATION_STYLE_ASSIGNMENT((#14937));
#14937 = SURFACE_STYLE_USAGE(.BOTH.,#14938);
#14938 = SURFACE_SIDE_STYLE('',(#14939));
#14939 = SURFACE_STYLE_FILL_AREA(#14940);
#14940 = FILL_AREA_STYLE('',(#14941));
#14941 = FILL_AREA_STYLE_COLOUR('',#12643);
#14942 = STYLED_ITEM('color',(#14943),#7841);
#14943 = PRESENTATION_STYLE_ASSIGNMENT((#14944));
#14944 = SURFACE_STYLE_USAGE(.BOTH.,#14945);
#14945 = SURFACE_SIDE_STYLE('',(#14946));
#14946 = SURFACE_STYLE_FILL_AREA(#14947);
#14947 = FILL_AREA_STYLE('',(#14948));
#14948 = FILL_AREA_STYLE_COLOUR('',#12643);
#14949 = STYLED_ITEM('color',(#14950),#7858);
#14950 = PRESENTATION_STYLE_ASSIGNMENT((#14951));
#14951 = SURFACE_STYLE_USAGE(.BOTH.,#14952);
#14952 = SURFACE_SIDE_STYLE('',(#14953));
#14953 = SURFACE_STYLE_FILL_AREA(#14954);
#14954 = FILL_AREA_STYLE('',(#14955));
#14955 = FILL_AREA_STYLE_COLOUR('',#12643);
#14956 = STYLED_ITEM('color',(#14957),#7889);
#14957 = PRESENTATION_STYLE_ASSIGNMENT((#14958));
#14958 = SURFACE_STYLE_USAGE(.BOTH.,#14959);
#14959 = SURFACE_SIDE_STYLE('',(#14960));
#14960 = SURFACE_STYLE_FILL_AREA(#14961);
#14961 = FILL_AREA_STYLE('',(#14962));
#14962 = FILL_AREA_STYLE_COLOUR('',#12643);
#14963 = STYLED_ITEM('color',(#14964),#7913);
#14964 = PRESENTATION_STYLE_ASSIGNMENT((#14965));
#14965 = SURFACE_STYLE_USAGE(.BOTH.,#14966);
#14966 = SURFACE_SIDE_STYLE('',(#14967));
#14967 = SURFACE_STYLE_FILL_AREA(#14968);
#14968 = FILL_AREA_STYLE('',(#14969));
#14969 = FILL_AREA_STYLE_COLOUR('',#12643);
#14970 = STYLED_ITEM('color',(#14971),#7937);
#14971 = PRESENTATION_STYLE_ASSIGNMENT((#14972));
#14972 = SURFACE_STYLE_USAGE(.BOTH.,#14973);
#14973 = SURFACE_SIDE_STYLE('',(#14974));
#14974 = SURFACE_STYLE_FILL_AREA(#14975);
#14975 = FILL_AREA_STYLE('',(#14976));
#14976 = FILL_AREA_STYLE_COLOUR('',#12643);
#14977 = STYLED_ITEM('color',(#14978),#7954);
#14978 = PRESENTATION_STYLE_ASSIGNMENT((#14979));
#14979 = SURFACE_STYLE_USAGE(.BOTH.,#14980);
#14980 = SURFACE_SIDE_STYLE('',(#14981));
#14981 = SURFACE_STYLE_FILL_AREA(#14982);
#14982 = FILL_AREA_STYLE('',(#14983));
#14983 = FILL_AREA_STYLE_COLOUR('',#12643);
#14984 = STYLED_ITEM('color',(#14985),#7985);
#14985 = PRESENTATION_STYLE_ASSIGNMENT((#14986));
#14986 = SURFACE_STYLE_USAGE(.BOTH.,#14987);
#14987 = SURFACE_SIDE_STYLE('',(#14988));
#14988 = SURFACE_STYLE_FILL_AREA(#14989);
#14989 = FILL_AREA_STYLE('',(#14990));
#14990 = FILL_AREA_STYLE_COLOUR('',#12643);
#14991 = STYLED_ITEM('color',(#14992),#8009);
#14992 = PRESENTATION_STYLE_ASSIGNMENT((#14993));
#14993 = SURFACE_STYLE_USAGE(.BOTH.,#14994);
#14994 = SURFACE_SIDE_STYLE('',(#14995));
#14995 = SURFACE_STYLE_FILL_AREA(#14996);
#14996 = FILL_AREA_STYLE('',(#14997));
#14997 = FILL_AREA_STYLE_COLOUR('',#12643);
#14998 = STYLED_ITEM('color',(#14999),#8033);
#14999 = PRESENTATION_STYLE_ASSIGNMENT((#15000));
#15000 = SURFACE_STYLE_USAGE(.BOTH.,#15001);
#15001 = SURFACE_SIDE_STYLE('',(#15002));
#15002 = SURFACE_STYLE_FILL_AREA(#15003);
#15003 = FILL_AREA_STYLE('',(#15004));
#15004 = FILL_AREA_STYLE_COLOUR('',#12643);
#15005 = STYLED_ITEM('color',(#15006),#8050);
#15006 = PRESENTATION_STYLE_ASSIGNMENT((#15007));
#15007 = SURFACE_STYLE_USAGE(.BOTH.,#15008);
#15008 = SURFACE_SIDE_STYLE('',(#15009));
#15009 = SURFACE_STYLE_FILL_AREA(#15010);
#15010 = FILL_AREA_STYLE('',(#15011));
#15011 = FILL_AREA_STYLE_COLOUR('',#12643);
#15012 = STYLED_ITEM('color',(#15013),#8081);
#15013 = PRESENTATION_STYLE_ASSIGNMENT((#15014));
#15014 = SURFACE_STYLE_USAGE(.BOTH.,#15015);
#15015 = SURFACE_SIDE_STYLE('',(#15016));
#15016 = SURFACE_STYLE_FILL_AREA(#15017);
#15017 = FILL_AREA_STYLE('',(#15018));
#15018 = FILL_AREA_STYLE_COLOUR('',#12643);
#15019 = STYLED_ITEM('color',(#15020),#8105);
#15020 = PRESENTATION_STYLE_ASSIGNMENT((#15021));
#15021 = SURFACE_STYLE_USAGE(.BOTH.,#15022);
#15022 = SURFACE_SIDE_STYLE('',(#15023));
#15023 = SURFACE_STYLE_FILL_AREA(#15024);
#15024 = FILL_AREA_STYLE('',(#15025));
#15025 = FILL_AREA_STYLE_COLOUR('',#12643);
#15026 = STYLED_ITEM('color',(#15027),#8129);
#15027 = PRESENTATION_STYLE_ASSIGNMENT((#15028));
#15028 = SURFACE_STYLE_USAGE(.BOTH.,#15029);
#15029 = SURFACE_SIDE_STYLE('',(#15030));
#15030 = SURFACE_STYLE_FILL_AREA(#15031);
#15031 = FILL_AREA_STYLE('',(#15032));
#15032 = FILL_AREA_STYLE_COLOUR('',#12643);
#15033 = STYLED_ITEM('color',(#15034),#8146);
#15034 = PRESENTATION_STYLE_ASSIGNMENT((#15035));
#15035 = SURFACE_STYLE_USAGE(.BOTH.,#15036);
#15036 = SURFACE_SIDE_STYLE('',(#15037));
#15037 = SURFACE_STYLE_FILL_AREA(#15038);
#15038 = FILL_AREA_STYLE('',(#15039));
#15039 = FILL_AREA_STYLE_COLOUR('',#12643);
#15040 = STYLED_ITEM('color',(#15041),#8177);
#15041 = PRESENTATION_STYLE_ASSIGNMENT((#15042));
#15042 = SURFACE_STYLE_USAGE(.BOTH.,#15043);
#15043 = SURFACE_SIDE_STYLE('',(#15044));
#15044 = SURFACE_STYLE_FILL_AREA(#15045);
#15045 = FILL_AREA_STYLE('',(#15046));
#15046 = FILL_AREA_STYLE_COLOUR('',#12643);
#15047 = STYLED_ITEM('color',(#15048),#8201);
#15048 = PRESENTATION_STYLE_ASSIGNMENT((#15049));
#15049 = SURFACE_STYLE_USAGE(.BOTH.,#15050);
#15050 = SURFACE_SIDE_STYLE('',(#15051));
#15051 = SURFACE_STYLE_FILL_AREA(#15052);
#15052 = FILL_AREA_STYLE('',(#15053));
#15053 = FILL_AREA_STYLE_COLOUR('',#12643);
#15054 = STYLED_ITEM('color',(#15055),#8225);
#15055 = PRESENTATION_STYLE_ASSIGNMENT((#15056));
#15056 = SURFACE_STYLE_USAGE(.BOTH.,#15057);
#15057 = SURFACE_SIDE_STYLE('',(#15058));
#15058 = SURFACE_STYLE_FILL_AREA(#15059);
#15059 = FILL_AREA_STYLE('',(#15060));
#15060 = FILL_AREA_STYLE_COLOUR('',#12643);
#15061 = STYLED_ITEM('color',(#15062),#8242);
#15062 = PRESENTATION_STYLE_ASSIGNMENT((#15063));
#15063 = SURFACE_STYLE_USAGE(.BOTH.,#15064);
#15064 = SURFACE_SIDE_STYLE('',(#15065));
#15065 = SURFACE_STYLE_FILL_AREA(#15066);
#15066 = FILL_AREA_STYLE('',(#15067));
#15067 = FILL_AREA_STYLE_COLOUR('',#12643);
#15068 = STYLED_ITEM('color',(#15069),#8273);
#15069 = PRESENTATION_STYLE_ASSIGNMENT((#15070));
#15070 = SURFACE_STYLE_USAGE(.BOTH.,#15071);
#15071 = SURFACE_SIDE_STYLE('',(#15072));
#15072 = SURFACE_STYLE_FILL_AREA(#15073);
#15073 = FILL_AREA_STYLE('',(#15074));
#15074 = FILL_AREA_STYLE_COLOUR('',#12643);
#15075 = STYLED_ITEM('color',(#15076),#8297);
#15076 = PRESENTATION_STYLE_ASSIGNMENT((#15077));
#15077 = SURFACE_STYLE_USAGE(.BOTH.,#15078);
#15078 = SURFACE_SIDE_STYLE('',(#15079));
#15079 = SURFACE_STYLE_FILL_AREA(#15080);
#15080 = FILL_AREA_STYLE('',(#15081));
#15081 = FILL_AREA_STYLE_COLOUR('',#12643);
#15082 = STYLED_ITEM('color',(#15083),#8321);
#15083 = PRESENTATION_STYLE_ASSIGNMENT((#15084));
#15084 = SURFACE_STYLE_USAGE(.BOTH.,#15085);
#15085 = SURFACE_SIDE_STYLE('',(#15086));
#15086 = SURFACE_STYLE_FILL_AREA(#15087);
#15087 = FILL_AREA_STYLE('',(#15088));
#15088 = FILL_AREA_STYLE_COLOUR('',#12643);
#15089 = STYLED_ITEM('color',(#15090),#8338);
#15090 = PRESENTATION_STYLE_ASSIGNMENT((#15091));
#15091 = SURFACE_STYLE_USAGE(.BOTH.,#15092);
#15092 = SURFACE_SIDE_STYLE('',(#15093));
#15093 = SURFACE_STYLE_FILL_AREA(#15094);
#15094 = FILL_AREA_STYLE('',(#15095));
#15095 = FILL_AREA_STYLE_COLOUR('',#12643);
#15096 = STYLED_ITEM('color',(#15097),#8369);
#15097 = PRESENTATION_STYLE_ASSIGNMENT((#15098));
#15098 = SURFACE_STYLE_USAGE(.BOTH.,#15099);
#15099 = SURFACE_SIDE_STYLE('',(#15100));
#15100 = SURFACE_STYLE_FILL_AREA(#15101);
#15101 = FILL_AREA_STYLE('',(#15102));
#15102 = FILL_AREA_STYLE_COLOUR('',#12643);
#15103 = STYLED_ITEM('color',(#15104),#8393);
#15104 = PRESENTATION_STYLE_ASSIGNMENT((#15105));
#15105 = SURFACE_STYLE_USAGE(.BOTH.,#15106);
#15106 = SURFACE_SIDE_STYLE('',(#15107));
#15107 = SURFACE_STYLE_FILL_AREA(#15108);
#15108 = FILL_AREA_STYLE('',(#15109));
#15109 = FILL_AREA_STYLE_COLOUR('',#12643);
#15110 = STYLED_ITEM('color',(#15111),#8417);
#15111 = PRESENTATION_STYLE_ASSIGNMENT((#15112));
#15112 = SURFACE_STYLE_USAGE(.BOTH.,#15113);
#15113 = SURFACE_SIDE_STYLE('',(#15114));
#15114 = SURFACE_STYLE_FILL_AREA(#15115);
#15115 = FILL_AREA_STYLE('',(#15116));
#15116 = FILL_AREA_STYLE_COLOUR('',#12643);
#15117 = STYLED_ITEM('color',(#15118),#8434);
#15118 = PRESENTATION_STYLE_ASSIGNMENT((#15119));
#15119 = SURFACE_STYLE_USAGE(.BOTH.,#15120);
#15120 = SURFACE_SIDE_STYLE('',(#15121));
#15121 = SURFACE_STYLE_FILL_AREA(#15122);
#15122 = FILL_AREA_STYLE('',(#15123));
#15123 = FILL_AREA_STYLE_COLOUR('',#12643);
#15124 = STYLED_ITEM('color',(#15125),#8465);
#15125 = PRESENTATION_STYLE_ASSIGNMENT((#15126));
#15126 = SURFACE_STYLE_USAGE(.BOTH.,#15127);
#15127 = SURFACE_SIDE_STYLE('',(#15128));
#15128 = SURFACE_STYLE_FILL_AREA(#15129);
#15129 = FILL_AREA_STYLE('',(#15130));
#15130 = FILL_AREA_STYLE_COLOUR('',#12643);
#15131 = STYLED_ITEM('color',(#15132),#8489);
#15132 = PRESENTATION_STYLE_ASSIGNMENT((#15133));
#15133 = SURFACE_STYLE_USAGE(.BOTH.,#15134);
#15134 = SURFACE_SIDE_STYLE('',(#15135));
#15135 = SURFACE_STYLE_FILL_AREA(#15136);
#15136 = FILL_AREA_STYLE('',(#15137));
#15137 = FILL_AREA_STYLE_COLOUR('',#12643);
#15138 = STYLED_ITEM('color',(#15139),#8513);
#15139 = PRESENTATION_STYLE_ASSIGNMENT((#15140));
#15140 = SURFACE_STYLE_USAGE(.BOTH.,#15141);
#15141 = SURFACE_SIDE_STYLE('',(#15142));
#15142 = SURFACE_STYLE_FILL_AREA(#15143);
#15143 = FILL_AREA_STYLE('',(#15144));
#15144 = FILL_AREA_STYLE_COLOUR('',#12643);
#15145 = STYLED_ITEM('color',(#15146),#8530);
#15146 = PRESENTATION_STYLE_ASSIGNMENT((#15147));
#15147 = SURFACE_STYLE_USAGE(.BOTH.,#15148);
#15148 = SURFACE_SIDE_STYLE('',(#15149));
#15149 = SURFACE_STYLE_FILL_AREA(#15150);
#15150 = FILL_AREA_STYLE('',(#15151));
#15151 = FILL_AREA_STYLE_COLOUR('',#12643);
#15152 = STYLED_ITEM('color',(#15153),#8561);
#15153 = PRESENTATION_STYLE_ASSIGNMENT((#15154));
#15154 = SURFACE_STYLE_USAGE(.BOTH.,#15155);
#15155 = SURFACE_SIDE_STYLE('',(#15156));
#15156 = SURFACE_STYLE_FILL_AREA(#15157);
#15157 = FILL_AREA_STYLE('',(#15158));
#15158 = FILL_AREA_STYLE_COLOUR('',#12643);
#15159 = STYLED_ITEM('color',(#15160),#8585);
#15160 = PRESENTATION_STYLE_ASSIGNMENT((#15161));
#15161 = SURFACE_STYLE_USAGE(.BOTH.,#15162);
#15162 = SURFACE_SIDE_STYLE('',(#15163));
#15163 = SURFACE_STYLE_FILL_AREA(#15164);
#15164 = FILL_AREA_STYLE('',(#15165));
#15165 = FILL_AREA_STYLE_COLOUR('',#12643);
#15166 = STYLED_ITEM('color',(#15167),#8609);
#15167 = PRESENTATION_STYLE_ASSIGNMENT((#15168));
#15168 = SURFACE_STYLE_USAGE(.BOTH.,#15169);
#15169 = SURFACE_SIDE_STYLE('',(#15170));
#15170 = SURFACE_STYLE_FILL_AREA(#15171);
#15171 = FILL_AREA_STYLE('',(#15172));
#15172 = FILL_AREA_STYLE_COLOUR('',#12643);
#15173 = STYLED_ITEM('color',(#15174),#8626);
#15174 = PRESENTATION_STYLE_ASSIGNMENT((#15175));
#15175 = SURFACE_STYLE_USAGE(.BOTH.,#15176);
#15176 = SURFACE_SIDE_STYLE('',(#15177));
#15177 = SURFACE_STYLE_FILL_AREA(#15178);
#15178 = FILL_AREA_STYLE('',(#15179));
#15179 = FILL_AREA_STYLE_COLOUR('',#12643);
#15180 = STYLED_ITEM('color',(#15181),#8657);
#15181 = PRESENTATION_STYLE_ASSIGNMENT((#15182));
#15182 = SURFACE_STYLE_USAGE(.BOTH.,#15183);
#15183 = SURFACE_SIDE_STYLE('',(#15184));
#15184 = SURFACE_STYLE_FILL_AREA(#15185);
#15185 = FILL_AREA_STYLE('',(#15186));
#15186 = FILL_AREA_STYLE_COLOUR('',#12643);
#15187 = STYLED_ITEM('color',(#15188),#8681);
#15188 = PRESENTATION_STYLE_ASSIGNMENT((#15189));
#15189 = SURFACE_STYLE_USAGE(.BOTH.,#15190);
#15190 = SURFACE_SIDE_STYLE('',(#15191));
#15191 = SURFACE_STYLE_FILL_AREA(#15192);
#15192 = FILL_AREA_STYLE('',(#15193));
#15193 = FILL_AREA_STYLE_COLOUR('',#12643);
#15194 = STYLED_ITEM('color',(#15195),#8705);
#15195 = PRESENTATION_STYLE_ASSIGNMENT((#15196));
#15196 = SURFACE_STYLE_USAGE(.BOTH.,#15197);
#15197 = SURFACE_SIDE_STYLE('',(#15198));
#15198 = SURFACE_STYLE_FILL_AREA(#15199);
#15199 = FILL_AREA_STYLE('',(#15200));
#15200 = FILL_AREA_STYLE_COLOUR('',#12643);
#15201 = STYLED_ITEM('color',(#15202),#8722);
#15202 = PRESENTATION_STYLE_ASSIGNMENT((#15203));
#15203 = SURFACE_STYLE_USAGE(.BOTH.,#15204);
#15204 = SURFACE_SIDE_STYLE('',(#15205));
#15205 = SURFACE_STYLE_FILL_AREA(#15206);
#15206 = FILL_AREA_STYLE('',(#15207));
#15207 = FILL_AREA_STYLE_COLOUR('',#12643);
#15208 = STYLED_ITEM('color',(#15209),#8753);
#15209 = PRESENTATION_STYLE_ASSIGNMENT((#15210));
#15210 = SURFACE_STYLE_USAGE(.BOTH.,#15211);
#15211 = SURFACE_SIDE_STYLE('',(#15212));
#15212 = SURFACE_STYLE_FILL_AREA(#15213);
#15213 = FILL_AREA_STYLE('',(#15214));
#15214 = FILL_AREA_STYLE_COLOUR('',#12643);
#15215 = STYLED_ITEM('color',(#15216),#8777);
#15216 = PRESENTATION_STYLE_ASSIGNMENT((#15217));
#15217 = SURFACE_STYLE_USAGE(.BOTH.,#15218);
#15218 = SURFACE_SIDE_STYLE('',(#15219));
#15219 = SURFACE_STYLE_FILL_AREA(#15220);
#15220 = FILL_AREA_STYLE('',(#15221));
#15221 = FILL_AREA_STYLE_COLOUR('',#12643);
#15222 = STYLED_ITEM('color',(#15223),#8801);
#15223 = PRESENTATION_STYLE_ASSIGNMENT((#15224));
#15224 = SURFACE_STYLE_USAGE(.BOTH.,#15225);
#15225 = SURFACE_SIDE_STYLE('',(#15226));
#15226 = SURFACE_STYLE_FILL_AREA(#15227);
#15227 = FILL_AREA_STYLE('',(#15228));
#15228 = FILL_AREA_STYLE_COLOUR('',#12643);
#15229 = STYLED_ITEM('color',(#15230),#8818);
#15230 = PRESENTATION_STYLE_ASSIGNMENT((#15231));
#15231 = SURFACE_STYLE_USAGE(.BOTH.,#15232);
#15232 = SURFACE_SIDE_STYLE('',(#15233));
#15233 = SURFACE_STYLE_FILL_AREA(#15234);
#15234 = FILL_AREA_STYLE('',(#15235));
#15235 = FILL_AREA_STYLE_COLOUR('',#12643);
#15236 = STYLED_ITEM('color',(#15237),#8849);
#15237 = PRESENTATION_STYLE_ASSIGNMENT((#15238));
#15238 = SURFACE_STYLE_USAGE(.BOTH.,#15239);
#15239 = SURFACE_SIDE_STYLE('',(#15240));
#15240 = SURFACE_STYLE_FILL_AREA(#15241);
#15241 = FILL_AREA_STYLE('',(#15242));
#15242 = FILL_AREA_STYLE_COLOUR('',#12643);
#15243 = STYLED_ITEM('color',(#15244),#8873);
#15244 = PRESENTATION_STYLE_ASSIGNMENT((#15245));
#15245 = SURFACE_STYLE_USAGE(.BOTH.,#15246);
#15246 = SURFACE_SIDE_STYLE('',(#15247));
#15247 = SURFACE_STYLE_FILL_AREA(#15248);
#15248 = FILL_AREA_STYLE('',(#15249));
#15249 = FILL_AREA_STYLE_COLOUR('',#12643);
#15250 = STYLED_ITEM('color',(#15251),#8897);
#15251 = PRESENTATION_STYLE_ASSIGNMENT((#15252));
#15252 = SURFACE_STYLE_USAGE(.BOTH.,#15253);
#15253 = SURFACE_SIDE_STYLE('',(#15254));
#15254 = SURFACE_STYLE_FILL_AREA(#15255);
#15255 = FILL_AREA_STYLE('',(#15256));
#15256 = FILL_AREA_STYLE_COLOUR('',#12643);
#15257 = STYLED_ITEM('color',(#15258),#8914);
#15258 = PRESENTATION_STYLE_ASSIGNMENT((#15259));
#15259 = SURFACE_STYLE_USAGE(.BOTH.,#15260);
#15260 = SURFACE_SIDE_STYLE('',(#15261));
#15261 = SURFACE_STYLE_FILL_AREA(#15262);
#15262 = FILL_AREA_STYLE('',(#15263));
#15263 = FILL_AREA_STYLE_COLOUR('',#12643);
#15264 = STYLED_ITEM('color',(#15265),#8945);
#15265 = PRESENTATION_STYLE_ASSIGNMENT((#15266));
#15266 = SURFACE_STYLE_USAGE(.BOTH.,#15267);
#15267 = SURFACE_SIDE_STYLE('',(#15268));
#15268 = SURFACE_STYLE_FILL_AREA(#15269);
#15269 = FILL_AREA_STYLE('',(#15270));
#15270 = FILL_AREA_STYLE_COLOUR('',#12643);
#15271 = STYLED_ITEM('color',(#15272),#8969);
#15272 = PRESENTATION_STYLE_ASSIGNMENT((#15273));
#15273 = SURFACE_STYLE_USAGE(.BOTH.,#15274);
#15274 = SURFACE_SIDE_STYLE('',(#15275));
#15275 = SURFACE_STYLE_FILL_AREA(#15276);
#15276 = FILL_AREA_STYLE('',(#15277));
#15277 = FILL_AREA_STYLE_COLOUR('',#12643);
#15278 = STYLED_ITEM('color',(#15279),#8993);
#15279 = PRESENTATION_STYLE_ASSIGNMENT((#15280));
#15280 = SURFACE_STYLE_USAGE(.BOTH.,#15281);
#15281 = SURFACE_SIDE_STYLE('',(#15282));
#15282 = SURFACE_STYLE_FILL_AREA(#15283);
#15283 = FILL_AREA_STYLE('',(#15284));
#15284 = FILL_AREA_STYLE_COLOUR('',#12643);
#15285 = STYLED_ITEM('color',(#15286),#9010);
#15286 = PRESENTATION_STYLE_ASSIGNMENT((#15287));
#15287 = SURFACE_STYLE_USAGE(.BOTH.,#15288);
#15288 = SURFACE_SIDE_STYLE('',(#15289));
#15289 = SURFACE_STYLE_FILL_AREA(#15290);
#15290 = FILL_AREA_STYLE('',(#15291));
#15291 = FILL_AREA_STYLE_COLOUR('',#12643);
#15292 = STYLED_ITEM('color',(#15293),#9041);
#15293 = PRESENTATION_STYLE_ASSIGNMENT((#15294));
#15294 = SURFACE_STYLE_USAGE(.BOTH.,#15295);
#15295 = SURFACE_SIDE_STYLE('',(#15296));
#15296 = SURFACE_STYLE_FILL_AREA(#15297);
#15297 = FILL_AREA_STYLE('',(#15298));
#15298 = FILL_AREA_STYLE_COLOUR('',#12643);
#15299 = STYLED_ITEM('color',(#15300),#9065);
#15300 = PRESENTATION_STYLE_ASSIGNMENT((#15301));
#15301 = SURFACE_STYLE_USAGE(.BOTH.,#15302);
#15302 = SURFACE_SIDE_STYLE('',(#15303));
#15303 = SURFACE_STYLE_FILL_AREA(#15304);
#15304 = FILL_AREA_STYLE('',(#15305));
#15305 = FILL_AREA_STYLE_COLOUR('',#12643);
#15306 = STYLED_ITEM('color',(#15307),#9089);
#15307 = PRESENTATION_STYLE_ASSIGNMENT((#15308));
#15308 = SURFACE_STYLE_USAGE(.BOTH.,#15309);
#15309 = SURFACE_SIDE_STYLE('',(#15310));
#15310 = SURFACE_STYLE_FILL_AREA(#15311);
#15311 = FILL_AREA_STYLE('',(#15312));
#15312 = FILL_AREA_STYLE_COLOUR('',#12643);
#15313 = STYLED_ITEM('color',(#15314),#9106);
#15314 = PRESENTATION_STYLE_ASSIGNMENT((#15315));
#15315 = SURFACE_STYLE_USAGE(.BOTH.,#15316);
#15316 = SURFACE_SIDE_STYLE('',(#15317));
#15317 = SURFACE_STYLE_FILL_AREA(#15318);
#15318 = FILL_AREA_STYLE('',(#15319));
#15319 = FILL_AREA_STYLE_COLOUR('',#12643);
#15320 = STYLED_ITEM('color',(#15321),#9137);
#15321 = PRESENTATION_STYLE_ASSIGNMENT((#15322));
#15322 = SURFACE_STYLE_USAGE(.BOTH.,#15323);
#15323 = SURFACE_SIDE_STYLE('',(#15324));
#15324 = SURFACE_STYLE_FILL_AREA(#15325);
#15325 = FILL_AREA_STYLE('',(#15326));
#15326 = FILL_AREA_STYLE_COLOUR('',#12643);
#15327 = STYLED_ITEM('color',(#15328),#9161);
#15328 = PRESENTATION_STYLE_ASSIGNMENT((#15329));
#15329 = SURFACE_STYLE_USAGE(.BOTH.,#15330);
#15330 = SURFACE_SIDE_STYLE('',(#15331));
#15331 = SURFACE_STYLE_FILL_AREA(#15332);
#15332 = FILL_AREA_STYLE('',(#15333));
#15333 = FILL_AREA_STYLE_COLOUR('',#12643);
#15334 = STYLED_ITEM('color',(#15335),#9185);
#15335 = PRESENTATION_STYLE_ASSIGNMENT((#15336));
#15336 = SURFACE_STYLE_USAGE(.BOTH.,#15337);
#15337 = SURFACE_SIDE_STYLE('',(#15338));
#15338 = SURFACE_STYLE_FILL_AREA(#15339);
#15339 = FILL_AREA_STYLE('',(#15340));
#15340 = FILL_AREA_STYLE_COLOUR('',#12643);
#15341 = STYLED_ITEM('color',(#15342),#9202);
#15342 = PRESENTATION_STYLE_ASSIGNMENT((#15343));
#15343 = SURFACE_STYLE_USAGE(.BOTH.,#15344);
#15344 = SURFACE_SIDE_STYLE('',(#15345));
#15345 = SURFACE_STYLE_FILL_AREA(#15346);
#15346 = FILL_AREA_STYLE('',(#15347));
#15347 = FILL_AREA_STYLE_COLOUR('',#12643);
#15348 = STYLED_ITEM('color',(#15349),#9233);
#15349 = PRESENTATION_STYLE_ASSIGNMENT((#15350));
#15350 = SURFACE_STYLE_USAGE(.BOTH.,#15351);
#15351 = SURFACE_SIDE_STYLE('',(#15352));
#15352 = SURFACE_STYLE_FILL_AREA(#15353);
#15353 = FILL_AREA_STYLE('',(#15354));
#15354 = FILL_AREA_STYLE_COLOUR('',#12643);
#15355 = STYLED_ITEM('color',(#15356),#9257);
#15356 = PRESENTATION_STYLE_ASSIGNMENT((#15357));
#15357 = SURFACE_STYLE_USAGE(.BOTH.,#15358);
#15358 = SURFACE_SIDE_STYLE('',(#15359));
#15359 = SURFACE_STYLE_FILL_AREA(#15360);
#15360 = FILL_AREA_STYLE('',(#15361));
#15361 = FILL_AREA_STYLE_COLOUR('',#12643);
#15362 = STYLED_ITEM('color',(#15363),#9281);
#15363 = PRESENTATION_STYLE_ASSIGNMENT((#15364));
#15364 = SURFACE_STYLE_USAGE(.BOTH.,#15365);
#15365 = SURFACE_SIDE_STYLE('',(#15366));
#15366 = SURFACE_STYLE_FILL_AREA(#15367);
#15367 = FILL_AREA_STYLE('',(#15368));
#15368 = FILL_AREA_STYLE_COLOUR('',#12643);
#15369 = STYLED_ITEM('color',(#15370),#9298);
#15370 = PRESENTATION_STYLE_ASSIGNMENT((#15371));
#15371 = SURFACE_STYLE_USAGE(.BOTH.,#15372);
#15372 = SURFACE_SIDE_STYLE('',(#15373));
#15373 = SURFACE_STYLE_FILL_AREA(#15374);
#15374 = FILL_AREA_STYLE('',(#15375));
#15375 = FILL_AREA_STYLE_COLOUR('',#12643);
#15376 = STYLED_ITEM('color',(#15377),#9329);
#15377 = PRESENTATION_STYLE_ASSIGNMENT((#15378));
#15378 = SURFACE_STYLE_USAGE(.BOTH.,#15379);
#15379 = SURFACE_SIDE_STYLE('',(#15380));
#15380 = SURFACE_STYLE_FILL_AREA(#15381);
#15381 = FILL_AREA_STYLE('',(#15382));
#15382 = FILL_AREA_STYLE_COLOUR('',#12643);
#15383 = STYLED_ITEM('color',(#15384),#9353);
#15384 = PRESENTATION_STYLE_ASSIGNMENT((#15385));
#15385 = SURFACE_STYLE_USAGE(.BOTH.,#15386);
#15386 = SURFACE_SIDE_STYLE('',(#15387));
#15387 = SURFACE_STYLE_FILL_AREA(#15388);
#15388 = FILL_AREA_STYLE('',(#15389));
#15389 = FILL_AREA_STYLE_COLOUR('',#12643);
#15390 = STYLED_ITEM('color',(#15391),#9377);
#15391 = PRESENTATION_STYLE_ASSIGNMENT((#15392));
#15392 = SURFACE_STYLE_USAGE(.BOTH.,#15393);
#15393 = SURFACE_SIDE_STYLE('',(#15394));
#15394 = SURFACE_STYLE_FILL_AREA(#15395);
#15395 = FILL_AREA_STYLE('',(#15396));
#15396 = FILL_AREA_STYLE_COLOUR('',#12643);
#15397 = STYLED_ITEM('color',(#15398),#9394);
#15398 = PRESENTATION_STYLE_ASSIGNMENT((#15399));
#15399 = SURFACE_STYLE_USAGE(.BOTH.,#15400);
#15400 = SURFACE_SIDE_STYLE('',(#15401));
#15401 = SURFACE_STYLE_FILL_AREA(#15402);
#15402 = FILL_AREA_STYLE('',(#15403));
#15403 = FILL_AREA_STYLE_COLOUR('',#12643);
#15404 = STYLED_ITEM('color',(#15405),#9425);
#15405 = PRESENTATION_STYLE_ASSIGNMENT((#15406));
#15406 = SURFACE_STYLE_USAGE(.BOTH.,#15407);
#15407 = SURFACE_SIDE_STYLE('',(#15408));
#15408 = SURFACE_STYLE_FILL_AREA(#15409);
#15409 = FILL_AREA_STYLE('',(#15410));
#15410 = FILL_AREA_STYLE_COLOUR('',#12643);
#15411 = STYLED_ITEM('color',(#15412),#9449);
#15412 = PRESENTATION_STYLE_ASSIGNMENT((#15413));
#15413 = SURFACE_STYLE_USAGE(.BOTH.,#15414);
#15414 = SURFACE_SIDE_STYLE('',(#15415));
#15415 = SURFACE_STYLE_FILL_AREA(#15416);
#15416 = FILL_AREA_STYLE('',(#15417));
#15417 = FILL_AREA_STYLE_COLOUR('',#12643);
#15418 = STYLED_ITEM('color',(#15419),#9473);
#15419 = PRESENTATION_STYLE_ASSIGNMENT((#15420));
#15420 = SURFACE_STYLE_USAGE(.BOTH.,#15421);
#15421 = SURFACE_SIDE_STYLE('',(#15422));
#15422 = SURFACE_STYLE_FILL_AREA(#15423);
#15423 = FILL_AREA_STYLE('',(#15424));
#15424 = FILL_AREA_STYLE_COLOUR('',#12643);
#15425 = STYLED_ITEM('color',(#15426),#9490);
#15426 = PRESENTATION_STYLE_ASSIGNMENT((#15427));
#15427 = SURFACE_STYLE_USAGE(.BOTH.,#15428);
#15428 = SURFACE_SIDE_STYLE('',(#15429));
#15429 = SURFACE_STYLE_FILL_AREA(#15430);
#15430 = FILL_AREA_STYLE('',(#15431));
#15431 = FILL_AREA_STYLE_COLOUR('',#12643);
#15432 = STYLED_ITEM('color',(#15433),#9521);
#15433 = PRESENTATION_STYLE_ASSIGNMENT((#15434));
#15434 = SURFACE_STYLE_USAGE(.BOTH.,#15435);
#15435 = SURFACE_SIDE_STYLE('',(#15436));
#15436 = SURFACE_STYLE_FILL_AREA(#15437);
#15437 = FILL_AREA_STYLE('',(#15438));
#15438 = FILL_AREA_STYLE_COLOUR('',#12643);
#15439 = STYLED_ITEM('color',(#15440),#9545);
#15440 = PRESENTATION_STYLE_ASSIGNMENT((#15441));
#15441 = SURFACE_STYLE_USAGE(.BOTH.,#15442);
#15442 = SURFACE_SIDE_STYLE('',(#15443));
#15443 = SURFACE_STYLE_FILL_AREA(#15444);
#15444 = FILL_AREA_STYLE('',(#15445));
#15445 = FILL_AREA_STYLE_COLOUR('',#12643);
#15446 = STYLED_ITEM('color',(#15447),#9569);
#15447 = PRESENTATION_STYLE_ASSIGNMENT((#15448));
#15448 = SURFACE_STYLE_USAGE(.BOTH.,#15449);
#15449 = SURFACE_SIDE_STYLE('',(#15450));
#15450 = SURFACE_STYLE_FILL_AREA(#15451);
#15451 = FILL_AREA_STYLE('',(#15452));
#15452 = FILL_AREA_STYLE_COLOUR('',#12643);
#15453 = STYLED_ITEM('color',(#15454),#9586);
#15454 = PRESENTATION_STYLE_ASSIGNMENT((#15455));
#15455 = SURFACE_STYLE_USAGE(.BOTH.,#15456);
#15456 = SURFACE_SIDE_STYLE('',(#15457));
#15457 = SURFACE_STYLE_FILL_AREA(#15458);
#15458 = FILL_AREA_STYLE('',(#15459));
#15459 = FILL_AREA_STYLE_COLOUR('',#12643);
#15460 = STYLED_ITEM('color',(#15461),#9617);
#15461 = PRESENTATION_STYLE_ASSIGNMENT((#15462));
#15462 = SURFACE_STYLE_USAGE(.BOTH.,#15463);
#15463 = SURFACE_SIDE_STYLE('',(#15464));
#15464 = SURFACE_STYLE_FILL_AREA(#15465);
#15465 = FILL_AREA_STYLE('',(#15466));
#15466 = FILL_AREA_STYLE_COLOUR('',#12643);
#15467 = STYLED_ITEM('color',(#15468),#9641);
#15468 = PRESENTATION_STYLE_ASSIGNMENT((#15469));
#15469 = SURFACE_STYLE_USAGE(.BOTH.,#15470);
#15470 = SURFACE_SIDE_STYLE('',(#15471));
#15471 = SURFACE_STYLE_FILL_AREA(#15472);
#15472 = FILL_AREA_STYLE('',(#15473));
#15473 = FILL_AREA_STYLE_COLOUR('',#12643);
#15474 = STYLED_ITEM('color',(#15475),#9665);
#15475 = PRESENTATION_STYLE_ASSIGNMENT((#15476));
#15476 = SURFACE_STYLE_USAGE(.BOTH.,#15477);
#15477 = SURFACE_SIDE_STYLE('',(#15478));
#15478 = SURFACE_STYLE_FILL_AREA(#15479);
#15479 = FILL_AREA_STYLE('',(#15480));
#15480 = FILL_AREA_STYLE_COLOUR('',#12643);
#15481 = STYLED_ITEM('color',(#15482),#9682);
#15482 = PRESENTATION_STYLE_ASSIGNMENT((#15483));
#15483 = SURFACE_STYLE_USAGE(.BOTH.,#15484);
#15484 = SURFACE_SIDE_STYLE('',(#15485));
#15485 = SURFACE_STYLE_FILL_AREA(#15486);
#15486 = FILL_AREA_STYLE('',(#15487));
#15487 = FILL_AREA_STYLE_COLOUR('',#12643);
#15488 = STYLED_ITEM('color',(#15489),#9713);
#15489 = PRESENTATION_STYLE_ASSIGNMENT((#15490));
#15490 = SURFACE_STYLE_USAGE(.BOTH.,#15491);
#15491 = SURFACE_SIDE_STYLE('',(#15492));
#15492 = SURFACE_STYLE_FILL_AREA(#15493);
#15493 = FILL_AREA_STYLE('',(#15494));
#15494 = FILL_AREA_STYLE_COLOUR('',#12643);
#15495 = STYLED_ITEM('color',(#15496),#9737);
#15496 = PRESENTATION_STYLE_ASSIGNMENT((#15497));
#15497 = SURFACE_STYLE_USAGE(.BOTH.,#15498);
#15498 = SURFACE_SIDE_STYLE('',(#15499));
#15499 = SURFACE_STYLE_FILL_AREA(#15500);
#15500 = FILL_AREA_STYLE('',(#15501));
#15501 = FILL_AREA_STYLE_COLOUR('',#12643);
#15502 = STYLED_ITEM('color',(#15503),#9761);
#15503 = PRESENTATION_STYLE_ASSIGNMENT((#15504));
#15504 = SURFACE_STYLE_USAGE(.BOTH.,#15505);
#15505 = SURFACE_SIDE_STYLE('',(#15506));
#15506 = SURFACE_STYLE_FILL_AREA(#15507);
#15507 = FILL_AREA_STYLE('',(#15508));
#15508 = FILL_AREA_STYLE_COLOUR('',#12643);
#15509 = STYLED_ITEM('color',(#15510),#9778);
#15510 = PRESENTATION_STYLE_ASSIGNMENT((#15511));
#15511 = SURFACE_STYLE_USAGE(.BOTH.,#15512);
#15512 = SURFACE_SIDE_STYLE('',(#15513));
#15513 = SURFACE_STYLE_FILL_AREA(#15514);
#15514 = FILL_AREA_STYLE('',(#15515));
#15515 = FILL_AREA_STYLE_COLOUR('',#12643);
#15516 = STYLED_ITEM('color',(#15517),#9809);
#15517 = PRESENTATION_STYLE_ASSIGNMENT((#15518));
#15518 = SURFACE_STYLE_USAGE(.BOTH.,#15519);
#15519 = SURFACE_SIDE_STYLE('',(#15520));
#15520 = SURFACE_STYLE_FILL_AREA(#15521);
#15521 = FILL_AREA_STYLE('',(#15522));
#15522 = FILL_AREA_STYLE_COLOUR('',#12643);
#15523 = STYLED_ITEM('color',(#15524),#9833);
#15524 = PRESENTATION_STYLE_ASSIGNMENT((#15525));
#15525 = SURFACE_STYLE_USAGE(.BOTH.,#15526);
#15526 = SURFACE_SIDE_STYLE('',(#15527));
#15527 = SURFACE_STYLE_FILL_AREA(#15528);
#15528 = FILL_AREA_STYLE('',(#15529));
#15529 = FILL_AREA_STYLE_COLOUR('',#12643);
#15530 = STYLED_ITEM('color',(#15531),#9857);
#15531 = PRESENTATION_STYLE_ASSIGNMENT((#15532));
#15532 = SURFACE_STYLE_USAGE(.BOTH.,#15533);
#15533 = SURFACE_SIDE_STYLE('',(#15534));
#15534 = SURFACE_STYLE_FILL_AREA(#15535);
#15535 = FILL_AREA_STYLE('',(#15536));
#15536 = FILL_AREA_STYLE_COLOUR('',#12643);
#15537 = STYLED_ITEM('color',(#15538),#9874);
#15538 = PRESENTATION_STYLE_ASSIGNMENT((#15539));
#15539 = SURFACE_STYLE_USAGE(.BOTH.,#15540);
#15540 = SURFACE_SIDE_STYLE('',(#15541));
#15541 = SURFACE_STYLE_FILL_AREA(#15542);
#15542 = FILL_AREA_STYLE('',(#15543));
#15543 = FILL_AREA_STYLE_COLOUR('',#12643);
#15544 = STYLED_ITEM('color',(#15545),#9905);
#15545 = PRESENTATION_STYLE_ASSIGNMENT((#15546));
#15546 = SURFACE_STYLE_USAGE(.BOTH.,#15547);
#15547 = SURFACE_SIDE_STYLE('',(#15548));
#15548 = SURFACE_STYLE_FILL_AREA(#15549);
#15549 = FILL_AREA_STYLE('',(#15550));
#15550 = FILL_AREA_STYLE_COLOUR('',#12643);
#15551 = STYLED_ITEM('color',(#15552),#9929);
#15552 = PRESENTATION_STYLE_ASSIGNMENT((#15553));
#15553 = SURFACE_STYLE_USAGE(.BOTH.,#15554);
#15554 = SURFACE_SIDE_STYLE('',(#15555));
#15555 = SURFACE_STYLE_FILL_AREA(#15556);
#15556 = FILL_AREA_STYLE('',(#15557));
#15557 = FILL_AREA_STYLE_COLOUR('',#12643);
#15558 = STYLED_ITEM('color',(#15559),#9953);
#15559 = PRESENTATION_STYLE_ASSIGNMENT((#15560));
#15560 = SURFACE_STYLE_USAGE(.BOTH.,#15561);
#15561 = SURFACE_SIDE_STYLE('',(#15562));
#15562 = SURFACE_STYLE_FILL_AREA(#15563);
#15563 = FILL_AREA_STYLE('',(#15564));
#15564 = FILL_AREA_STYLE_COLOUR('',#12643);
#15565 = STYLED_ITEM('color',(#15566),#9970);
#15566 = PRESENTATION_STYLE_ASSIGNMENT((#15567));
#15567 = SURFACE_STYLE_USAGE(.BOTH.,#15568);
#15568 = SURFACE_SIDE_STYLE('',(#15569));
#15569 = SURFACE_STYLE_FILL_AREA(#15570);
#15570 = FILL_AREA_STYLE('',(#15571));
#15571 = FILL_AREA_STYLE_COLOUR('',#12643);
#15572 = STYLED_ITEM('color',(#15573),#9982);
#15573 = PRESENTATION_STYLE_ASSIGNMENT((#15574));
#15574 = SURFACE_STYLE_USAGE(.BOTH.,#15575);
#15575 = SURFACE_SIDE_STYLE('',(#15576));
#15576 = SURFACE_STYLE_FILL_AREA(#15577);
#15577 = FILL_AREA_STYLE('',(#15578));
#15578 = FILL_AREA_STYLE_COLOUR('',#12643);
#15579 = STYLED_ITEM('color',(#15580),#9994);
#15580 = PRESENTATION_STYLE_ASSIGNMENT((#15581));
#15581 = SURFACE_STYLE_USAGE(.BOTH.,#15582);
#15582 = SURFACE_SIDE_STYLE('',(#15583));
#15583 = SURFACE_STYLE_FILL_AREA(#15584);
#15584 = FILL_AREA_STYLE('',(#15585));
#15585 = FILL_AREA_STYLE_COLOUR('',#12643);
#15586 = STYLED_ITEM('color',(#15587),#10006);
#15587 = PRESENTATION_STYLE_ASSIGNMENT((#15588));
#15588 = SURFACE_STYLE_USAGE(.BOTH.,#15589);
#15589 = SURFACE_SIDE_STYLE('',(#15590));
#15590 = SURFACE_STYLE_FILL_AREA(#15591);
#15591 = FILL_AREA_STYLE('',(#15592));
#15592 = FILL_AREA_STYLE_COLOUR('',#12643);
#15593 = STYLED_ITEM('color',(#15594),#10018);
#15594 = PRESENTATION_STYLE_ASSIGNMENT((#15595));
#15595 = SURFACE_STYLE_USAGE(.BOTH.,#15596);
#15596 = SURFACE_SIDE_STYLE('',(#15597));
#15597 = SURFACE_STYLE_FILL_AREA(#15598);
#15598 = FILL_AREA_STYLE('',(#15599));
#15599 = FILL_AREA_STYLE_COLOUR('',#12643);
#15600 = STYLED_ITEM('color',(#15601),#10030);
#15601 = PRESENTATION_STYLE_ASSIGNMENT((#15602));
#15602 = SURFACE_STYLE_USAGE(.BOTH.,#15603);
#15603 = SURFACE_SIDE_STYLE('',(#15604));
#15604 = SURFACE_STYLE_FILL_AREA(#15605);
#15605 = FILL_AREA_STYLE('',(#15606));
#15606 = FILL_AREA_STYLE_COLOUR('',#12643);
#15607 = STYLED_ITEM('color',(#15608),#10042);
#15608 = PRESENTATION_STYLE_ASSIGNMENT((#15609));
#15609 = SURFACE_STYLE_USAGE(.BOTH.,#15610);
#15610 = SURFACE_SIDE_STYLE('',(#15611));
#15611 = SURFACE_STYLE_FILL_AREA(#15612);
#15612 = FILL_AREA_STYLE('',(#15613));
#15613 = FILL_AREA_STYLE_COLOUR('',#12643);
#15614 = STYLED_ITEM('color',(#15615),#10054);
#15615 = PRESENTATION_STYLE_ASSIGNMENT((#15616));
#15616 = SURFACE_STYLE_USAGE(.BOTH.,#15617);
#15617 = SURFACE_SIDE_STYLE('',(#15618));
#15618 = SURFACE_STYLE_FILL_AREA(#15619);
#15619 = FILL_AREA_STYLE('',(#15620));
#15620 = FILL_AREA_STYLE_COLOUR('',#12643);
#15621 = STYLED_ITEM('color',(#15622),#10066);
#15622 = PRESENTATION_STYLE_ASSIGNMENT((#15623));
#15623 = SURFACE_STYLE_USAGE(.BOTH.,#15624);
#15624 = SURFACE_SIDE_STYLE('',(#15625));
#15625 = SURFACE_STYLE_FILL_AREA(#15626);
#15626 = FILL_AREA_STYLE('',(#15627));
#15627 = FILL_AREA_STYLE_COLOUR('',#12643);
#15628 = STYLED_ITEM('color',(#15629),#10078);
#15629 = PRESENTATION_STYLE_ASSIGNMENT((#15630));
#15630 = SURFACE_STYLE_USAGE(.BOTH.,#15631);
#15631 = SURFACE_SIDE_STYLE('',(#15632));
#15632 = SURFACE_STYLE_FILL_AREA(#15633);
#15633 = FILL_AREA_STYLE('',(#15634));
#15634 = FILL_AREA_STYLE_COLOUR('',#12643);
#15635 = STYLED_ITEM('color',(#15636),#10090);
#15636 = PRESENTATION_STYLE_ASSIGNMENT((#15637));
#15637 = SURFACE_STYLE_USAGE(.BOTH.,#15638);
#15638 = SURFACE_SIDE_STYLE('',(#15639));
#15639 = SURFACE_STYLE_FILL_AREA(#15640);
#15640 = FILL_AREA_STYLE('',(#15641));
#15641 = FILL_AREA_STYLE_COLOUR('',#12643);
#15642 = STYLED_ITEM('color',(#15643),#10102);
#15643 = PRESENTATION_STYLE_ASSIGNMENT((#15644));
#15644 = SURFACE_STYLE_USAGE(.BOTH.,#15645);
#15645 = SURFACE_SIDE_STYLE('',(#15646));
#15646 = SURFACE_STYLE_FILL_AREA(#15647);
#15647 = FILL_AREA_STYLE('',(#15648));
#15648 = FILL_AREA_STYLE_COLOUR('',#12643);
ENDSEC;
END-ISO-10303-21;
